{"type":"FeatureCollection","features":[{"type":"Feature","geometry":{"type":"LineString","coordinates":[[27.45904,42.503089],[27.460141,42.500987],[27.464957,42.501891],[27.471891,42.503274],[27.473744,42.504829],[27.471839,42.506603],[27.466666,42.511044],[27.463175,42.514648],[27.4587637,42.5198549],[27.4541933,42.5252688],[27.450894,42.528801],[27.447755,42.532765],[27.445214,42.535505],[27.421869,42.562327],[27.412645,42.572853],[27.387952,42.60068],[27.385257,42.604885],[27.388529,42.607357],[27.393161,42.610711],[27.394012,42.617002],[27.395489,42.622959],[27.3949069,42.6277976],[27.389404,42.6279],[27.3841664,42.6293999]]},"properties":{"line":"3","dir":"0","mode":"bus"}},{"type":"Feature","geometry":{"type":"LineString","coordinates":[[27.38408,42.62934],[27.38405,42.62933],[27.38427,42.62901],[27.38447,42.62862],[27.38465,42.62806],[27.38572,42.62802],[27.38711,42.62795],[27.38884,42.6279],[27.38935,42.6279],[27.38935,42.6279],[27.38943,42.6279],[27.38986,42.62764],[27.39078,42.62711],[27.39096,42.62715],[27.39201,42.62739],[27.39285,42.62759],[27.39345,42.6277],[27.39453,42.62784],[27.39485,42.62771],[27.39515,42.62744],[27.39527,42.62728],[27.39554,42.62667],[27.39589,42.62599],[27.39591,42.62595],[27.39575,42.62497],[27.39554,42.62378],[27.3955,42.62336],[27.39534,42.62227],[27.39522,42.6217],[27.39522,42.6217],[27.39506,42.62064],[27.3949,42.61963],[27.39489,42.61954],[27.3947,42.6191],[27.39446,42.6187],[27.39437,42.61853],[27.39418,42.61814],[27.394,42.61745],[27.39393,42.61711],[27.39392,42.61706],[27.39392,42.61705],[27.39385,42.6167],[27.3935,42.61547],[27.3933,42.61457],[27.39298,42.61323],[27.39281,42.61243],[27.39273,42.61208],[27.39267,42.61189],[27.39265,42.61159],[27.39266,42.61147],[27.39272,42.6113],[27.39285,42.61099],[27.39297,42.61078],[27.39259,42.61053],[27.39269,42.61046],[27.39282,42.61042],[27.3929,42.61042],[27.39301,42.61043],[27.39309,42.61048],[27.39312,42.61055],[27.39311,42.61066],[27.39309,42.61068],[27.39309,42.61069],[27.39297,42.61078],[27.39214,42.6102],[27.39118,42.6095],[27.39033,42.6088],[27.38941,42.60811],[27.38863,42.60753],[27.38863,42.60753],[27.38531,42.60501],[27.3853,42.60501],[27.38444,42.60438],[27.38438,42.60434],[27.38502,42.60366],[27.3851,42.60361],[27.38534,42.60336],[27.38595,42.60269],[27.38691,42.60164],[27.38775,42.60074],[27.38803,42.60044],[27.38803,42.60044],[27.3899,42.59841],[27.39068,42.59754],[27.39154,42.59656],[27.39199,42.59602],[27.39222,42.59568],[27.39228,42.59558],[27.39238,42.59534],[27.39259,42.59483],[27.39286,42.59396],[27.39298,42.59367],[27.3931,42.59336],[27.39335,42.59278],[27.39341,42.59262],[27.39358,42.59217],[27.3937,42.59182],[27.39382,42.59163],[27.39392,42.59148],[27.3941,42.59127],[27.39433,42.59105],[27.39454,42.5909],[27.39483,42.59072],[27.39516,42.59057],[27.39575,42.59038],[27.39653,42.59015],[27.397,42.58996],[27.39746,42.5897],[27.39792,42.58932],[27.39812,42.58919],[27.39844,42.5888],[27.39912,42.58802],[27.40196,42.5848],[27.40413,42.58233],[27.40654,42.57961],[27.41002,42.57561],[27.41136,42.5741],[27.4132,42.57199],[27.41351,42.57164],[27.41351,42.57164],[27.4213,42.56271],[27.42275,42.56104],[27.42275,42.56104],[27.42402,42.55961],[27.42457,42.55895],[27.42531,42.55812],[27.42595,42.55736],[27.42719,42.55594],[27.42894,42.55386],[27.43312,42.54906],[27.43713,42.54447],[27.44436,42.53617],[27.44643,42.53376],[27.44643,42.53376],[27.44898,42.53083],[27.44949,42.53025],[27.45044,42.52916],[27.45108,42.5284],[27.45144,42.52797],[27.45153,42.52786],[27.4516,42.52775],[27.45168,42.52752],[27.45178,42.52727],[27.45177,42.52722],[27.45185,42.52708],[27.45201,42.5269],[27.45241,42.52651],[27.45253,42.52636],[27.45285,42.52606],[27.45362,42.52529],[27.45427,42.52457],[27.45469,42.52413],[27.45469,42.52413],[27.45591,42.5228],[27.45765,42.52077],[27.45865,42.51952],[27.45865,42.51952],[27.4598,42.51802],[27.46018,42.5175],[27.46028,42.51737],[27.46027,42.51734],[27.46026,42.51727],[27.46027,42.51714],[27.46033,42.51702],[27.46043,42.51691],[27.46052,42.51686],[27.46073,42.51679],[27.4609,42.51674],[27.46097,42.51671],[27.46106,42.51664],[27.46167,42.51597],[27.46244,42.51514],[27.4631,42.51445],[27.46308,42.51444],[27.46308,42.51444],[27.46865,42.50951],[27.46865,42.50951],[27.47181,42.5064],[27.47182,42.50641],[27.47347,42.50485],[27.474,42.50434],[27.4742,42.50415],[27.47422,42.50403],[27.47416,42.50373],[27.47334,42.50356],[27.47203,42.50332],[27.47203,42.50332],[27.47029,42.503],[27.4691,42.50272],[27.46902,42.50284],[27.46902,42.50284],[27.46012,42.50107],[27.46012,42.50107],[27.46012,42.50106],[27.45934,42.5009],[27.45902,42.50087],[27.4588,42.50089],[27.45866,42.50095],[27.45846,42.50113],[27.45834,42.50128],[27.45829,42.50136],[27.45815,42.50183],[27.45811,42.50196],[27.458,42.50226],[27.45778,42.50252],[27.45732,42.50316],[27.45728,42.50328]]},"properties":{"line":"3","dir":"1","mode":"bus"}},{"type":"Feature","geometry":{"type":"LineString","coordinates":[[27.45906,42.50309],[27.45914,42.5029],[27.45878,42.50271],[27.45813,42.50235],[27.458,42.50226],[27.45814,42.50187],[27.45829,42.50136],[27.45835,42.50109],[27.45855,42.50088],[27.4586,42.50085],[27.45874,42.50081],[27.45889,42.5008],[27.45922,42.50082],[27.46014,42.501],[27.46014,42.501],[27.46265,42.5015],[27.46387,42.5017],[27.46495,42.5019],[27.46495,42.5019],[27.46721,42.50233],[27.46748,42.50241],[27.46805,42.5025],[27.46866,42.50264],[27.4696,42.50284],[27.47015,42.50297],[27.47044,42.50302],[27.47189,42.50329],[27.47189,42.50329],[27.47334,42.50356],[27.47416,42.50373],[27.47459,42.50379],[27.47478,42.50383],[27.47469,42.5039],[27.47391,42.50465],[27.47373,42.50482],[27.47373,42.50482],[27.47182,42.50659],[27.47091,42.50746],[27.46934,42.50905],[27.46862,42.50973],[27.46789,42.51042],[27.46725,42.51076],[27.46666,42.51103],[27.46666,42.51103],[27.4664,42.51114],[27.46631,42.51122],[27.46577,42.51167],[27.46507,42.51245],[27.46463,42.51298],[27.4642,42.51344],[27.46361,42.51412],[27.46316,42.51464],[27.46316,42.51464],[27.46143,42.51692],[27.46136,42.517],[27.4614,42.51711],[27.46142,42.51726],[27.46165,42.51759],[27.46169,42.51766],[27.46176,42.51776],[27.462,42.51798],[27.46232,42.51829],[27.46289,42.51883],[27.46308,42.51901],[27.46308,42.51901],[27.46533,42.52108],[27.46586,42.52158],[27.46787,42.5235],[27.46811,42.52375],[27.46813,42.52375],[27.46817,42.52374],[27.46827,42.52376],[27.4684,42.52382],[27.46847,42.52391],[27.46849,42.52401],[27.46845,42.5241],[27.46838,42.52416],[27.46838,42.52427],[27.46839,42.52437],[27.46845,42.52469],[27.46843,42.52502],[27.46843,42.52604],[27.4684,42.52613],[27.46841,42.52638],[27.46851,42.52743],[27.4686,42.52826],[27.4686,42.52826],[27.46864,42.52867],[27.46872,42.5291],[27.46898,42.53008],[27.4691,42.53029],[27.46917,42.53046],[27.46926,42.53061],[27.46947,42.53088],[27.46958,42.53096],[27.46967,42.53105],[27.46972,42.53115],[27.46974,42.53126],[27.46973,42.53129],[27.46968,42.53142],[27.46961,42.53151],[27.46955,42.53158],[27.46951,42.53172],[27.46949,42.5319],[27.46949,42.532],[27.46966,42.53241],[27.47017,42.53343],[27.47101,42.53518],[27.47119,42.53556],[27.47137,42.53609],[27.47164,42.53721],[27.47204,42.53887],[27.47246,42.54063],[27.4726,42.54113],[27.47297,42.54229],[27.47359,42.54396],[27.47382,42.54462],[27.47407,42.54548],[27.47456,42.54736],[27.47479,42.54821],[27.475,42.54887],[27.47509,42.54916],[27.4752,42.54937],[27.4755,42.54978],[27.47583,42.5501],[27.47642,42.55057],[27.47651,42.55065],[27.47692,42.55089],[27.47717,42.55102],[27.47755,42.55116],[27.47824,42.55135],[27.47879,42.55145],[27.47945,42.55152],[27.48097,42.55163],[27.48437,42.55189],[27.48608,42.55203],[27.48655,42.55206],[27.48706,42.55207],[27.48732,42.55206],[27.48783,42.55198],[27.48854,42.55177],[27.48906,42.55161],[27.48944,42.55152],[27.48983,42.55151],[27.49019,42.55154],[27.49053,42.55161],[27.49089,42.55175],[27.49123,42.55196],[27.49147,42.55219],[27.49157,42.55234],[27.49171,42.55266],[27.49174,42.55278],[27.49174,42.55312],[27.49166,42.55339],[27.49151,42.55366],[27.49092,42.55467],[27.49085,42.55487],[27.49074,42.55517],[27.49069,42.55544],[27.49063,42.55596],[27.49063,42.55617],[27.49069,42.5566],[27.49076,42.55691],[27.49091,42.55733],[27.49112,42.55773],[27.49418,42.56258],[27.49456,42.56315],[27.49456,42.56315],[27.49608,42.56549],[27.49627,42.56573],[27.49683,42.56658],[27.4977,42.56789],[27.49773,42.56796],[27.49773,42.56796],[27.49781,42.56811],[27.49849,42.56916],[27.49937,42.57051],[27.49938,42.57051],[27.49938,42.57051],[27.50295,42.57591],[27.50455,42.57832],[27.50492,42.57882],[27.50512,42.57907],[27.50625,42.58031],[27.50729,42.58144],[27.50802,42.58219],[27.50807,42.58222],[27.50837,42.58256],[27.50896,42.5832],[27.50946,42.58373],[27.50953,42.5838],[27.50948,42.58386],[27.50906,42.58437],[27.50906,42.58437],[27.50884,42.58462],[27.50819,42.58548],[27.50616,42.58816],[27.50488,42.58988],[27.5041,42.59094],[27.50358,42.59189],[27.50317,42.59268],[27.50232,42.59437],[27.50056,42.59779],[27.4991,42.60067],[27.49842,42.60197],[27.49796,42.60288],[27.49796,42.60288],[27.49737,42.60405],[27.49681,42.60515],[27.49661,42.60548],[27.49598,42.60674],[27.49578,42.60709],[27.49534,42.60785],[27.49504,42.60843],[27.49504,42.60843],[27.49352,42.61128],[27.49298,42.61232],[27.49295,42.61243],[27.49293,42.6126],[27.49293,42.61263],[27.49293,42.61263],[27.49293,42.6127],[27.49295,42.61283],[27.49295,42.61294],[27.49294,42.61307],[27.49292,42.61322],[27.4929,42.61336],[27.49282,42.61332],[27.4927,42.61326],[27.49263,42.61323],[27.4925,42.61319],[27.49203,42.61307],[27.49185,42.61302],[27.49129,42.6129],[27.49073,42.61279],[27.49057,42.61276],[27.49028,42.61272],[27.49014,42.61252],[27.49001,42.61243],[27.48978,42.61224],[27.48961,42.6121],[27.48951,42.61199],[27.48939,42.61192],[27.4893,42.61184],[27.48884,42.61146],[27.48876,42.6114],[27.48834,42.61117],[27.48834,42.61117],[27.48831,42.61115],[27.48807,42.611],[27.48809,42.61108],[27.48812,42.61119],[27.48814,42.61154],[27.48814,42.61155],[27.48808,42.6121],[27.48807,42.61224],[27.48807,42.61232],[27.48806,42.61243],[27.48805,42.61247],[27.48805,42.61252],[27.48799,42.61305],[27.48793,42.61338],[27.4879,42.61353],[27.48788,42.61363],[27.48788,42.61364],[27.48777,42.61414],[27.48776,42.61422],[27.48769,42.61455],[27.48765,42.61472],[27.48762,42.61486],[27.48758,42.61508],[27.4874,42.61511],[27.48694,42.61521],[27.48684,42.61523],[27.48647,42.61538],[27.48632,42.61544],[27.4863,42.61545],[27.48613,42.61557],[27.48582,42.61584],[27.48561,42.61604],[27.48545,42.61618],[27.48492,42.61665],[27.48479,42.61678],[27.48475,42.61684],[27.48473,42.61686],[27.48474,42.61688],[27.48466,42.61776],[27.48465,42.61812],[27.48466,42.61853],[27.48471,42.61907],[27.48486,42.61973],[27.48492,42.62007],[27.48492,42.62007],[27.48502,42.62059],[27.48531,42.6215],[27.48572,42.623],[27.48587,42.62353],[27.48595,42.62379],[27.48601,42.62413],[27.486,42.62428],[27.486,42.62428],[27.48599,42.62435],[27.48595,42.62465],[27.4859,42.62484],[27.48588,42.62494],[27.48587,42.62494],[27.48587,42.62499],[27.48581,42.6253],[27.48573,42.62575],[27.48567,42.62614],[27.48567,42.62618],[27.48567,42.6262],[27.48565,42.62633],[27.48562,42.62669],[27.48561,42.62687],[27.48559,42.62722],[27.48557,42.6276],[27.48559,42.6277],[27.48562,42.62775],[27.48564,42.62775],[27.48567,42.62778],[27.4857,42.62779],[27.48572,42.6278],[27.48574,42.6278],[27.48577,42.62781],[27.48584,42.62781],[27.48592,42.6278],[27.486,42.62779],[27.48636,42.62771],[27.48684,42.62762],[27.48715,42.62757],[27.48793,42.62747],[27.48824,42.62702],[27.48839,42.6268],[27.48851,42.62664]]},"properties":{"line":"6","dir":"0","mode":"bus"}},{"type":"Feature","geometry":{"type":"LineString","coordinates":[[27.48851,42.62664],[27.48871,42.62641],[27.48885,42.6262],[27.48915,42.62543],[27.48961,42.62429],[27.48961,42.62429],[27.4903,42.62259],[27.49055,42.62194],[27.49095,42.62111],[27.49118,42.62052],[27.49133,42.61973],[27.49141,42.6188],[27.49152,42.61808],[27.49158,42.61772],[27.4918,42.61694],[27.49221,42.61574],[27.49264,42.6146],[27.49286,42.61381],[27.49291,42.6135],[27.4929,42.61336],[27.4927,42.61326],[27.4925,42.61319],[27.49185,42.61302],[27.49057,42.61276],[27.49028,42.61272],[27.49014,42.61252],[27.48978,42.61224],[27.48951,42.61199],[27.4893,42.61184],[27.48876,42.6114],[27.48834,42.61117],[27.48834,42.61117],[27.48831,42.61115],[27.48807,42.611],[27.48809,42.61108],[27.48812,42.61119],[27.48814,42.61154],[27.48814,42.61155],[27.48808,42.6121],[27.48807,42.61229],[27.48807,42.61232],[27.4883,42.61236],[27.48836,42.61238],[27.48842,42.61239],[27.48973,42.61263],[27.48979,42.61264],[27.48994,42.61267],[27.49018,42.6127],[27.49019,42.61268],[27.4928,42.61328],[27.49294,42.61299],[27.49295,42.61297],[27.49293,42.6126],[27.49295,42.61243],[27.49298,42.61232],[27.49361,42.61111],[27.49435,42.60972],[27.49503,42.60845],[27.49503,42.60844],[27.49538,42.60777],[27.49591,42.60686],[27.49637,42.60598],[27.49662,42.60547],[27.49689,42.60501],[27.49772,42.60337],[27.49798,42.60283],[27.49798,42.60283],[27.4991,42.60067],[27.50056,42.59779],[27.50232,42.59437],[27.50317,42.59268],[27.50358,42.59189],[27.5041,42.59094],[27.50488,42.58988],[27.50616,42.58816],[27.50819,42.58548],[27.50884,42.58462],[27.50906,42.58437],[27.50918,42.58421],[27.50948,42.58386],[27.50938,42.58376],[27.50807,42.58227],[27.50802,42.58219],[27.50729,42.58144],[27.50535,42.57934],[27.50482,42.5787],[27.50398,42.57747],[27.50315,42.5762],[27.50099,42.57295],[27.50009,42.57158],[27.49968,42.57098],[27.49939,42.57052],[27.49939,42.57052],[27.49876,42.56958],[27.49776,42.56803],[27.49762,42.56789],[27.49748,42.56769],[27.49713,42.56719],[27.49681,42.56669],[27.49681,42.56669],[27.49621,42.56575],[27.49608,42.56549],[27.49576,42.56499],[27.49458,42.56319],[27.49396,42.56224],[27.49396,42.56224],[27.49112,42.55773],[27.49091,42.55733],[27.49076,42.55691],[27.49069,42.5566],[27.49063,42.55617],[27.49063,42.55596],[27.49069,42.55544],[27.49079,42.55489],[27.49118,42.55403],[27.49143,42.55352],[27.49142,42.55335],[27.49135,42.55317],[27.49123,42.55295],[27.49112,42.55283],[27.49098,42.55273],[27.49068,42.55258],[27.49033,42.55245],[27.48976,42.55241],[27.4891,42.55238],[27.48689,42.5522],[27.48343,42.55193],[27.48216,42.55183],[27.48035,42.5517],[27.47887,42.55157],[27.47828,42.55148],[27.47762,42.55131],[27.47739,42.55124],[27.47698,42.55107],[27.4765,42.5508],[27.47597,42.55039],[27.47588,42.55031],[27.47581,42.55029],[27.47566,42.55023],[27.47556,42.55021],[27.47546,42.55021],[27.47537,42.55023],[27.47528,42.55027],[27.47526,42.55031],[27.47528,42.55032],[27.47253,42.54082],[27.47199,42.53874],[27.47128,42.53607],[27.47061,42.53443],[27.46973,42.53263],[27.4695,42.53186],[27.46973,42.53117],[27.46902,42.52992],[27.46855,42.52806],[27.46855,42.52806],[27.46855,42.52777],[27.46846,42.52722],[27.46852,42.52762],[27.46843,42.52594],[27.46834,42.5247],[27.46815,42.52425],[27.46783,42.52407],[27.46785,42.52356],[27.46482,42.52083],[27.46482,42.52083],[27.46265,42.51882],[27.46265,42.51882],[27.46186,42.5181],[27.46087,42.51768],[27.46038,42.5175],[27.4602,42.51704],[27.46089,42.51678],[27.46308,42.51444],[27.46308,42.51444],[27.4631,42.51445],[27.46433,42.51308],[27.46456,42.51285],[27.46495,42.51243],[27.46607,42.51115],[27.46613,42.51114],[27.46638,42.51086],[27.46645,42.5108],[27.46662,42.51072],[27.46684,42.51067],[27.46743,42.51047],[27.46783,42.51027],[27.46804,42.51014],[27.46852,42.50967],[27.46867,42.50952],[27.46867,42.50952],[27.4708,42.50739],[27.47121,42.507],[27.47182,42.50641],[27.47182,42.50641],[27.47347,42.50485],[27.474,42.50434],[27.4742,42.50415],[27.47422,42.50403],[27.47416,42.50373],[27.47334,42.50356],[27.47146,42.50321],[27.47015,42.50297],[27.4691,42.50272],[27.46906,42.50272],[27.46807,42.50251],[27.46754,42.50242],[27.46729,42.50244],[27.46592,42.50218],[27.46264,42.50156],[27.46117,42.50128],[27.46013,42.50106],[27.46012,42.50107],[27.45899,42.50087],[27.45861,42.50099],[27.45836,42.5012],[27.45801,42.50222],[27.45729,42.50328]]},"properties":{"line":"6","dir":"1","mode":"bus"}},{"type":"Feature","geometry":{"type":"LineString","coordinates":[[27.45906,42.50309],[27.45914,42.5029],[27.45878,42.50271],[27.45813,42.50235],[27.458,42.50226],[27.45814,42.50187],[27.45829,42.50136],[27.45835,42.50109],[27.45855,42.50088],[27.4586,42.50085],[27.45874,42.50081],[27.45889,42.5008],[27.45922,42.50082],[27.46014,42.501],[27.46014,42.50099],[27.46496,42.50189],[27.46496,42.50189],[27.46496,42.5019],[27.46506,42.50192],[27.46609,42.50213],[27.46672,42.50224],[27.46721,42.50233],[27.46731,42.50236],[27.46729,42.50244],[27.46726,42.50251],[27.46724,42.50258],[27.46719,42.50274],[27.46714,42.50281],[27.4671,42.50283],[27.46708,42.50285],[27.467,42.50287],[27.46685,42.50294],[27.46659,42.50305],[27.46655,42.50306],[27.46633,42.50316],[27.46635,42.50319],[27.46635,42.50319],[27.46181,42.50525],[27.46181,42.50525],[27.45728,42.50727],[27.45728,42.50727],[27.45417,42.50917],[27.45417,42.50917],[27.44646,42.51238],[27.44645,42.51238],[27.44163,42.51394],[27.44163,42.51394],[27.44027,42.51437],[27.43787,42.51513],[27.43764,42.51536],[27.43783,42.51597],[27.43798,42.51621],[27.4376,42.517],[27.43798,42.51796],[27.43827,42.51847],[27.4386,42.51917],[27.43893,42.51968],[27.43938,42.52017],[27.43965,42.52016],[27.43985,42.52023],[27.43998,42.5204],[27.43995,42.52056],[27.43975,42.5207],[27.4395,42.52069],[27.43934,42.52058],[27.43933,42.52035],[27.43911,42.52011],[27.43889,42.5199],[27.43834,42.51897],[27.43817,42.51902],[27.43804,42.51915],[27.43846,42.51966],[27.43846,42.51966],[27.43845,42.51965],[27.43843,42.51966],[27.43845,42.51968],[27.43847,42.51967],[27.43871,42.52067],[27.43886,42.52082],[27.43926,42.52055],[27.4393,42.52036],[27.4388,42.51974],[27.43832,42.51892],[27.43818,42.51865],[27.43781,42.51796],[27.43756,42.51737],[27.43724,42.517],[27.43702,42.51689],[27.43657,42.51674],[27.43624,42.51653],[27.43595,42.51642],[27.43594,42.51643],[27.43571,42.51633],[27.43562,42.51629],[27.43553,42.51625],[27.43551,42.51624],[27.43547,42.51622],[27.43539,42.5162],[27.43529,42.51615],[27.43526,42.51614],[27.43522,42.51612],[27.43521,42.51612],[27.4352,42.51613],[27.43479,42.51608],[27.43407,42.51626],[27.43331,42.51646],[27.43237,42.51667],[27.43162,42.51685],[27.43162,42.51685],[27.43161,42.51683],[27.42999,42.51728],[27.428,42.51792],[27.42691,42.51828],[27.42647,42.51842],[27.42646,42.51843],[27.42551,42.51876],[27.42534,42.5188],[27.42499,42.51893],[27.42462,42.51905],[27.42421,42.51919],[27.42356,42.5194],[27.42349,42.51942],[27.42281,42.51961],[27.42257,42.51967],[27.42236,42.51971],[27.42184,42.51977],[27.42145,42.51979],[27.42108,42.51979],[27.42098,42.51979],[27.42057,42.51976],[27.42055,42.51975],[27.42024,42.51971],[27.41822,42.51938],[27.4182,42.51937],[27.41813,42.51936],[27.41807,42.51935],[27.41801,42.51934],[27.41763,42.51928],[27.41685,42.51917],[27.41644,42.51914],[27.41624,42.51913],[27.41599,42.51913],[27.41551,42.51915],[27.41513,42.51918],[27.41472,42.51925],[27.41468,42.51926],[27.41463,42.51926],[27.41458,42.51927],[27.41446,42.5193],[27.4144,42.51931],[27.41421,42.51934],[27.41405,42.51939],[27.41381,42.51944],[27.41372,42.51946],[27.41329,42.51958],[27.41286,42.51971],[27.41265,42.51977],[27.41256,42.51979],[27.41011,42.5205],[27.40971,42.52063],[27.40935,42.52072],[27.4091,42.52079],[27.40899,42.52082],[27.40884,42.52085],[27.40844,42.52096],[27.40809,42.52106],[27.40769,42.52117],[27.40768,42.52118],[27.40728,42.52129],[27.40689,42.52142],[27.40665,42.52148],[27.40665,42.52148],[27.40627,42.52157],[27.40576,42.52165],[27.40448,42.52188],[27.40446,42.52188],[27.40343,42.52205],[27.40214,42.52227],[27.40107,42.52244],[27.39885,42.52283],[27.39774,42.52302],[27.39748,42.52304],[27.39717,42.52307],[27.39689,42.52308],[27.39661,42.52309],[27.39621,42.52308],[27.39489,42.52301],[27.39481,42.52301],[27.39271,42.52293],[27.39194,42.52289],[27.38924,42.52277],[27.38829,42.5228],[27.38748,42.52291],[27.38736,42.52265],[27.38722,42.52243],[27.38708,42.52226],[27.38708,42.52226],[27.38701,42.52218],[27.38693,42.5221],[27.38675,42.52197],[27.38629,42.52174],[27.3852,42.52131],[27.38493,42.5212],[27.38475,42.52113],[27.38451,42.52103],[27.38438,42.52098],[27.38415,42.52089],[27.38364,42.52069],[27.38362,42.52068],[27.3836,42.52068],[27.38345,42.52062],[27.38337,42.52058],[27.38295,42.52041],[27.38109,42.51964],[27.381,42.51961],[27.37995,42.51918],[27.37994,42.51918],[27.37869,42.51872],[27.37718,42.51828],[27.37716,42.51834],[27.37716,42.51834],[27.37248,42.5169],[27.37248,42.5169],[27.37203,42.51663],[27.37151,42.51911],[27.37141,42.51941],[27.37113,42.51958],[27.37064,42.51955],[27.36885,42.51989],[27.36703,42.52002],[27.36703,42.52002],[27.36704,42.51998],[27.36179,42.51945],[27.3609,42.51959],[27.36089,42.51959],[27.35988,42.51976],[27.3596,42.51872],[27.35926,42.51743],[27.35922,42.51736],[27.36052,42.51679]]},"properties":{"line":"7","dir":"0","mode":"bus"}},{"type":"Feature","geometry":{"type":"LineString","coordinates":[[27.45906,42.50309],[27.45914,42.5029],[27.45878,42.50271],[27.45813,42.50235],[27.458,42.50226],[27.45814,42.50187],[27.45829,42.50136],[27.45835,42.50109],[27.45855,42.50088],[27.4586,42.50085],[27.45874,42.50081],[27.45889,42.5008],[27.45922,42.50082],[27.46014,42.501],[27.46014,42.501],[27.46265,42.5015],[27.46387,42.5017],[27.46495,42.5019],[27.46496,42.5019],[27.46496,42.5019],[27.46721,42.50233],[27.46731,42.50236],[27.46729,42.50244],[27.46719,42.50274],[27.4671,42.50283],[27.467,42.50287],[27.46633,42.50316],[27.46635,42.50319],[27.46635,42.50319],[27.46181,42.50525],[27.46181,42.50525],[27.4618,42.50523],[27.46157,42.5053],[27.46142,42.50536],[27.45945,42.50626],[27.45907,42.50644],[27.45829,42.50678],[27.45727,42.50726],[27.45726,42.50726],[27.4564,42.50775],[27.456,42.508],[27.45527,42.50847],[27.45414,42.50914],[27.45414,42.50914],[27.45222,42.51031],[27.45101,42.51086],[27.45022,42.51116],[27.44817,42.51184],[27.44646,42.51239],[27.44646,42.51238],[27.44645,42.51238],[27.44163,42.51394],[27.44163,42.51394],[27.44162,42.51392],[27.44139,42.514],[27.44043,42.51429],[27.44012,42.51439],[27.4393,42.51466],[27.43848,42.51493],[27.43791,42.5151],[27.43777,42.51522],[27.43773,42.51526],[27.43768,42.51533],[27.43766,42.51536],[27.43759,42.51548],[27.43763,42.51555],[27.43792,42.51609],[27.43794,42.51616],[27.43794,42.51622],[27.43794,42.5163],[27.43795,42.51632],[27.43795,42.51635],[27.43795,42.51639],[27.43792,42.51644],[27.43788,42.51652],[27.43784,42.51659],[27.43782,42.51662],[27.43779,42.51666],[27.43775,42.51673],[27.43771,42.51678],[27.43767,42.51685],[27.43765,42.51689],[27.43763,42.51692],[27.43761,42.51698],[27.43759,42.51706],[27.43759,42.51711],[27.43758,42.51714],[27.43757,42.51721],[27.43816,42.51833],[27.43825,42.51851],[27.43833,42.51865],[27.43848,42.51894],[27.43881,42.51963],[27.43886,42.51968],[27.4389,42.51975],[27.43894,42.5198],[27.43895,42.51981],[27.43898,42.51985],[27.4391,42.51998],[27.43922,42.52007],[27.43937,42.52017],[27.43949,42.52021],[27.43956,42.52019],[27.4396,42.52019],[27.43963,42.52019],[27.43967,42.52019],[27.43971,42.5202],[27.43974,42.5202],[27.43978,42.52022],[27.43981,42.52023],[27.43984,42.52025],[27.43986,42.52025],[27.43987,42.52026],[27.43988,42.52027],[27.4399,42.52029],[27.43991,42.5203],[27.43992,42.52031],[27.43992,42.52032],[27.43993,42.52034],[27.43994,42.52034],[27.43994,42.52035],[27.43994,42.52036],[27.43994,42.52037],[27.43994,42.52038],[27.43995,42.52039],[27.43994,42.5204],[27.43994,42.52041],[27.43994,42.52042],[27.43994,42.52044],[27.43994,42.52045],[27.43994,42.52046],[27.43994,42.52047],[27.43994,42.52049],[27.43994,42.5205],[27.43994,42.52051],[27.43993,42.52052],[27.43992,42.52054],[27.43991,42.52055],[27.4399,42.52056],[27.43989,42.52057],[27.43988,42.52059],[27.43986,42.5206],[27.43985,42.52061],[27.43981,42.52063],[27.43978,42.52065],[27.43976,42.52066],[27.43973,42.52067],[27.4397,42.52067],[27.43967,42.52068],[27.43964,42.52068],[27.43961,42.52068],[27.43958,42.52068],[27.43955,42.52068],[27.43952,42.52067],[27.43949,42.52066],[27.43947,42.52065],[27.43944,42.52064],[27.43942,42.52063],[27.4394,42.52061],[27.43938,42.5206],[27.43936,42.52058],[27.43935,42.52056],[27.43933,42.52054],[27.43932,42.52052],[27.43931,42.5205],[27.43931,42.52047],[27.4393,42.52044],[27.4393,42.52041],[27.43931,42.52039],[27.43931,42.52036],[27.43932,42.52033],[27.43934,42.52031],[27.43929,42.52026],[27.43905,42.52003],[27.43884,42.51982],[27.43866,42.51956],[27.43848,42.5192],[27.43837,42.51901],[27.43822,42.51901],[27.43819,42.51901],[27.43816,42.51901],[27.43813,42.51903],[27.4381,42.51904],[27.43807,42.51907],[27.43804,42.51911],[27.43803,42.51915],[27.43803,42.5192],[27.43807,42.51921],[27.43809,42.51923],[27.4381,42.51924],[27.4382,42.51937],[27.43844,42.51967],[27.43844,42.51967],[27.43847,42.51971],[27.4385,42.51975],[27.43851,42.51979],[27.43855,42.51992],[27.4386,42.52043],[27.43862,42.52046],[27.43865,42.52057],[27.43872,42.52072],[27.43882,42.52083],[27.43917,42.52064],[27.43918,42.52063],[27.43932,42.52052],[27.43931,42.5205],[27.43931,42.52047],[27.4393,42.52044],[27.4393,42.52041],[27.43931,42.52039],[27.43931,42.52036],[27.43932,42.52033],[27.43934,42.52031],[27.43935,42.52029],[27.43937,42.52027],[27.43939,42.52026],[27.4394,42.52025],[27.43942,42.52024],[27.43945,42.52023],[27.43947,42.52022],[27.43949,42.52021],[27.43956,42.52019],[27.4396,42.52019],[27.43963,42.52019],[27.43967,42.52019],[27.43971,42.5202],[27.43974,42.5202],[27.43978,42.52022],[27.43981,42.52023],[27.43984,42.52025],[27.43986,42.52025],[27.43987,42.52026],[27.43988,42.52027],[27.4399,42.52029],[27.43991,42.5203],[27.43992,42.52031],[27.43992,42.52032],[27.43993,42.52034],[27.43994,42.52034],[27.43994,42.52035],[27.43994,42.52036],[27.43994,42.52037],[27.43994,42.52038],[27.43995,42.52039],[27.43994,42.5204],[27.43994,42.52041],[27.43994,42.52042],[27.43994,42.52044],[27.43994,42.52045],[27.43994,42.52046],[27.43994,42.52047],[27.43994,42.52049],[27.43994,42.5205],[27.43994,42.52051],[27.43993,42.52052],[27.43992,42.52054],[27.43991,42.52055],[27.4399,42.52056],[27.43989,42.52057],[27.43988,42.52059],[27.43986,42.5206],[27.43985,42.52061],[27.43981,42.52063],[27.43978,42.52065],[27.43976,42.52066],[27.43973,42.52067],[27.4397,42.52067],[27.43967,42.52068],[27.43964,42.52068],[27.43961,42.52068],[27.43958,42.52068],[27.43955,42.52068],[27.43952,42.52067],[27.43949,42.52066],[27.43947,42.52065],[27.43944,42.52064],[27.43942,42.52063],[27.4394,42.52061],[27.43938,42.5206],[27.43936,42.52058],[27.43935,42.52056],[27.43933,42.52054],[27.43932,42.52052],[27.43931,42.5205],[27.43931,42.52047],[27.4393,42.52044],[27.4393,42.52041],[27.43931,42.52039],[27.43931,42.52036],[27.43932,42.52033],[27.43934,42.52031],[27.43929,42.52026],[27.43905,42.52003],[27.43884,42.51982],[27.43866,42.51956],[27.43848,42.5192],[27.43837,42.51901],[27.43829,42.51887],[27.43821,42.5187],[27.4382,42.51868],[27.43789,42.51806],[27.43788,42.51805],[27.43738,42.51709],[27.43724,42.51703],[27.43719,42.51699],[27.4371,42.51694],[27.43688,42.51683],[27.43669,42.51675],[27.43657,42.5167],[27.43637,42.51661],[27.436,42.51645],[27.43571,42.51633],[27.43553,42.51625],[27.43551,42.51624],[27.43547,42.51622],[27.43539,42.5162],[27.43529,42.51615],[27.43526,42.51614],[27.43522,42.51612],[27.43516,42.51611],[27.43509,42.5161],[27.435,42.51609],[27.43494,42.51608],[27.43488,42.51608],[27.43476,42.51607],[27.43454,42.51613],[27.4321,42.5167],[27.43161,42.51683],[27.43161,42.51683],[27.42999,42.51728],[27.428,42.51792],[27.42646,42.51843],[27.42551,42.51876],[27.42534,42.5188],[27.42462,42.51905],[27.42356,42.5194],[27.42281,42.51961],[27.42236,42.51971],[27.42145,42.51979],[27.42098,42.51979],[27.42055,42.51975],[27.41822,42.51938],[27.41801,42.51934],[27.41685,42.51917],[27.41624,42.51913],[27.41551,42.51915],[27.41472,42.51925],[27.41446,42.5193],[27.41381,42.51944],[27.41256,42.51979],[27.40971,42.52063],[27.40971,42.52087],[27.40971,42.52087],[27.40971,42.52092],[27.4097,42.52181],[27.40957,42.52395],[27.40931,42.52757],[27.40919,42.5292],[27.40917,42.52939],[27.40917,42.52939],[27.40909,42.53063],[27.40903,42.53207],[27.40894,42.53277],[27.40895,42.53311],[27.40907,42.53311],[27.40907,42.53311],[27.40894,42.53548],[27.40894,42.53548],[27.40889,42.53547],[27.4088,42.53683],[27.40877,42.53788],[27.40882,42.53803],[27.40882,42.53802],[27.40877,42.53788],[27.4088,42.53683],[27.40887,42.53591],[27.40889,42.53537],[27.40889,42.53537],[27.40895,42.53399],[27.40895,42.53329],[27.40894,42.53296],[27.40894,42.53296],[27.40896,42.53261],[27.40903,42.53207],[27.40906,42.53117],[27.40908,42.53083],[27.4091,42.53059],[27.40913,42.53002],[27.40918,42.52927],[27.40909,42.52924],[27.40918,42.52927],[27.40919,42.5292],[27.40931,42.52757],[27.40957,42.52395],[27.4097,42.52181],[27.40971,42.52092],[27.40971,42.52063],[27.40935,42.52072],[27.40899,42.52082],[27.40768,42.52118],[27.40689,42.52142],[27.40666,42.52148],[27.40665,42.52148],[27.40627,42.52157],[27.40576,42.52165],[27.40448,42.52188],[27.40446,42.52188],[27.40343,42.52205],[27.40214,42.52227],[27.40107,42.52244],[27.39885,42.52283],[27.39806,42.52296],[27.39774,42.52302],[27.39748,42.52304],[27.39717,42.52307],[27.39661,42.52309],[27.39621,42.52308],[27.39489,42.52301],[27.39481,42.52301],[27.39271,42.52293],[27.39194,42.52289],[27.38924,42.52277],[27.38829,42.5228],[27.38748,42.52291],[27.38736,42.52265],[27.38722,42.52243],[27.38708,42.52226],[27.38708,42.52226],[27.38693,42.5221],[27.38675,42.52197],[27.38629,42.52174],[27.38493,42.5212],[27.38438,42.52098],[27.3836,42.52068],[27.38109,42.51964],[27.37994,42.51918],[27.37994,42.51918],[27.37869,42.51872],[27.37719,42.51828],[27.37718,42.51828],[27.37532,42.51776],[27.3738,42.51732],[27.37364,42.51724],[27.37254,42.51682],[27.37254,42.51682],[27.37202,42.51664],[27.37199,42.51683],[27.37188,42.51732],[27.37144,42.51933],[27.3714,42.51943],[27.3711,42.51948],[27.36781,42.52005],[27.36704,42.51998],[27.36179,42.51945],[27.36089,42.51959],[27.36089,42.51959],[27.35988,42.51976],[27.3596,42.51872],[27.35926,42.51743],[27.35922,42.51736],[27.36052,42.51679]]},"properties":{"line":"7","dir":"0","mode":"bus"}},{"type":"Feature","geometry":{"type":"LineString","coordinates":[[27.36052,42.51679],[27.36209,42.51615],[27.36233,42.51606],[27.36299,42.51614],[27.36372,42.51618],[27.365,42.51624],[27.36589,42.51629],[27.36767,42.51638],[27.36767,42.51638],[27.3716,42.5166],[27.37202,42.51664],[27.37312,42.51704],[27.37338,42.51714],[27.3739,42.51736],[27.37574,42.51788],[27.37574,42.51788],[27.3775,42.51837],[27.37869,42.51872],[27.37941,42.51898],[27.38083,42.51954],[27.38083,42.51954],[27.38337,42.52058],[27.38364,42.52069],[27.38493,42.5212],[27.38629,42.52174],[27.38675,42.52197],[27.38693,42.5221],[27.38711,42.5223],[27.38729,42.52254],[27.38738,42.52269],[27.38765,42.52277],[27.38811,42.52281],[27.38924,42.52277],[27.39162,42.52288],[27.39163,42.52288],[27.39489,42.52301],[27.39661,42.52309],[27.39748,42.52304],[27.39774,42.52302],[27.39885,42.52283],[27.40214,42.52227],[27.40576,42.52165],[27.40611,42.5216],[27.40612,42.5216],[27.40689,42.52142],[27.40768,42.52118],[27.40904,42.5208],[27.40904,42.5208],[27.40935,42.52072],[27.40971,42.52063],[27.40971,42.52092],[27.4097,42.52127],[27.4097,42.52181],[27.40957,42.52395],[27.40931,42.52757],[27.40919,42.5292],[27.40917,42.52939],[27.40917,42.52939],[27.40909,42.53063],[27.40903,42.53207],[27.40894,42.53277],[27.40895,42.53311],[27.40895,42.53311],[27.40895,42.53394],[27.4089,42.53499],[27.40889,42.53547],[27.40889,42.53547],[27.4088,42.53683],[27.40877,42.53788],[27.40882,42.53803],[27.40882,42.53802],[27.40877,42.53788],[27.4088,42.53683],[27.40887,42.53591],[27.40889,42.53537],[27.40889,42.53537],[27.40895,42.53399],[27.40895,42.53329],[27.40894,42.53296],[27.40894,42.53296],[27.40896,42.53261],[27.40903,42.53207],[27.40906,42.53117],[27.40908,42.53083],[27.4091,42.53059],[27.40913,42.53002],[27.40918,42.52927],[27.40909,42.52924],[27.40918,42.52927],[27.40919,42.5292],[27.40931,42.52757],[27.40957,42.52395],[27.4097,42.52181],[27.40971,42.52105],[27.40971,42.52105],[27.40971,42.52092],[27.40971,42.52063],[27.41011,42.5205],[27.41265,42.51977],[27.41372,42.51946],[27.4144,42.51931],[27.41468,42.51926],[27.41513,42.51918],[27.41599,42.51913],[27.41644,42.51914],[27.41763,42.51928],[27.4182,42.51937],[27.42057,42.51976],[27.42108,42.51979],[27.42184,42.51977],[27.42257,42.51967],[27.42343,42.51944],[27.42344,42.51944],[27.42534,42.5188],[27.42548,42.51872],[27.42641,42.51836],[27.42687,42.51819],[27.42794,42.51781],[27.43014,42.51708],[27.43214,42.51651],[27.43227,42.51648],[27.43227,42.51648],[27.435,42.51581],[27.43514,42.51579],[27.43531,42.51581],[27.43545,42.51585],[27.43571,42.51577],[27.43642,42.51556],[27.43746,42.51523],[27.43763,42.51555],[27.43794,42.51616],[27.43795,42.51632],[27.43795,42.51639],[27.43788,42.51652],[27.43775,42.51673],[27.43763,42.51692],[27.43758,42.51714],[27.43757,42.51721],[27.43816,42.51833],[27.43833,42.51865],[27.43881,42.51963],[27.4389,42.51975],[27.4391,42.51998],[27.43937,42.52017],[27.43949,42.52021],[27.43956,42.52019],[27.43963,42.52019],[27.43971,42.5202],[27.43984,42.52025],[27.43993,42.52034],[27.43994,42.52041],[27.43994,42.52051],[27.43985,42.52061],[27.43973,42.52067],[27.43961,42.52068],[27.43949,42.52066],[27.4394,42.52061],[27.43933,42.52054],[27.4393,42.52044],[27.43932,42.52033],[27.43934,42.52031],[27.43929,42.52026],[27.43884,42.51982],[27.43869,42.51961],[27.43829,42.51887],[27.43788,42.51805],[27.43738,42.51709],[27.43724,42.51703],[27.4371,42.51694],[27.43637,42.51661],[27.43551,42.51624],[27.43539,42.51605],[27.43535,42.51597],[27.43535,42.51588],[27.43571,42.51577],[27.43642,42.51556],[27.43746,42.51523],[27.43848,42.51493],[27.43875,42.51477],[27.43898,42.5146],[27.4391,42.51453],[27.4399,42.51425],[27.44061,42.51394],[27.44109,42.51376],[27.44228,42.51339],[27.44228,42.51339],[27.44364,42.51298],[27.44452,42.51282],[27.44528,42.51262],[27.44529,42.51262],[27.44875,42.51151],[27.45038,42.51099],[27.45133,42.5106],[27.45167,42.51043],[27.45209,42.51016],[27.45256,42.50987],[27.45346,42.50941],[27.45365,42.50929],[27.45595,42.50793],[27.45621,42.50785],[27.4564,42.50775],[27.45688,42.50747],[27.45738,42.50721],[27.45738,42.50721],[27.45829,42.50678],[27.45907,42.50644],[27.45945,42.50626],[27.46142,42.50536],[27.46157,42.5053],[27.46165,42.50522],[27.46183,42.50512],[27.46213,42.50496],[27.46212,42.50493],[27.46213,42.50488],[27.46217,42.50479],[27.46227,42.50472],[27.46235,42.5047],[27.4625,42.50473],[27.46253,42.50474],[27.46292,42.50463],[27.46311,42.50456],[27.46326,42.50453],[27.46361,42.50439],[27.46405,42.50418],[27.4641,42.50416],[27.4641,42.50416],[27.46628,42.50319],[27.467,42.50287],[27.46711,42.50269],[27.46719,42.50242],[27.46615,42.50223],[27.46191,42.50144],[27.46013,42.50106],[27.46013,42.50106],[27.45934,42.5009],[27.45902,42.50087],[27.4588,42.50089],[27.45866,42.50095],[27.45846,42.50113],[27.45834,42.50128],[27.45829,42.50136],[27.45815,42.50183],[27.45811,42.50196],[27.458,42.50226],[27.45778,42.50252],[27.45732,42.50316],[27.45728,42.50328]]},"properties":{"line":"7","dir":"1","mode":"bus"}},{"type":"Feature","geometry":{"type":"LineString","coordinates":[[27.36052,42.51678],[27.36233,42.51607],[27.36311,42.51617],[27.36494,42.51623],[27.36768,42.5163],[27.36768,42.5163],[27.37097,42.5165],[27.37199,42.5166],[27.37345,42.51705],[27.37345,42.51705],[27.37577,42.51782],[27.37577,42.51782],[27.38088,42.51948],[27.38088,42.51948],[27.38724,42.52225],[27.38724,42.52225],[27.39163,42.52283],[27.39163,42.52283],[27.39163,42.52288],[27.39489,42.52301],[27.39661,42.52309],[27.39748,42.52304],[27.39774,42.52302],[27.39885,42.52283],[27.40214,42.52227],[27.40576,42.52165],[27.40611,42.5216],[27.40612,42.5216],[27.40689,42.52142],[27.40768,42.52118],[27.40904,42.5208],[27.40904,42.5208],[27.40975,42.52062],[27.41331,42.51958],[27.41424,42.51934],[27.41515,42.51918],[27.41601,42.51913],[27.41646,42.51914],[27.41764,42.51928],[27.42055,42.51975],[27.42098,42.51979],[27.42145,42.51979],[27.42236,42.51971],[27.42281,42.51961],[27.42343,42.51944],[27.42344,42.51944],[27.42499,42.51893],[27.42534,42.5188],[27.42548,42.51872],[27.42679,42.51822],[27.42772,42.51789],[27.42942,42.51732],[27.43014,42.51708],[27.43108,42.51681],[27.43214,42.51651],[27.43227,42.51648],[27.43228,42.51648],[27.43231,42.51647],[27.43308,42.51629],[27.43405,42.51605],[27.435,42.51581],[27.43506,42.5158],[27.43514,42.51579],[27.43524,42.5158],[27.43527,42.5158],[27.43531,42.51581],[27.43545,42.51585],[27.43571,42.51577],[27.43601,42.51568],[27.43642,42.51556],[27.43668,42.51548],[27.43692,42.51541],[27.43706,42.51536],[27.43746,42.51523],[27.43759,42.51548],[27.43763,42.51555],[27.43792,42.51609],[27.43794,42.51616],[27.43794,42.51622],[27.43794,42.5163],[27.43795,42.51632],[27.43795,42.51635],[27.43795,42.51639],[27.43792,42.51644],[27.43788,42.51652],[27.43784,42.51659],[27.43782,42.51662],[27.43779,42.51666],[27.43775,42.51673],[27.43771,42.51678],[27.43767,42.51685],[27.43765,42.51689],[27.43763,42.51692],[27.43761,42.51698],[27.43759,42.51706],[27.43759,42.51711],[27.43758,42.51714],[27.43757,42.51721],[27.43816,42.51833],[27.43825,42.51851],[27.43833,42.51865],[27.43848,42.51894],[27.43881,42.51963],[27.43886,42.51968],[27.4389,42.51975],[27.43894,42.5198],[27.43895,42.51981],[27.43898,42.51985],[27.4391,42.51998],[27.43922,42.52007],[27.43937,42.52017],[27.43949,42.52021],[27.43956,42.52019],[27.4396,42.52019],[27.43963,42.52019],[27.43967,42.52019],[27.43971,42.5202],[27.43974,42.5202],[27.43978,42.52022],[27.43981,42.52023],[27.43984,42.52025],[27.43986,42.52025],[27.43987,42.52026],[27.43988,42.52027],[27.4399,42.52029],[27.43991,42.5203],[27.43992,42.52031],[27.43992,42.52032],[27.43993,42.52034],[27.43994,42.52034],[27.43994,42.52035],[27.43994,42.52036],[27.43994,42.52037],[27.43994,42.52038],[27.43995,42.52039],[27.43994,42.5204],[27.43994,42.52041],[27.43994,42.52042],[27.43994,42.52044],[27.43994,42.52045],[27.43994,42.52046],[27.43994,42.52047],[27.43994,42.52049],[27.43994,42.5205],[27.43994,42.52051],[27.43993,42.52052],[27.43992,42.52054],[27.43991,42.52055],[27.4399,42.52056],[27.43989,42.52057],[27.43988,42.52059],[27.43986,42.5206],[27.43985,42.52061],[27.43981,42.52063],[27.43978,42.52065],[27.43976,42.52066],[27.43973,42.52067],[27.4397,42.52067],[27.43967,42.52068],[27.43964,42.52068],[27.43961,42.52068],[27.43958,42.52068],[27.43955,42.52068],[27.43952,42.52067],[27.43949,42.52066],[27.43947,42.52065],[27.43944,42.52064],[27.43942,42.52063],[27.4394,42.52061],[27.43938,42.5206],[27.43936,42.52058],[27.43935,42.52056],[27.43933,42.52054],[27.43932,42.52052],[27.43931,42.5205],[27.43931,42.52047],[27.4393,42.52044],[27.4393,42.52041],[27.43931,42.52039],[27.43931,42.52036],[27.43932,42.52033],[27.43934,42.52031],[27.43929,42.52026],[27.43905,42.52003],[27.43884,42.51982],[27.43869,42.5196],[27.43862,42.51963],[27.43738,42.51704],[27.43706,42.51692],[27.43656,42.51668],[27.43617,42.51652],[27.43564,42.51621],[27.43537,42.51588],[27.43745,42.51522],[27.43795,42.51508],[27.43855,42.51489],[27.43905,42.51458],[27.44048,42.51401],[27.44226,42.51334],[27.44226,42.51334],[27.44525,42.51255],[27.44525,42.51255],[27.44529,42.51261],[27.44678,42.51214],[27.45016,42.51107],[27.45133,42.5106],[27.45173,42.5104],[27.4522,42.51009],[27.45256,42.50987],[27.45282,42.50974],[27.45365,42.50929],[27.45359,42.50924],[27.45359,42.50924],[27.45737,42.50719],[27.45737,42.50719],[27.46409,42.50415],[27.46409,42.50415],[27.4641,42.50416],[27.46628,42.50319],[27.467,42.50287],[27.46711,42.50269],[27.46719,42.50242],[27.46615,42.50223],[27.46615,42.50224],[27.46615,42.50224],[27.46012,42.50107],[27.46012,42.50107],[27.46012,42.50106],[27.45934,42.5009],[27.45902,42.50087],[27.4588,42.50089],[27.45866,42.50095],[27.45846,42.50113],[27.45834,42.50128],[27.45829,42.50136],[27.45815,42.50183],[27.45811,42.50196],[27.458,42.50226],[27.45778,42.50252],[27.45732,42.50316],[27.45728,42.50328]]},"properties":{"line":"7","dir":"1","mode":"bus"}},{"type":"Feature","geometry":{"type":"LineString","coordinates":[[27.45906,42.50309],[27.45914,42.5029],[27.45878,42.50271],[27.45829,42.50245],[27.45813,42.50235],[27.45811,42.50234],[27.458,42.50226],[27.45811,42.50196],[27.45814,42.50187],[27.45815,42.50183],[27.45829,42.50136],[27.4583,42.50127],[27.45835,42.50109],[27.45843,42.50099],[27.45855,42.50088],[27.45857,42.50087],[27.4586,42.50085],[27.45867,42.50083],[27.45874,42.50081],[27.45881,42.50081],[27.45889,42.5008],[27.45895,42.5008],[27.45903,42.5008],[27.45909,42.50081],[27.45922,42.50082],[27.45984,42.50094],[27.46014,42.501],[27.46014,42.50099],[27.46496,42.50189],[27.46496,42.50189],[27.46496,42.5019],[27.46506,42.50192],[27.46609,42.50213],[27.46672,42.50224],[27.46721,42.50233],[27.46731,42.50236],[27.46729,42.50244],[27.46727,42.50249],[27.46724,42.50258],[27.46719,42.50274],[27.46714,42.50281],[27.4671,42.50283],[27.46708,42.50285],[27.467,42.50287],[27.46685,42.50294],[27.46659,42.50305],[27.46655,42.50306],[27.46633,42.50316],[27.46632,42.50316],[27.46628,42.50319],[27.4656,42.50349],[27.46549,42.50354],[27.46539,42.50359],[27.46526,42.50365],[27.46516,42.50368],[27.46448,42.50399],[27.46427,42.50409],[27.46405,42.50418],[27.46368,42.50435],[27.46367,42.50436],[27.46361,42.50439],[27.4634,42.50447],[27.46326,42.50453],[27.46315,42.50463],[27.46309,42.50465],[27.46307,42.5047],[27.46305,42.50472],[27.46301,42.50473],[27.46289,42.50479],[27.46282,42.50482],[27.46277,42.50485],[27.46274,42.50488],[27.46274,42.50489],[27.46273,42.50491],[27.4627,42.50494],[27.46269,42.50498],[27.46269,42.50503],[27.46269,42.50506],[27.46269,42.50508],[27.46271,42.50513],[27.46272,42.50516],[27.46272,42.5052],[27.4627,42.50526],[27.46274,42.50538],[27.46276,42.50544],[27.46278,42.5055],[27.46281,42.50564],[27.46281,42.50565],[27.46286,42.50584],[27.46285,42.506],[27.46319,42.50739],[27.4633,42.50779],[27.46333,42.50784],[27.4636,42.50881],[27.46379,42.50953],[27.46369,42.50964],[27.46359,42.50969],[27.46325,42.50983],[27.46165,42.51047],[27.46022,42.51115],[27.45937,42.51155],[27.45937,42.51155],[27.45763,42.51238],[27.45683,42.51275],[27.45682,42.51275],[27.45682,42.51275],[27.45293,42.51456],[27.45293,42.51456],[27.44938,42.51615],[27.44937,42.51614],[27.44802,42.51677],[27.44696,42.51723],[27.44668,42.51738],[27.44545,42.51793],[27.44543,42.51794],[27.44366,42.51876],[27.44256,42.51928],[27.44209,42.51951],[27.4421,42.51952],[27.4421,42.51952],[27.44038,42.52032],[27.4398,42.52069],[27.43947,42.52068],[27.43933,42.52053],[27.4392,42.5202],[27.43829,42.51897],[27.43802,42.51909],[27.43846,42.51966],[27.43846,42.51966],[27.43844,42.51967],[27.43877,42.52083],[27.43924,42.52058],[27.43935,42.52025],[27.43736,42.51711],[27.43502,42.516],[27.43161,42.51683],[27.43162,42.51685],[27.43162,42.51685],[27.4236,42.51947],[27.4236,42.51947],[27.42356,42.5194],[27.42281,42.51961],[27.42236,42.51971],[27.42145,42.51979],[27.42098,42.51979],[27.42055,42.51975],[27.41822,42.51938],[27.41801,42.51934],[27.41685,42.51917],[27.41624,42.51913],[27.41551,42.51915],[27.41472,42.51925],[27.41446,42.5193],[27.41381,42.51944],[27.41256,42.51979],[27.40971,42.52063],[27.40971,42.52087],[27.40971,42.52087],[27.40971,42.52092],[27.4097,42.52181],[27.40957,42.52395],[27.40931,42.52757],[27.40919,42.5292],[27.40917,42.52939],[27.40917,42.52939],[27.40907,42.53311],[27.40907,42.53311],[27.40894,42.53548],[27.40894,42.53548],[27.40875,42.53804]]},"properties":{"line":"7А","dir":"0","mode":"bus"}},{"type":"Feature","geometry":{"type":"LineString","coordinates":[[27.40875,42.53804],[27.40881,42.53537],[27.40881,42.53537],[27.40895,42.53297],[27.40895,42.53296],[27.40905,42.52931],[27.40905,42.52931],[27.40968,42.52105],[27.40968,42.52105],[27.4234,42.51936],[27.4234,42.51936],[27.42343,42.51944],[27.42534,42.5188],[27.42548,42.51872],[27.42641,42.51836],[27.42687,42.51819],[27.42794,42.51781],[27.43014,42.51708],[27.43214,42.51651],[27.43227,42.51648],[27.43227,42.51648],[27.435,42.51581],[27.43514,42.51579],[27.43531,42.51581],[27.43545,42.51585],[27.43571,42.51577],[27.43642,42.51556],[27.43746,42.51523],[27.43763,42.51555],[27.43794,42.51616],[27.43795,42.51632],[27.43795,42.51639],[27.43788,42.51652],[27.43775,42.51673],[27.43763,42.51692],[27.43758,42.51714],[27.43757,42.51721],[27.43816,42.51833],[27.43833,42.51865],[27.43881,42.51963],[27.4389,42.51975],[27.4391,42.51998],[27.43937,42.52017],[27.43949,42.52021],[27.43956,42.52019],[27.43963,42.52019],[27.43971,42.5202],[27.43984,42.52025],[27.43993,42.52034],[27.43994,42.52041],[27.43994,42.52051],[27.43985,42.52061],[27.43973,42.52067],[27.43961,42.52068],[27.43949,42.52066],[27.4394,42.52061],[27.43933,42.52054],[27.4393,42.52044],[27.43932,42.52033],[27.43934,42.52031],[27.43929,42.52026],[27.43884,42.51982],[27.43869,42.51961],[27.43869,42.51961],[27.43866,42.51956],[27.43848,42.5192],[27.43837,42.51901],[27.43822,42.51901],[27.43819,42.51901],[27.43816,42.51901],[27.43813,42.51903],[27.4381,42.51904],[27.43807,42.51907],[27.43804,42.51911],[27.43803,42.51915],[27.43803,42.5192],[27.43807,42.51921],[27.43809,42.51923],[27.4381,42.51924],[27.43828,42.51947],[27.43847,42.51971],[27.4385,42.51975],[27.43851,42.51979],[27.43855,42.51992],[27.43858,42.52019],[27.4386,42.52043],[27.43862,42.52046],[27.43865,42.52057],[27.43872,42.52072],[27.43882,42.52083],[27.43917,42.52064],[27.43918,42.52063],[27.43932,42.52052],[27.43931,42.5205],[27.43931,42.52047],[27.4393,42.52044],[27.4393,42.52041],[27.43931,42.52039],[27.43931,42.52036],[27.43932,42.52033],[27.43934,42.52031],[27.43935,42.52029],[27.43937,42.52027],[27.43939,42.52026],[27.4394,42.52025],[27.43942,42.52024],[27.43945,42.52023],[27.43947,42.52022],[27.43949,42.52021],[27.43956,42.52019],[27.4396,42.52019],[27.43963,42.52019],[27.43967,42.52019],[27.43971,42.5202],[27.43974,42.5202],[27.43978,42.52022],[27.43981,42.52023],[27.43984,42.52025],[27.4399,42.52024],[27.44151,42.51956],[27.44238,42.51924],[27.44263,42.51914],[27.44263,42.51914],[27.44331,42.51884],[27.44402,42.51851],[27.44564,42.51776],[27.44563,42.51774],[27.44563,42.51774],[27.45062,42.51544],[27.45062,42.51544],[27.45188,42.51491],[27.454,42.51397],[27.45452,42.51373],[27.45452,42.51373],[27.45694,42.51261],[27.4574,42.51241],[27.45759,42.5123],[27.45924,42.51152],[27.45924,42.51152],[27.46116,42.51062],[27.46257,42.51001],[27.46368,42.50956],[27.46349,42.50882],[27.46336,42.50828],[27.46328,42.50785],[27.46328,42.5078],[27.4632,42.50743],[27.46299,42.50657],[27.46285,42.506],[27.46278,42.50588],[27.46267,42.50553],[27.46261,42.50537],[27.46258,42.50526],[27.46254,42.5052],[27.46248,42.50515],[27.46238,42.50512],[27.46234,42.50512],[27.46227,42.5051],[27.46221,42.50508],[27.46216,42.50502],[27.46213,42.50496],[27.46213,42.50486],[27.46219,42.50477],[27.46229,42.50472],[27.46245,42.50471],[27.46251,42.50473],[27.46254,42.50475],[27.46311,42.50456],[27.46326,42.50453],[27.4634,42.50447],[27.46361,42.50439],[27.4641,42.50416],[27.46628,42.50319],[27.467,42.50287],[27.46711,42.50269],[27.46719,42.50242],[27.46615,42.50223],[27.46615,42.50224],[27.46615,42.50224],[27.46012,42.50107],[27.46012,42.50107],[27.46012,42.50106],[27.45934,42.5009],[27.45902,42.50087],[27.4588,42.50089],[27.45866,42.50095],[27.45846,42.50113],[27.45834,42.50128],[27.45829,42.50136],[27.45815,42.50183],[27.45811,42.50196],[27.458,42.50226],[27.45778,42.50252],[27.45732,42.50316],[27.45728,42.50328]]},"properties":{"line":"7А","dir":"1","mode":"bus"}},{"type":"Feature","geometry":{"type":"LineString","coordinates":[[27.45906,42.50309],[27.45914,42.5029],[27.45878,42.50271],[27.45813,42.50235],[27.458,42.50226],[27.45814,42.50187],[27.45829,42.50136],[27.45835,42.50109],[27.45855,42.50088],[27.4586,42.50085],[27.45874,42.50081],[27.45889,42.5008],[27.45922,42.50082],[27.46014,42.501],[27.46014,42.501],[27.46265,42.5015],[27.46387,42.5017],[27.46495,42.5019],[27.46496,42.5019],[27.46496,42.5019],[27.46506,42.50192],[27.46609,42.50213],[27.46672,42.50224],[27.46721,42.50233],[27.46731,42.50236],[27.46729,42.50244],[27.46727,42.50248],[27.46724,42.50258],[27.46719,42.50274],[27.46714,42.50281],[27.4671,42.50283],[27.46708,42.50285],[27.467,42.50287],[27.46685,42.50294],[27.46659,42.50305],[27.46655,42.50306],[27.46633,42.50316],[27.46632,42.50316],[27.46628,42.50319],[27.4656,42.50349],[27.46549,42.50354],[27.46539,42.50359],[27.46526,42.50365],[27.46516,42.50368],[27.46448,42.50399],[27.46427,42.50409],[27.46405,42.50418],[27.46368,42.50435],[27.46367,42.50436],[27.46361,42.50439],[27.4634,42.50447],[27.46326,42.50453],[27.46315,42.50463],[27.46309,42.50465],[27.46307,42.5047],[27.46305,42.50472],[27.46301,42.50473],[27.46289,42.50479],[27.46282,42.50482],[27.46277,42.50485],[27.46275,42.50487],[27.46274,42.50488],[27.46274,42.50489],[27.46273,42.50491],[27.4627,42.50494],[27.46269,42.50498],[27.46269,42.50503],[27.46269,42.50506],[27.46269,42.50508],[27.46271,42.50513],[27.46272,42.50516],[27.46272,42.5052],[27.4627,42.50526],[27.46274,42.50538],[27.46276,42.50544],[27.46278,42.5055],[27.46281,42.50565],[27.46281,42.50564],[27.46281,42.50564],[27.46286,42.50584],[27.46285,42.506],[27.46319,42.50739],[27.4633,42.50779],[27.46333,42.50784],[27.4636,42.50881],[27.46379,42.50953],[27.46369,42.50964],[27.46359,42.50969],[27.46325,42.50983],[27.46165,42.51047],[27.46022,42.51115],[27.45937,42.51155],[27.45937,42.51155],[27.45763,42.51238],[27.45683,42.51275],[27.45683,42.51275],[27.45292,42.51455],[27.45292,42.51455],[27.45058,42.51561],[27.44981,42.51595],[27.44937,42.51614],[27.44937,42.51614],[27.44802,42.51677],[27.44696,42.51723],[27.44668,42.51738],[27.44545,42.51793],[27.44543,42.51794],[27.44366,42.51876],[27.44256,42.51928],[27.44209,42.51951],[27.44209,42.51951],[27.4416,42.51975],[27.44121,42.51983],[27.44099,42.51989],[27.4408,42.51995],[27.44068,42.52],[27.44037,42.52013],[27.43993,42.52034],[27.43994,42.52034],[27.43994,42.52035],[27.43994,42.52036],[27.43994,42.52037],[27.43994,42.52038],[27.43995,42.52039],[27.43994,42.5204],[27.43994,42.52041],[27.43994,42.52042],[27.43994,42.52044],[27.43994,42.52045],[27.43994,42.52046],[27.43994,42.52047],[27.43994,42.52049],[27.43994,42.5205],[27.43994,42.52051],[27.43993,42.52052],[27.43992,42.52054],[27.43991,42.52055],[27.4399,42.52056],[27.43989,42.52057],[27.43988,42.52059],[27.43986,42.5206],[27.43985,42.52061],[27.43981,42.52063],[27.43978,42.52065],[27.43976,42.52066],[27.43973,42.52067],[27.4397,42.52067],[27.43969,42.52068],[27.43967,42.52068],[27.43964,42.52068],[27.43961,42.52068],[27.43958,42.52068],[27.43955,42.52068],[27.43952,42.52067],[27.43949,42.52066],[27.43947,42.52065],[27.43944,42.52064],[27.43942,42.52063],[27.4394,42.52061],[27.43938,42.5206],[27.43936,42.52058],[27.43935,42.52056],[27.43933,42.52054],[27.43932,42.52052],[27.43931,42.5205],[27.43931,42.52047],[27.4393,42.52044],[27.4393,42.52041],[27.43931,42.52039],[27.43931,42.52036],[27.43932,42.52033],[27.43934,42.52031],[27.43929,42.52026],[27.43905,42.52003],[27.43884,42.51982],[27.43866,42.51956],[27.43848,42.5192],[27.43837,42.51901],[27.43822,42.51901],[27.43819,42.51901],[27.43816,42.51901],[27.43813,42.51903],[27.4381,42.51904],[27.43807,42.51907],[27.43804,42.51911],[27.43803,42.51915],[27.43803,42.5192],[27.43807,42.51921],[27.43809,42.51923],[27.4381,42.51924],[27.43827,42.51945],[27.43844,42.51967],[27.43844,42.51967],[27.43847,42.51971],[27.4385,42.51975],[27.43851,42.51979],[27.43855,42.51992],[27.4386,42.52043],[27.43862,42.52046],[27.43865,42.52057],[27.43872,42.52072],[27.43882,42.52083],[27.43917,42.52064],[27.43923,42.52053],[27.43927,42.52046],[27.43929,42.52039],[27.43929,42.52026],[27.43905,42.52003],[27.43884,42.51982],[27.43882,42.5198],[27.43866,42.51956],[27.43848,42.5192],[27.43837,42.51901],[27.43829,42.51887],[27.43821,42.5187],[27.4382,42.51868],[27.43789,42.51806],[27.43788,42.51805],[27.43738,42.51709],[27.43693,42.51627],[27.43687,42.51617],[27.43677,42.51599],[27.43665,42.51576],[27.43659,42.51565],[27.43652,42.51552],[27.4365,42.51548],[27.43645,42.5154],[27.43623,42.51501],[27.43617,42.5149],[27.43599,42.51457],[27.43598,42.51455],[27.4359,42.5144],[27.43582,42.51423],[27.43574,42.51408],[27.43573,42.51406],[27.43565,42.51389],[27.43542,42.5134],[27.43522,42.51299],[27.43513,42.51295],[27.43509,42.51291],[27.43505,42.51285],[27.435,42.51279],[27.4349,42.51269],[27.43481,42.5126],[27.43478,42.51257],[27.4347,42.51251],[27.43461,42.51245],[27.4346,42.51245],[27.43452,42.51238],[27.43445,42.51232],[27.43443,42.51232],[27.43434,42.51225],[27.43424,42.5122],[27.4341,42.51213],[27.43404,42.5121],[27.43396,42.51206],[27.43387,42.51202],[27.43383,42.51201],[27.43375,42.51197],[27.43363,42.51193],[27.4334,42.51186],[27.43339,42.51186],[27.43323,42.51182],[27.43318,42.51181],[27.43316,42.51181],[27.43307,42.51179],[27.43292,42.51177],[27.4329,42.51177],[27.43266,42.51175],[27.43259,42.51175],[27.43247,42.51172],[27.43242,42.51169],[27.4321,42.51169],[27.43175,42.5117],[27.43075,42.51175],[27.4305,42.51176],[27.43038,42.51177],[27.42971,42.5118],[27.42969,42.51179],[27.42957,42.51175],[27.42819,42.51178],[27.42818,42.51178],[27.42569,42.51184],[27.42237,42.51191],[27.42134,42.51192],[27.41914,42.51199],[27.41643,42.51205],[27.41521,42.51208],[27.41521,42.51214],[27.41521,42.51214],[27.41521,42.51208],[27.41411,42.51211],[27.40862,42.51224],[27.40846,42.51227],[27.40836,42.51231],[27.40824,42.51242],[27.40819,42.51257],[27.40819,42.51268],[27.40822,42.51281],[27.40837,42.51314],[27.40928,42.51499],[27.40969,42.51593],[27.40977,42.51615],[27.40984,42.51643],[27.40991,42.51665],[27.41051,42.51792],[27.41065,42.51827],[27.41064,42.51841],[27.41057,42.51852],[27.41039,42.51869],[27.41016,42.51886],[27.40975,42.51905],[27.40926,42.51918],[27.40904,42.51923],[27.40813,42.51929],[27.40788,42.51934],[27.40763,42.51944],[27.40743,42.51957],[27.40721,42.51979],[27.40732,42.5201],[27.40742,42.52056],[27.40751,42.52081],[27.40768,42.52092],[27.40781,42.52099],[27.40796,42.52103],[27.40809,42.52106],[27.40884,42.52085],[27.40935,42.52072],[27.40971,42.52063],[27.40971,42.52087],[27.40971,42.52087],[27.40971,42.52092],[27.4097,42.52181],[27.40957,42.52395],[27.40931,42.52757],[27.40919,42.5292],[27.40917,42.52939],[27.40917,42.52939],[27.40909,42.53063],[27.40903,42.53207],[27.40894,42.53277],[27.40895,42.53311],[27.40895,42.53311],[27.40895,42.53394],[27.4089,42.53499],[27.40889,42.53547],[27.40889,42.53547],[27.4088,42.53683],[27.40877,42.53788],[27.40882,42.53802]]},"properties":{"line":"7А1","dir":"Лозово, Роза","mode":"bus"}},{"type":"Feature","geometry":{"type":"LineString","coordinates":[[27.40882,42.53802],[27.40877,42.53788],[27.4088,42.53683],[27.40887,42.53591],[27.40889,42.53537],[27.40889,42.53537],[27.40895,42.53399],[27.40895,42.53329],[27.40894,42.53296],[27.40894,42.53296],[27.40896,42.53261],[27.40903,42.53207],[27.40906,42.53117],[27.40908,42.53083],[27.4091,42.53059],[27.40913,42.53002],[27.40918,42.52927],[27.40909,42.52924],[27.40918,42.52927],[27.40919,42.5292],[27.40931,42.52757],[27.40957,42.52395],[27.4097,42.52181],[27.40971,42.52092],[27.40971,42.52063],[27.40935,42.52072],[27.40884,42.52085],[27.40769,42.52117],[27.40751,42.52081],[27.40742,42.52056],[27.40732,42.5201],[27.40721,42.51979],[27.40731,42.51969],[27.40736,42.51963],[27.40753,42.51949],[27.40776,42.51938],[27.40799,42.51931],[27.40904,42.51923],[27.40952,42.51911],[27.4098,42.51903],[27.41016,42.51886],[27.41039,42.51869],[27.41057,42.51852],[27.41064,42.51841],[27.41065,42.51827],[27.41009,42.51701],[27.40986,42.51653],[27.40977,42.51615],[27.40971,42.51597],[27.40971,42.51597],[27.40963,42.51576],[27.40928,42.51499],[27.40837,42.51314],[27.40822,42.51281],[27.40819,42.51268],[27.40819,42.51257],[27.40824,42.51242],[27.40836,42.51231],[27.40846,42.51227],[27.40862,42.51224],[27.41411,42.51211],[27.41536,42.51207],[27.42011,42.51196],[27.42143,42.51192],[27.42322,42.5119],[27.42569,42.51184],[27.42819,42.51178],[27.42819,42.51178],[27.42957,42.51175],[27.4297,42.51171],[27.43037,42.51165],[27.43249,42.5116],[27.43301,42.51158],[27.43347,42.51159],[27.43378,42.51163],[27.43414,42.51171],[27.43417,42.51168],[27.4343,42.51162],[27.43447,42.5116],[27.43468,42.51162],[27.43491,42.51163],[27.43517,42.51161],[27.43542,42.51156],[27.4356,42.51149],[27.43579,42.5115],[27.43588,42.51153],[27.43593,42.51158],[27.43599,42.51167],[27.43601,42.51175],[27.43598,42.51184],[27.43588,42.51192],[27.43582,42.51194],[27.43574,42.51205],[27.43564,42.51216],[27.43549,42.51233],[27.43543,42.51245],[27.43539,42.51256],[27.43535,42.51274],[27.43536,42.51297],[27.43542,42.51316],[27.43565,42.5136],[27.43617,42.51451],[27.43629,42.51474],[27.43663,42.51534],[27.43713,42.51637],[27.43833,42.51865],[27.43881,42.51963],[27.4389,42.51975],[27.4391,42.51998],[27.43937,42.52017],[27.43949,42.52021],[27.43956,42.52019],[27.43963,42.52019],[27.43971,42.5202],[27.43984,42.52025],[27.43993,42.52034],[27.43994,42.52041],[27.43994,42.52051],[27.43985,42.52061],[27.43973,42.52067],[27.43961,42.52068],[27.43949,42.52066],[27.4394,42.52061],[27.43933,42.52054],[27.4393,42.52044],[27.43932,42.52033],[27.43934,42.52031],[27.43929,42.52026],[27.43884,42.51982],[27.43869,42.51961],[27.43869,42.51961],[27.43866,42.51956],[27.43848,42.5192],[27.43837,42.51901],[27.43822,42.51901],[27.43819,42.51901],[27.43816,42.51901],[27.43813,42.51903],[27.4381,42.51904],[27.43807,42.51907],[27.43805,42.5191],[27.43804,42.51911],[27.43803,42.51915],[27.43803,42.5192],[27.43807,42.51921],[27.43809,42.51923],[27.4381,42.51924],[27.43825,42.51943],[27.43847,42.51971],[27.4385,42.51975],[27.43851,42.51979],[27.43853,42.51986],[27.43855,42.51992],[27.4386,42.52043],[27.43862,42.52046],[27.43865,42.52057],[27.43872,42.52072],[27.43882,42.52083],[27.43917,42.52064],[27.43918,42.52063],[27.43932,42.52052],[27.43931,42.5205],[27.43931,42.52047],[27.4393,42.52044],[27.4393,42.52041],[27.43931,42.52039],[27.43931,42.52036],[27.43932,42.52033],[27.43934,42.52031],[27.43935,42.52029],[27.43937,42.52027],[27.43939,42.52026],[27.4394,42.52025],[27.43942,42.52024],[27.43945,42.52023],[27.43947,42.52022],[27.43949,42.52021],[27.43956,42.52019],[27.4396,42.52019],[27.43963,42.52019],[27.43967,42.52019],[27.43971,42.5202],[27.43974,42.5202],[27.43978,42.52022],[27.43981,42.52023],[27.43984,42.52025],[27.4399,42.52024],[27.44019,42.52011],[27.44151,42.51956],[27.44238,42.51924],[27.44263,42.51914],[27.44263,42.51914],[27.44331,42.51884],[27.44402,42.51851],[27.44564,42.51776],[27.44626,42.51748],[27.44649,42.51735],[27.44671,42.5172],[27.44694,42.51703],[27.44746,42.51677],[27.44795,42.51657],[27.44918,42.51603],[27.44991,42.51575],[27.45062,42.51544],[27.45062,42.51544],[27.45188,42.51491],[27.454,42.51397],[27.45452,42.51373],[27.45452,42.51373],[27.45694,42.51261],[27.4574,42.51241],[27.45759,42.5123],[27.45924,42.51152],[27.45924,42.51152],[27.46116,42.51062],[27.46257,42.51001],[27.46368,42.50956],[27.46349,42.50882],[27.46336,42.50828],[27.46328,42.50785],[27.46328,42.5078],[27.4632,42.50743],[27.46299,42.50657],[27.46285,42.506],[27.46278,42.50588],[27.46267,42.50553],[27.46261,42.50537],[27.46258,42.50526],[27.46254,42.5052],[27.46248,42.50515],[27.46238,42.50512],[27.46234,42.50512],[27.46227,42.5051],[27.46221,42.50508],[27.46216,42.50502],[27.46213,42.50496],[27.46213,42.50486],[27.46219,42.50477],[27.46229,42.50472],[27.46245,42.50471],[27.46251,42.50473],[27.46254,42.50475],[27.46311,42.50456],[27.46326,42.50453],[27.4634,42.50447],[27.46361,42.50439],[27.4641,42.50416],[27.46628,42.50319],[27.467,42.50287],[27.46711,42.50269],[27.46719,42.50242],[27.46615,42.50223],[27.46191,42.50144],[27.46013,42.50106],[27.46013,42.50106],[27.45934,42.5009],[27.45902,42.50087],[27.4588,42.50089],[27.45866,42.50095],[27.45846,42.50113],[27.45834,42.50128],[27.45829,42.50136],[27.45815,42.50183],[27.45811,42.50196],[27.458,42.50226],[27.45778,42.50252],[27.45732,42.50316],[27.45728,42.50328]]},"properties":{"line":"7А2","dir":"Автогара Запад","mode":"bus"}},{"type":"Feature","geometry":{"type":"LineString","coordinates":[[27.45906,42.50309],[27.45914,42.5029],[27.45878,42.50271],[27.45813,42.50235],[27.458,42.50226],[27.45814,42.50187],[27.45829,42.50136],[27.45835,42.50109],[27.45855,42.50088],[27.4586,42.50085],[27.45874,42.50081],[27.45889,42.5008],[27.45922,42.50082],[27.46014,42.501],[27.46014,42.501],[27.46265,42.5015],[27.46387,42.5017],[27.46495,42.5019],[27.46495,42.5019],[27.46721,42.50233],[27.46748,42.50241],[27.46805,42.5025],[27.46866,42.50264],[27.4696,42.50284],[27.47015,42.50297],[27.47044,42.50302],[27.47189,42.50329],[27.47189,42.50329],[27.47334,42.50356],[27.47416,42.50373],[27.47459,42.50379],[27.47497,42.50341],[27.47497,42.50341],[27.47615,42.50226],[27.47627,42.50211],[27.47762,42.50085],[27.47814,42.50033],[27.47814,42.50033],[27.48031,42.49812],[27.48077,42.49551],[27.48078,42.49386],[27.47937,42.4925],[27.4808,42.49369],[27.48094,42.49474],[27.48032,42.49806],[27.48059,42.49637],[27.48068,42.49547],[27.48079,42.49388],[27.47766,42.49148],[27.47117,42.49119],[27.47117,42.49119],[27.47049,42.49106],[27.46898,42.4907],[27.46777,42.49042],[27.46735,42.49031],[27.46681,42.49025],[27.46668,42.49024],[27.46668,42.49029],[27.46668,42.49029],[27.46314,42.49074],[27.46134,42.49147],[27.45416,42.48989],[27.45416,42.48989],[27.44931,42.48702],[27.44932,42.48701],[27.44786,42.48616],[27.44704,42.48569],[27.44632,42.48524],[27.44513,42.48454],[27.4445,42.48414],[27.44449,42.48413],[27.44352,42.48359],[27.44238,42.4829],[27.44196,42.48264],[27.44157,42.48226],[27.44117,42.48171],[27.44112,42.48162],[27.44096,42.48128],[27.44096,42.48127],[27.44072,42.48064],[27.44056,42.48021],[27.44019,42.47936],[27.44003,42.47897],[27.43967,42.47813],[27.43959,42.47789],[27.43959,42.47789],[27.43902,42.47644],[27.43633,42.47433],[27.43606,42.4744],[27.43576,42.47455],[27.43523,42.47445],[27.435,42.47419],[27.43493,42.47374],[27.43459,42.4734],[27.43406,42.47326],[27.43063,42.47288],[27.43062,42.47288],[27.43059,42.47288],[27.42797,42.47261],[27.42772,42.47258],[27.42744,42.47261],[27.42642,42.47268],[27.4262,42.4727],[27.42545,42.4729],[27.42442,42.47311],[27.42404,42.47317],[27.42351,42.47321],[27.42244,42.47324],[27.42171,42.47324],[27.42103,42.47323],[27.42027,42.47326],[27.41951,42.47335],[27.41913,42.47345],[27.4189,42.47353],[27.41838,42.4738],[27.41804,42.47404],[27.41772,42.47431],[27.41747,42.47452],[27.41747,42.47452],[27.41744,42.47454],[27.41733,42.47465],[27.41655,42.47527],[27.41622,42.47556],[27.41564,42.47603],[27.41478,42.47674],[27.4147,42.47681],[27.41445,42.477],[27.41432,42.47709],[27.41426,42.47713],[27.41413,42.4772],[27.41409,42.47723],[27.41392,42.47732],[27.41374,42.47739],[27.41367,42.47742],[27.41355,42.47746],[27.41341,42.47749],[27.41329,42.47751],[27.41307,42.47754],[27.41293,42.47755],[27.4127,42.47756],[27.41257,42.47756],[27.41225,42.47755],[27.41045,42.47745],[27.40971,42.4774],[27.40879,42.47736],[27.40857,42.47735],[27.4085,42.47734],[27.40847,42.47734],[27.4084,42.47734],[27.40826,42.47733],[27.40822,42.47733],[27.40816,42.47732],[27.40798,42.47732],[27.40778,42.4773],[27.40758,42.47728],[27.40737,42.47725],[27.40714,42.47721],[27.40539,42.47685],[27.40526,42.47683],[27.40523,42.47682],[27.40457,42.47668],[27.40363,42.47649],[27.4034,42.47644],[27.40318,42.47637],[27.40296,42.4763],[27.40275,42.47621],[27.40244,42.47607],[27.40241,42.47606],[27.40236,42.47604],[27.40223,42.47598],[27.40198,42.47587],[27.4014,42.47561],[27.40043,42.47517],[27.40004,42.475],[27.39942,42.47472],[27.39909,42.47458],[27.39884,42.47448],[27.39871,42.47446],[27.39868,42.47445],[27.39856,42.47443],[27.39839,42.47441],[27.39821,42.47441],[27.39804,42.47442],[27.39786,42.47445],[27.3977,42.47449],[27.39754,42.47454],[27.39726,42.47468],[27.39678,42.47502],[27.3966,42.47515],[27.39585,42.4757],[27.39561,42.47588],[27.39535,42.47607],[27.39475,42.4764],[27.39454,42.47648],[27.39439,42.47652],[27.39396,42.47661],[27.39336,42.47671],[27.39327,42.47673],[27.39312,42.47676],[27.39159,42.47701],[27.39147,42.47703],[27.39121,42.47708],[27.39106,42.47711],[27.39087,42.47717],[27.3907,42.47724],[27.39054,42.4773],[27.39041,42.47737],[27.39032,42.47742],[27.39025,42.47745],[27.39014,42.47752],[27.39001,42.4776],[27.3899,42.47769],[27.38977,42.47779],[27.3894,42.47818],[27.38918,42.47844],[27.38854,42.47919],[27.38838,42.47937],[27.38762,42.48024],[27.38749,42.48035],[27.38734,42.48045],[27.38719,42.48054],[27.38703,42.48062],[27.38686,42.4807],[27.38668,42.48076],[27.3865,42.48082],[27.38631,42.48086],[27.38615,42.48092],[27.38607,42.48097],[27.38601,42.481],[27.386,42.48101],[27.38595,42.48105],[27.38591,42.48109],[27.38583,42.4812],[27.38576,42.4813],[27.38568,42.48139],[27.38565,42.48142],[27.38559,42.48148],[27.38549,42.48156],[27.38441,42.48223],[27.38437,42.48226],[27.38417,42.48238],[27.38328,42.48293],[27.38286,42.48321],[27.38286,42.48321],[27.38089,42.48453],[27.3803,42.48489],[27.37949,42.48545]]},"properties":{"line":"8","dir":"0","mode":"bus"}},{"type":"Feature","geometry":{"type":"LineString","coordinates":[[27.37949,42.48545],[27.37923,42.48562],[27.37866,42.48579],[27.37835,42.48583],[27.37809,42.48581],[27.37794,42.48576],[27.37782,42.4857],[27.3777,42.48557],[27.37765,42.48544],[27.37761,42.48508],[27.37761,42.48425],[27.3776,42.48378],[27.37756,42.48373],[27.37756,42.48373],[27.37698,42.48297],[27.37756,42.48264],[27.37834,42.48213],[27.37839,42.4821],[27.37925,42.48131],[27.37951,42.48107],[27.37956,42.48086],[27.38029,42.48086],[27.38075,42.48086],[27.3811,42.48086],[27.38156,42.48086],[27.38158,42.48086],[27.38183,42.48086],[27.38207,42.48086],[27.38231,42.48086],[27.38305,42.48087],[27.38324,42.48087],[27.38397,42.48088],[27.38421,42.48088],[27.38568,42.4809],[27.38631,42.48086],[27.3865,42.48082],[27.38668,42.48076],[27.38686,42.4807],[27.38703,42.48062],[27.38719,42.48054],[27.38734,42.48045],[27.38749,42.48035],[27.38762,42.48024],[27.38838,42.47937],[27.38854,42.47919],[27.38918,42.47844],[27.3894,42.47818],[27.38977,42.47779],[27.3899,42.47769],[27.39001,42.4776],[27.39014,42.47752],[27.39025,42.47745],[27.39032,42.47742],[27.39041,42.47737],[27.39054,42.4773],[27.3907,42.47724],[27.39087,42.47717],[27.39106,42.47711],[27.39121,42.47708],[27.39147,42.47703],[27.39159,42.47701],[27.39312,42.47676],[27.39327,42.47673],[27.39336,42.47671],[27.39396,42.47661],[27.39439,42.47652],[27.39454,42.47648],[27.39475,42.4764],[27.39535,42.47607],[27.39561,42.47588],[27.3958,42.47574],[27.3958,42.47574],[27.39585,42.4757],[27.3966,42.47515],[27.39678,42.47502],[27.39726,42.47468],[27.39753,42.47455],[27.39754,42.47454],[27.3977,42.47449],[27.39786,42.47445],[27.39804,42.47442],[27.39821,42.47441],[27.39839,42.47441],[27.39856,42.47443],[27.39868,42.47445],[27.39871,42.47446],[27.39884,42.47448],[27.39909,42.47458],[27.39942,42.47472],[27.40004,42.475],[27.40043,42.47517],[27.4014,42.47561],[27.40198,42.47587],[27.40223,42.47598],[27.40236,42.47604],[27.40241,42.47606],[27.40244,42.47607],[27.40275,42.47621],[27.40296,42.4763],[27.40318,42.47637],[27.4034,42.47644],[27.40363,42.47649],[27.40457,42.47668],[27.40539,42.47685],[27.40714,42.47721],[27.40737,42.47725],[27.40758,42.47728],[27.40778,42.4773],[27.40798,42.47732],[27.40816,42.47732],[27.40822,42.47733],[27.40826,42.47733],[27.4084,42.47734],[27.40847,42.47734],[27.4085,42.47734],[27.40857,42.47735],[27.40879,42.47736],[27.40971,42.4774],[27.41045,42.47745],[27.41225,42.47755],[27.41257,42.47756],[27.4127,42.47756],[27.41293,42.47755],[27.41307,42.47754],[27.41329,42.47751],[27.41341,42.47749],[27.41355,42.47746],[27.41374,42.47739],[27.41392,42.47732],[27.41409,42.47723],[27.41413,42.4772],[27.41426,42.47713],[27.41432,42.47709],[27.41445,42.477],[27.4147,42.47681],[27.41478,42.47674],[27.41564,42.47603],[27.41622,42.47556],[27.41655,42.47527],[27.41733,42.47465],[27.41744,42.47454],[27.41744,42.47454],[27.41746,42.47453],[27.41791,42.47414],[27.41825,42.47389],[27.41862,42.47366],[27.41909,42.47346],[27.41932,42.47339],[27.41985,42.4733],[27.42032,42.47325],[27.42143,42.47323],[27.42206,42.47324],[27.42329,42.47321],[27.42404,42.47317],[27.42449,42.47309],[27.42545,42.4729],[27.4262,42.4727],[27.42637,42.47258],[27.42678,42.47218],[27.42748,42.4724],[27.42803,42.47251],[27.42834,42.47254],[27.42934,42.47249],[27.42985,42.47249],[27.4306,42.47256],[27.43192,42.47279],[27.43193,42.47279],[27.43611,42.4733],[27.43628,42.4738],[27.43662,42.47437],[27.43811,42.47532],[27.4389,42.47621],[27.43921,42.47688],[27.43921,42.47688],[27.43952,42.47768],[27.43967,42.47813],[27.43983,42.47847],[27.44013,42.4792],[27.44056,42.48021],[27.44085,42.48099],[27.44103,42.48145],[27.44113,42.48164],[27.44114,42.48167],[27.4414,42.48205],[27.44167,42.48238],[27.44196,42.48264],[27.44215,42.48276],[27.443,42.48328],[27.44428,42.48401],[27.44513,42.48454],[27.44632,42.48524],[27.44673,42.4855],[27.44673,42.4855],[27.44725,42.48582],[27.44817,42.48635],[27.44924,42.48696],[27.44988,42.48735],[27.45026,42.48757],[27.45026,42.48757],[27.45142,42.48825],[27.45255,42.48889],[27.45437,42.49],[27.4544,42.49002],[27.4544,42.49002],[27.45473,42.49019],[27.4554,42.49041],[27.4562,42.49055],[27.45729,42.49072],[27.45949,42.49117],[27.45989,42.49124],[27.46081,42.49141],[27.46121,42.49151],[27.46134,42.4915],[27.46158,42.49143],[27.46219,42.4912],[27.46357,42.49079],[27.46447,42.49053],[27.46458,42.49054],[27.46532,42.49041],[27.46532,42.49041],[27.46621,42.49028],[27.46673,42.49024],[27.46735,42.49031],[27.46868,42.49063],[27.47059,42.49108],[27.47165,42.49129],[27.47238,42.49126],[27.47288,42.49125],[27.47437,42.49131],[27.47439,42.49131],[27.47542,42.49135],[27.4761,42.49144],[27.47675,42.4916],[27.47749,42.49179],[27.47775,42.49186],[27.47775,42.49186],[27.47851,42.49207],[27.47884,42.49217],[27.479,42.49224],[27.47927,42.49241],[27.47954,42.49263],[27.47986,42.49287],[27.48044,42.49348],[27.48074,42.49385],[27.48087,42.49418],[27.48089,42.49431],[27.48072,42.49516],[27.48055,42.49628],[27.48045,42.49661],[27.48035,42.49715],[27.48032,42.49733],[27.48009,42.49851],[27.48005,42.49866],[27.48013,42.49896],[27.48018,42.4994],[27.48052,42.50137],[27.48052,42.50137],[27.48066,42.50222],[27.48076,42.50287],[27.48081,42.50358],[27.48087,42.50394],[27.48089,42.50425],[27.48092,42.50464],[27.48088,42.50544],[27.4807,42.50605],[27.48065,42.50622],[27.48021,42.50619],[27.47999,42.50619],[27.47989,42.50618],[27.47989,42.50618],[27.47776,42.506],[27.47726,42.50565],[27.47685,42.50499],[27.47641,42.50481],[27.47576,42.50442],[27.47516,42.50394],[27.4748,42.50385],[27.47203,42.50332],[27.47203,42.50332],[27.47029,42.503],[27.4691,42.50272],[27.46807,42.50251],[27.46754,42.50242],[27.46729,42.50244],[27.46615,42.50223],[27.46191,42.50144],[27.46013,42.50106],[27.46012,42.50107],[27.46012,42.50107],[27.45729,42.50328]]},"properties":{"line":"8","dir":"1","mode":"bus"}},{"type":"Feature","geometry":{"type":"LineString","coordinates":[[27.41844,42.45211],[27.41789,42.45196],[27.41799,42.45179],[27.41831,42.45117],[27.41788,42.45098],[27.41738,42.45075],[27.41651,42.45049],[27.41601,42.45039],[27.41501,42.45016],[27.41476,42.45012],[27.41448,42.45011],[27.41448,42.45011],[27.4142,42.45014],[27.41408,42.45018],[27.41398,42.45024],[27.4138,42.45041],[27.41374,42.45058],[27.41369,42.45093],[27.41369,42.45124],[27.41368,42.45163],[27.4136,42.45201],[27.41336,42.45248],[27.4129,42.45305],[27.4129,42.45305],[27.4123,42.45381],[27.41203,42.45417],[27.41173,42.45446],[27.41131,42.45473],[27.41029,42.45542],[27.40964,42.45576],[27.40937,42.4559],[27.40937,42.4559],[27.40741,42.45695],[27.4058,42.4578],[27.40558,42.4579],[27.40541,42.45774],[27.40541,42.45774],[27.40428,42.45669],[27.40381,42.45629],[27.4032,42.45576],[27.40311,42.4558],[27.40307,42.45582],[27.403,42.45587],[27.40257,42.45623],[27.40233,42.45661],[27.40212,42.45676],[27.40214,42.45676],[27.40162,42.45724],[27.40138,42.45754],[27.40124,42.4578],[27.40126,42.45801],[27.40143,42.45812],[27.40111,42.45875],[27.40111,42.45875],[27.40087,42.45935],[27.4009,42.45942],[27.40243,42.46003],[27.40283,42.46021],[27.40305,42.46058],[27.4033,42.46088],[27.40363,42.46133],[27.40364,42.46134],[27.40403,42.46178],[27.40422,42.46196],[27.40443,42.46208],[27.40465,42.4622],[27.40477,42.46232],[27.40492,42.46251],[27.40499,42.46264],[27.40531,42.46342],[27.40531,42.46343],[27.40549,42.46381],[27.40578,42.46375],[27.4059,42.46372],[27.406,42.46369],[27.40606,42.46367],[27.4061,42.46365],[27.40612,42.46363],[27.40618,42.46359],[27.40624,42.46354],[27.40644,42.46336],[27.40662,42.4632],[27.40692,42.46296],[27.40733,42.46262],[27.40734,42.46261],[27.40752,42.46244],[27.40823,42.46184],[27.40826,42.46181],[27.4084,42.46169],[27.4084,42.46169],[27.40861,42.46151],[27.40893,42.46124],[27.40906,42.46112],[27.40898,42.46104],[27.40906,42.46112],[27.40932,42.46131],[27.40943,42.46139],[27.40959,42.4615],[27.40974,42.46156],[27.40983,42.46162],[27.40999,42.46175],[27.41047,42.46213],[27.41088,42.46242],[27.41124,42.46273],[27.4118,42.46322],[27.4123,42.46364],[27.41271,42.46402],[27.41285,42.46408],[27.41293,42.4641],[27.413,42.46412],[27.41304,42.46413],[27.41309,42.46413],[27.41316,42.46412],[27.41316,42.46411],[27.41322,42.46409],[27.41328,42.46406],[27.41333,42.46403],[27.41341,42.46399],[27.41344,42.46389],[27.41346,42.46374],[27.41347,42.46353],[27.41348,42.46321],[27.41349,42.46285],[27.41349,42.46285],[27.41352,42.46196],[27.41353,42.46181],[27.41369,42.46141],[27.4138,42.46123],[27.41412,42.46081],[27.41436,42.4605],[27.41485,42.45987],[27.41559,42.45897],[27.41559,42.45897],[27.41591,42.45858],[27.41703,42.4571],[27.41786,42.45747],[27.41879,42.45801],[27.41881,42.45801],[27.4192,42.45822],[27.41912,42.45831],[27.41868,42.45882],[27.41905,42.45899],[27.41926,42.45913],[27.41936,42.45922],[27.41944,42.45936],[27.41948,42.45945],[27.4195,42.45963],[27.4195,42.45984],[27.4193,42.46028],[27.41922,42.46045],[27.41902,42.46075],[27.41839,42.46152],[27.41832,42.46163],[27.41852,42.46194],[27.41852,42.46194],[27.41888,42.46257],[27.41902,42.46285],[27.4189,42.46341],[27.41893,42.46375],[27.41904,42.46399],[27.41924,42.46437],[27.41962,42.46479],[27.41962,42.46479],[27.42022,42.46543],[27.42058,42.46582],[27.42043,42.46595],[27.42024,42.46622],[27.42011,42.46644],[27.41993,42.46695],[27.41986,42.46717],[27.42022,42.46749],[27.42077,42.4676],[27.42144,42.46777],[27.42181,42.46789],[27.42223,42.46809],[27.42262,42.46832],[27.42309,42.46864],[27.42359,42.4691],[27.42426,42.46998],[27.42477,42.4707],[27.42519,42.47117],[27.42535,42.47132],[27.42548,42.47125],[27.42606,42.47185],[27.42607,42.47184],[27.42607,42.47185],[27.4262,42.47192],[27.42638,42.47201],[27.42652,42.47207],[27.42678,42.47218],[27.42707,42.47227],[27.42748,42.4724],[27.42803,42.47251],[27.42834,42.47254],[27.42934,42.47249],[27.42985,42.47249],[27.4306,42.47256],[27.43192,42.47279],[27.43192,42.47279],[27.43297,42.47298],[27.43395,42.47312],[27.43496,42.47325],[27.4351,42.47327],[27.43517,42.47329],[27.43523,42.47325],[27.43528,42.47323],[27.43542,42.47319],[27.43568,42.47319],[27.43579,42.47321],[27.43598,42.47329],[27.43611,42.47338],[27.43618,42.47344],[27.43623,42.47353],[27.43625,42.4736],[27.4363,42.4739],[27.4363,42.47401],[27.43627,42.47413],[27.43616,42.47431],[27.43616,42.47434],[27.43579,42.47467],[27.43576,42.47468],[27.4357,42.47545],[27.4357,42.47601],[27.43584,42.47731],[27.43584,42.4775],[27.43579,42.47766],[27.43603,42.4785],[27.43631,42.4792],[27.43634,42.47925],[27.43648,42.47957],[27.43662,42.47986],[27.43704,42.48057],[27.43753,42.48128],[27.43765,42.48145],[27.43828,42.48227],[27.4395,42.48356],[27.43997,42.48401],[27.44155,42.48546],[27.44349,42.48721],[27.44393,42.48761],[27.447,42.49038],[27.44857,42.49178],[27.45039,42.4934],[27.45042,42.49338],[27.45437,42.49076],[27.45437,42.49076],[27.45441,42.49076],[27.45445,42.49072],[27.4547,42.49051],[27.4548,42.49043],[27.45491,42.49034],[27.45498,42.49027],[27.4554,42.49041],[27.45579,42.49049],[27.4558,42.4905],[27.45611,42.49054],[27.4562,42.49055],[27.45658,42.49061],[27.45729,42.49072],[27.45803,42.49087],[27.45949,42.49117],[27.45954,42.49118],[27.45962,42.4912],[27.45975,42.49122],[27.45989,42.49124],[27.46062,42.49137],[27.46081,42.49141],[27.46105,42.49147],[27.46121,42.49151],[27.46124,42.49151],[27.46134,42.4915],[27.46147,42.49147],[27.46158,42.49143],[27.46219,42.4912],[27.46357,42.49079],[27.46447,42.49053],[27.46458,42.49054],[27.46465,42.49052],[27.46532,42.49041],[27.46532,42.49041],[27.46546,42.49039],[27.46578,42.49034],[27.46595,42.49032],[27.46621,42.49028],[27.46647,42.49025],[27.46661,42.49024],[27.46666,42.49024],[27.46673,42.49024],[27.46681,42.49025],[27.46735,42.49031],[27.46777,42.49042],[27.46865,42.49063],[27.46868,42.49063],[27.46898,42.4907],[27.47002,42.49094],[27.47049,42.49106],[27.47059,42.49108],[27.47126,42.49121],[27.47165,42.49129],[27.47192,42.49129],[27.47189,42.49135],[27.47187,42.4914],[27.47174,42.49165],[27.47172,42.49168],[27.47171,42.49171],[27.4716,42.49191],[27.4716,42.49191],[27.47154,42.49202],[27.47146,42.49219],[27.47136,42.49239],[27.47133,42.49244],[27.47107,42.49297],[27.47099,42.49305],[27.47092,42.49313],[27.47066,42.49342],[27.4706,42.49352],[27.47043,42.49393],[27.47039,42.49402],[27.47035,42.49411],[27.47031,42.4942],[27.47031,42.49421],[27.47028,42.49426],[27.47017,42.49451],[27.47005,42.49477],[27.47002,42.49484],[27.46983,42.49532],[27.46979,42.49538],[27.46952,42.49601],[27.46932,42.49654],[27.46926,42.49667],[27.46899,42.49738],[27.46896,42.49748],[27.46894,42.49753],[27.46877,42.49798],[27.46877,42.49798],[27.46836,42.49916],[27.46811,42.49981],[27.46789,42.50045],[27.46766,42.50117],[27.46768,42.50125],[27.46752,42.50173],[27.4674,42.50208],[27.46719,42.50274],[27.4671,42.50283],[27.467,42.50287],[27.46633,42.50316],[27.46633,42.50316],[27.46427,42.50409],[27.46361,42.50439],[27.4634,42.50447],[27.46326,42.50453],[27.46315,42.50463],[27.46309,42.50465],[27.46307,42.5047],[27.46301,42.50473],[27.46282,42.50482],[27.46274,42.50488],[27.46269,42.50498],[27.46271,42.50513],[27.46272,42.5052],[27.4627,42.50526],[27.46274,42.50538],[27.46278,42.5055],[27.46281,42.50564],[27.46281,42.50565],[27.46283,42.50574],[27.46286,42.50584],[27.46287,42.50589],[27.46285,42.506],[27.46289,42.50616],[27.46299,42.50657],[27.46306,42.50686],[27.46319,42.50739],[27.4632,42.50742],[27.4632,42.50743],[27.46329,42.50779],[27.4633,42.50779],[27.4633,42.5078],[27.46331,42.5078],[27.46333,42.50784],[27.46343,42.50818],[27.4635,42.50844],[27.46355,42.50858],[27.4636,42.50881],[27.46361,42.50884],[27.46379,42.50953],[27.46369,42.50964],[27.46359,42.50969],[27.46349,42.50973],[27.46343,42.50976],[27.46164,42.51047],[27.45964,42.51143],[27.45937,42.51155],[27.45937,42.51155],[27.45763,42.51238],[27.45683,42.51275],[27.45682,42.51275],[27.45682,42.51275],[27.45293,42.51456],[27.45293,42.51456],[27.44938,42.51615],[27.44937,42.51614],[27.44802,42.51677],[27.44696,42.51723],[27.44668,42.51738],[27.44545,42.51793],[27.44543,42.51794],[27.44366,42.51876],[27.44256,42.51928],[27.44209,42.51951],[27.44209,42.51951],[27.4416,42.51975],[27.44121,42.51983],[27.4408,42.51995],[27.44037,42.52013],[27.43994,42.52034],[27.43994,42.52038],[27.43994,42.52042],[27.43993,42.52052],[27.43981,42.52063],[27.4397,42.52067],[27.43958,42.52068],[27.43947,42.52065],[27.43938,42.5206],[27.43932,42.52052],[27.4393,42.52041],[27.43934,42.52031],[27.43905,42.52003],[27.43884,42.51982],[27.43866,42.51956],[27.43837,42.51901],[27.43819,42.51901],[27.43811,42.51904]]},"properties":{"line":"9","dir":"0","mode":"bus"}},{"type":"Feature","geometry":{"type":"LineString","coordinates":[[27.41844,42.45211],[27.41789,42.45196],[27.41799,42.45179],[27.41831,42.45117],[27.41788,42.45098],[27.41738,42.45075],[27.41651,42.45049],[27.41601,42.45039],[27.41501,42.45016],[27.41476,42.45012],[27.41448,42.45011],[27.41448,42.45011],[27.4142,42.45014],[27.41408,42.45018],[27.41398,42.45024],[27.4138,42.45041],[27.41374,42.45058],[27.41369,42.45093],[27.41369,42.45124],[27.41368,42.45163],[27.4136,42.45201],[27.41336,42.45248],[27.4129,42.45305],[27.4129,42.45305],[27.4123,42.45381],[27.41203,42.45417],[27.41173,42.45446],[27.41131,42.45473],[27.41029,42.45542],[27.40964,42.45576],[27.40937,42.4559],[27.40937,42.4559],[27.40741,42.45695],[27.4058,42.4578],[27.40558,42.4579],[27.40574,42.45806],[27.40596,42.45827],[27.40596,42.45827],[27.40725,42.45946],[27.40856,42.46067],[27.40856,42.46067],[27.40895,42.46101],[27.40932,42.46131],[27.40959,42.4615],[27.40983,42.46162],[27.41047,42.46213],[27.41088,42.46242],[27.41124,42.46273],[27.4123,42.46364],[27.41271,42.46402],[27.41285,42.46408],[27.413,42.46412],[27.41309,42.46413],[27.41328,42.46406],[27.41341,42.46399],[27.41346,42.46374],[27.41349,42.46285],[27.41349,42.46285],[27.41352,42.46196],[27.41353,42.46181],[27.41369,42.46141],[27.4138,42.46123],[27.41412,42.46081],[27.41436,42.4605],[27.41485,42.45987],[27.41559,42.45897],[27.41559,42.45897],[27.41591,42.45858],[27.41703,42.4571],[27.41786,42.45747],[27.41879,42.45801],[27.41881,42.45801],[27.4192,42.45822],[27.41912,42.45831],[27.41868,42.45882],[27.41905,42.45899],[27.41926,42.45913],[27.41936,42.45922],[27.41944,42.45936],[27.41948,42.45945],[27.4195,42.45963],[27.4195,42.45984],[27.4193,42.46028],[27.41922,42.46045],[27.41902,42.46075],[27.41839,42.46152],[27.41832,42.46163],[27.41852,42.46194],[27.41852,42.46194],[27.41888,42.46257],[27.41902,42.46285],[27.4189,42.46341],[27.41893,42.46375],[27.41904,42.46399],[27.41924,42.46437],[27.41962,42.46479],[27.41962,42.46479],[27.42022,42.46543],[27.42058,42.46582],[27.42043,42.46595],[27.42024,42.46622],[27.42011,42.46644],[27.41993,42.46695],[27.41986,42.46717],[27.42022,42.46749],[27.42077,42.4676],[27.42144,42.46777],[27.42181,42.46789],[27.42223,42.46809],[27.42262,42.46832],[27.42309,42.46864],[27.42359,42.4691],[27.42426,42.46998],[27.42477,42.4707],[27.42519,42.47117],[27.42535,42.47132],[27.42536,42.47133],[27.4255,42.47145],[27.42585,42.47171],[27.42638,42.47201],[27.42678,42.47218],[27.42748,42.4724],[27.42803,42.47251],[27.42834,42.47254],[27.42934,42.47249],[27.42985,42.47249],[27.4306,42.47256],[27.43135,42.47269],[27.43192,42.47279],[27.43192,42.47279],[27.43297,42.47298],[27.43415,42.47315],[27.43504,42.47326],[27.43517,42.47329],[27.43525,42.47324],[27.43544,42.47319],[27.4357,42.47317],[27.43581,42.47319],[27.43603,42.47329],[27.43609,42.47334],[27.4362,42.47347],[27.43625,42.4736],[27.43628,42.47373],[27.4363,42.47401],[27.43627,42.47413],[27.4362,42.47427],[27.43606,42.47441],[27.43592,42.47447],[27.43576,42.47468],[27.4357,42.47545],[27.4357,42.47601],[27.43584,42.47731],[27.43584,42.4775],[27.43579,42.47766],[27.43603,42.4785],[27.43631,42.4792],[27.43662,42.47986],[27.43704,42.48057],[27.43739,42.48108],[27.43774,42.48157],[27.43827,42.48225],[27.4395,42.48356],[27.44192,42.48581],[27.44544,42.48897],[27.44773,42.49103],[27.44857,42.49178],[27.45004,42.49308],[27.45034,42.49315],[27.45052,42.49317],[27.45068,42.49316],[27.45081,42.49316],[27.45102,42.49302],[27.45192,42.49245],[27.45318,42.49155],[27.45395,42.49106],[27.45439,42.49077],[27.45439,42.49077],[27.45441,42.49076],[27.45445,42.49072],[27.4547,42.49051],[27.4548,42.49043],[27.45491,42.49034],[27.45473,42.49019],[27.45498,42.49027],[27.4554,42.49041],[27.45579,42.49049],[27.4558,42.4905],[27.45611,42.49054],[27.4562,42.49055],[27.45658,42.49061],[27.45729,42.49072],[27.45803,42.49087],[27.45949,42.49117],[27.45954,42.49118],[27.45962,42.4912],[27.45975,42.49122],[27.45989,42.49124],[27.46062,42.49137],[27.46081,42.49141],[27.46105,42.49147],[27.46121,42.49151],[27.46124,42.49151],[27.46134,42.4915],[27.46147,42.49147],[27.46158,42.49143],[27.46205,42.49125],[27.46219,42.4912],[27.46357,42.49079],[27.46447,42.49053],[27.46458,42.49054],[27.46465,42.49052],[27.46546,42.49039],[27.46578,42.49034],[27.46595,42.49032],[27.46621,42.49028],[27.46647,42.49025],[27.46661,42.49024],[27.46666,42.49024],[27.46673,42.49024],[27.46681,42.49025],[27.46735,42.49031],[27.46681,42.49025],[27.46673,42.49024],[27.46666,42.49024],[27.46661,42.49024],[27.46647,42.49025],[27.46621,42.49028],[27.46595,42.49032],[27.46578,42.49034],[27.46546,42.49039],[27.46465,42.49052],[27.46458,42.49054],[27.4645,42.49058],[27.4636,42.49083],[27.4632,42.49095],[27.46349,42.49082],[27.46382,42.49077],[27.46671,42.49031],[27.46465,42.49052],[27.46532,42.49041],[27.46532,42.49041],[27.46621,42.49028],[27.46673,42.49024],[27.46735,42.49031],[27.46868,42.49063],[27.47059,42.49108],[27.47165,42.49129],[27.47192,42.49129],[27.47189,42.49135],[27.47174,42.49165],[27.47171,42.49171],[27.4716,42.49191],[27.4716,42.49191],[27.47133,42.49244],[27.47107,42.49297],[27.47099,42.49305],[27.47066,42.49342],[27.47035,42.49411],[27.47017,42.49451],[27.46983,42.49532],[27.46952,42.49601],[27.46896,42.49748],[27.46877,42.49798],[27.46877,42.49798],[27.46836,42.49916],[27.46811,42.49981],[27.46789,42.50045],[27.46766,42.50117],[27.46768,42.50125],[27.46752,42.50173],[27.46719,42.50274],[27.4671,42.50283],[27.467,42.50287],[27.46633,42.50316],[27.46633,42.50316],[27.46427,42.50409],[27.46361,42.50439],[27.4634,42.50447],[27.46326,42.50453],[27.46315,42.50463],[27.46309,42.50465],[27.46307,42.5047],[27.46301,42.50473],[27.46282,42.50482],[27.46274,42.50488],[27.46269,42.50498],[27.46271,42.50513],[27.46272,42.5052],[27.4627,42.50526],[27.46274,42.50538],[27.46278,42.5055],[27.46281,42.50564],[27.46281,42.50565],[27.46286,42.50584],[27.46285,42.506],[27.46319,42.50739],[27.4633,42.50779],[27.46333,42.50784],[27.4636,42.50881],[27.46379,42.50953],[27.46369,42.50964],[27.46359,42.50969],[27.46325,42.50983],[27.46165,42.51047],[27.46022,42.51115],[27.45937,42.51155],[27.45937,42.51155],[27.45763,42.51238],[27.45683,42.51275],[27.45683,42.51275],[27.45292,42.51455],[27.45292,42.51455],[27.45058,42.51561],[27.44981,42.51595],[27.44937,42.51614],[27.44937,42.51614],[27.44802,42.51677],[27.44696,42.51723],[27.44669,42.51738],[27.44562,42.51785],[27.44545,42.51793],[27.44543,42.51794],[27.44366,42.51876],[27.44256,42.51928],[27.44209,42.51951],[27.44209,42.51951],[27.4416,42.51975],[27.44121,42.51983],[27.4408,42.51995],[27.44037,42.52013],[27.43994,42.52034],[27.43994,42.52038],[27.43994,42.52042],[27.43993,42.52052],[27.43981,42.52063],[27.4397,42.52067],[27.43958,42.52068],[27.43947,42.52065],[27.43938,42.5206],[27.43932,42.52052],[27.4393,42.52041],[27.43934,42.52031],[27.43905,42.52003],[27.43884,42.51982],[27.43866,42.51956],[27.43837,42.51901],[27.43819,42.51901],[27.43811,42.51904]]},"properties":{"line":"9","dir":"0","mode":"bus"}},{"type":"Feature","geometry":{"type":"LineString","coordinates":[[27.43844,42.51967],[27.4385,42.51975],[27.43855,42.51992],[27.43862,42.52046],[27.43872,42.52072],[27.43882,42.52083],[27.43917,42.52064],[27.43932,42.52052],[27.4393,42.52041],[27.43934,42.52031],[27.4394,42.52025],[27.43949,42.52021],[27.43967,42.52019],[27.43981,42.52023],[27.4399,42.52024],[27.44151,42.51956],[27.44263,42.51914],[27.44331,42.51884],[27.44402,42.51851],[27.44564,42.51776],[27.44626,42.51748],[27.44649,42.51735],[27.44671,42.5172],[27.44694,42.51703],[27.44746,42.51677],[27.44795,42.51657],[27.44918,42.51603],[27.44991,42.51575],[27.45062,42.51544],[27.45062,42.51544],[27.45329,42.51428],[27.45452,42.51373],[27.45452,42.51373],[27.45609,42.513],[27.45745,42.51239],[27.45759,42.5123],[27.45809,42.51207],[27.45924,42.51152],[27.45924,42.51152],[27.46116,42.51062],[27.46257,42.51001],[27.46368,42.50956],[27.46349,42.50882],[27.46336,42.50828],[27.46328,42.50785],[27.46328,42.5078],[27.4632,42.50743],[27.46299,42.50657],[27.46285,42.506],[27.46278,42.50588],[27.46267,42.50553],[27.46261,42.50537],[27.46258,42.50526],[27.46254,42.5052],[27.46248,42.50515],[27.46238,42.50512],[27.46234,42.50512],[27.46227,42.5051],[27.46221,42.50508],[27.46216,42.50502],[27.46213,42.50496],[27.46213,42.50486],[27.46219,42.50477],[27.46229,42.50472],[27.46245,42.50471],[27.46251,42.50473],[27.46254,42.50475],[27.46311,42.50456],[27.46326,42.50453],[27.4634,42.50447],[27.46361,42.50439],[27.4641,42.50416],[27.46628,42.50319],[27.467,42.50287],[27.46711,42.50269],[27.46746,42.50163],[27.46744,42.50163],[27.46744,42.50163],[27.47009,42.49463],[27.47009,42.49463],[27.47117,42.49119],[27.47049,42.49106],[27.46898,42.4907],[27.46777,42.49042],[27.46735,42.49031],[27.46681,42.49025],[27.46668,42.49024],[27.46667,42.49024],[27.46621,42.49028],[27.46465,42.49052],[27.4645,42.49058],[27.46239,42.49117],[27.46213,42.49125],[27.46169,42.49143],[27.46129,42.49154],[27.46106,42.49156],[27.46093,42.49157],[27.45982,42.49135],[27.45975,42.49133],[27.45958,42.4913],[27.4582,42.49101],[27.45701,42.49078],[27.45575,42.4906],[27.45513,42.49058],[27.45484,42.49063],[27.45441,42.49076],[27.4544,42.49077],[27.45386,42.49111],[27.45349,42.49134],[27.45285,42.49178],[27.45192,42.49245],[27.45122,42.49288],[27.45081,42.49316],[27.45041,42.49342],[27.45029,42.49349],[27.45011,42.49333],[27.4499,42.49316],[27.44959,42.49291],[27.44748,42.491],[27.44436,42.48819],[27.44193,42.486],[27.44001,42.48424],[27.43899,42.48324],[27.43847,42.48268],[27.43788,42.48199],[27.43735,42.48129],[27.43681,42.48048],[27.43662,42.48018],[27.43656,42.48009],[27.43633,42.47963],[27.43613,42.47919],[27.43602,42.47889],[27.43593,42.47866],[27.43577,42.47823],[27.43559,42.47757],[27.43554,42.47724],[27.43539,42.47698],[27.43536,42.47683],[27.43532,42.47609],[27.43523,42.47515],[27.43514,42.47437],[27.43508,42.47431],[27.43498,42.47417],[27.43494,42.47406],[27.43491,42.47375],[27.43481,42.47361],[27.43466,42.47345],[27.43441,42.47332],[27.43425,42.47327],[27.43342,42.47317],[27.43156,42.47297],[27.43063,42.47288],[27.43063,42.47288],[27.42842,42.47267],[27.42772,42.47258],[27.42738,42.4725],[27.42669,42.47227],[27.42611,42.47198],[27.42578,42.47178],[27.42578,42.47178],[27.42537,42.47147],[27.42504,42.47118],[27.42467,42.47075],[27.42373,42.46947],[27.42352,42.46918],[27.42324,42.46891],[27.42277,42.46854],[27.42243,42.46833],[27.4218,42.46801],[27.42134,42.46786],[27.42078,42.46771],[27.42016,42.4676],[27.41974,42.46755],[27.41978,42.46743],[27.41993,42.46695],[27.42011,42.46644],[27.42024,42.46622],[27.42043,42.46595],[27.42058,42.46582],[27.42022,42.46543],[27.41961,42.46478],[27.4196,42.46479],[27.4196,42.46479],[27.4185,42.46194],[27.4185,42.46194],[27.41852,42.46193],[27.41832,42.46163],[27.41828,42.46159],[27.4179,42.46142],[27.41742,42.46124],[27.41693,42.46101],[27.41722,42.46067],[27.41778,42.46],[27.41792,42.45982],[27.41826,42.45939],[27.41868,42.45882],[27.41895,42.4585],[27.41895,42.4585],[27.41912,42.45831],[27.41852,42.45801],[27.41711,42.45728],[27.41588,42.45884],[27.41588,42.45884],[27.41503,42.45992],[27.41434,42.46077],[27.41393,42.46127],[27.41377,42.46163],[27.41371,42.4618],[27.41366,42.46214],[27.41362,42.46267],[27.41362,42.46267],[27.41361,42.46354],[27.41358,42.46391],[27.41353,42.46404],[27.41326,42.46445],[27.41318,42.46456],[27.41307,42.46446],[27.41259,42.46406],[27.41106,42.46273],[27.41079,42.46251],[27.40971,42.46164],[27.40959,42.4615],[27.40943,42.46139],[27.40906,42.46112],[27.40861,42.46151],[27.4084,42.46169],[27.4084,42.46169],[27.40734,42.46261],[27.40644,42.46336],[27.4061,42.46365],[27.406,42.46369],[27.40578,42.46375],[27.40549,42.46381],[27.40532,42.46345],[27.40532,42.46345],[27.40499,42.46264],[27.40492,42.46251],[27.40477,42.46232],[27.40465,42.4622],[27.40443,42.46208],[27.40422,42.46196],[27.40403,42.46178],[27.40364,42.46135],[27.40363,42.46133],[27.40355,42.46122],[27.4033,42.46088],[27.40321,42.46076],[27.40305,42.46058],[27.40283,42.46021],[27.40243,42.46003],[27.40193,42.45983],[27.40167,42.45973],[27.40094,42.45945],[27.4009,42.45942],[27.40088,42.45939],[27.40087,42.45935],[27.40088,42.45932],[27.40112,42.45872],[27.40112,42.45872],[27.40113,42.4587],[27.40144,42.45813],[27.40179,42.45824],[27.40372,42.45902],[27.40388,42.45885],[27.40388,42.45885],[27.40403,42.45869],[27.40478,42.45829],[27.4058,42.4578],[27.4063,42.45753],[27.40957,42.4558],[27.40957,42.4558],[27.40997,42.45559],[27.41029,42.45542],[27.41131,42.45473],[27.41173,42.45446],[27.41203,42.45417],[27.4123,42.45381],[27.413,42.45293],[27.41315,42.45274],[27.41315,42.45274],[27.41336,42.45248],[27.41357,42.45208],[27.41363,42.45193],[27.41369,42.45144],[27.41369,42.45119],[27.41371,42.45072],[27.41378,42.45045],[27.4138,42.45041],[27.41398,42.45024],[27.41415,42.45016],[27.41435,42.45011],[27.41476,42.45012],[27.41501,42.45016],[27.41547,42.45027],[27.41547,42.45027],[27.41601,42.45039],[27.41651,42.45049],[27.41738,42.45075],[27.41788,42.45098],[27.41831,42.45117],[27.41842,42.45123],[27.41824,42.45155]]},"properties":{"line":"9","dir":"1","mode":"bus"}},{"type":"Feature","geometry":{"type":"LineString","coordinates":[[27.43844,42.51967],[27.4385,42.51975],[27.43855,42.51992],[27.43862,42.52046],[27.43872,42.52072],[27.43882,42.52083],[27.43917,42.52064],[27.43932,42.52052],[27.4393,42.52041],[27.43934,42.52031],[27.4394,42.52025],[27.43949,42.52021],[27.43967,42.52019],[27.43981,42.52023],[27.4399,42.52024],[27.44151,42.51956],[27.44238,42.51924],[27.44263,42.51914],[27.44263,42.51914],[27.44331,42.51884],[27.44473,42.51817],[27.44564,42.51776],[27.44626,42.51748],[27.44649,42.51735],[27.44671,42.5172],[27.44694,42.51703],[27.44746,42.51677],[27.44795,42.51657],[27.44918,42.51603],[27.44991,42.51575],[27.45062,42.51544],[27.45062,42.51544],[27.45188,42.51491],[27.454,42.51397],[27.45452,42.51373],[27.45452,42.51373],[27.45694,42.51261],[27.4574,42.51241],[27.45759,42.5123],[27.45924,42.51152],[27.45924,42.51152],[27.46116,42.51062],[27.46257,42.51001],[27.46368,42.50956],[27.46349,42.50882],[27.46336,42.50828],[27.46328,42.50785],[27.46328,42.5078],[27.4632,42.50743],[27.46299,42.50657],[27.46285,42.506],[27.46278,42.50588],[27.46267,42.50553],[27.46261,42.50537],[27.46258,42.50526],[27.46254,42.5052],[27.46248,42.50515],[27.46238,42.50512],[27.46234,42.50512],[27.46227,42.5051],[27.46221,42.50508],[27.46216,42.50502],[27.46213,42.50496],[27.46213,42.50486],[27.46219,42.50477],[27.46229,42.50472],[27.46245,42.50471],[27.46251,42.50473],[27.46254,42.50475],[27.46311,42.50456],[27.46326,42.50453],[27.4634,42.50447],[27.46361,42.50439],[27.4641,42.50416],[27.46628,42.50319],[27.467,42.50287],[27.46711,42.50269],[27.46746,42.50163],[27.46744,42.50163],[27.46744,42.50163],[27.47009,42.49463],[27.47009,42.49463],[27.47117,42.49119],[27.46668,42.49029],[27.46668,42.49024],[27.46621,42.49028],[27.46465,42.49052],[27.4645,42.49058],[27.46239,42.49117],[27.46213,42.49125],[27.46169,42.49143],[27.46129,42.49154],[27.46106,42.49156],[27.46093,42.49157],[27.45982,42.49135],[27.45975,42.49133],[27.45958,42.4913],[27.4582,42.49101],[27.45701,42.49078],[27.45575,42.4906],[27.45513,42.49058],[27.45484,42.49063],[27.45441,42.49076],[27.4544,42.49077],[27.45386,42.49111],[27.45349,42.49134],[27.45285,42.49178],[27.45192,42.49245],[27.45122,42.49288],[27.45081,42.49316],[27.45041,42.49342],[27.45029,42.49349],[27.45011,42.49333],[27.4499,42.49316],[27.44959,42.49291],[27.44748,42.491],[27.44436,42.48819],[27.44193,42.486],[27.44001,42.48424],[27.43899,42.48324],[27.43847,42.48268],[27.43788,42.48199],[27.43735,42.48129],[27.43681,42.48048],[27.43662,42.48018],[27.43656,42.48009],[27.43633,42.47963],[27.43613,42.47919],[27.43602,42.47889],[27.43593,42.47866],[27.43577,42.47823],[27.43559,42.47757],[27.43554,42.47724],[27.43539,42.47698],[27.43536,42.47683],[27.43532,42.47609],[27.43523,42.47515],[27.43514,42.47437],[27.43508,42.47431],[27.43498,42.47417],[27.43494,42.47406],[27.43491,42.47375],[27.43481,42.47361],[27.43466,42.47345],[27.43441,42.47332],[27.43425,42.47327],[27.43342,42.47317],[27.43156,42.47297],[27.43063,42.47288],[27.43063,42.47288],[27.42842,42.47267],[27.42772,42.47258],[27.42738,42.4725],[27.42669,42.47227],[27.42611,42.47198],[27.42578,42.47178],[27.42578,42.47178],[27.42537,42.47147],[27.42504,42.47118],[27.42467,42.47075],[27.42373,42.46947],[27.42352,42.46918],[27.42324,42.46891],[27.42277,42.46854],[27.42243,42.46833],[27.4218,42.46801],[27.42134,42.46786],[27.42078,42.46771],[27.42016,42.4676],[27.41974,42.46755],[27.41978,42.46743],[27.41993,42.46695],[27.42011,42.46644],[27.42024,42.46622],[27.42043,42.46595],[27.42058,42.46582],[27.42022,42.46543],[27.41961,42.46478],[27.41961,42.46478],[27.41924,42.46437],[27.41904,42.46399],[27.41893,42.46375],[27.41891,42.4636],[27.4189,42.46341],[27.41902,42.46285],[27.41862,42.46209],[27.41852,42.46193],[27.41852,42.46193],[27.41838,42.46158],[27.41935,42.46019],[27.41954,42.45957],[27.41925,42.45905],[27.41866,42.45879],[27.41895,42.4585],[27.41895,42.4585],[27.41912,42.45831],[27.41852,42.45801],[27.41711,42.45728],[27.41588,42.45884],[27.41589,42.45884],[27.41589,42.45884],[27.41364,42.46267],[27.41362,42.46267],[27.41361,42.46354],[27.41358,42.46391],[27.41353,42.46404],[27.41326,42.46445],[27.41318,42.46456],[27.41307,42.46446],[27.41259,42.46406],[27.41106,42.46273],[27.41079,42.46251],[27.40971,42.46164],[27.40959,42.4615],[27.40943,42.46139],[27.40906,42.46112],[27.40863,42.46073],[27.40836,42.46049],[27.40836,42.46049],[27.40822,42.46036],[27.40761,42.45979],[27.40725,42.45946],[27.40678,42.45902],[27.40661,42.45886],[27.40634,42.45862],[27.40579,42.45812],[27.40574,42.45806],[27.40558,42.4579],[27.4058,42.4578],[27.4063,42.45753],[27.40957,42.45579],[27.40957,42.45579],[27.40957,42.4558],[27.41029,42.45542],[27.41171,42.45448],[27.41194,42.45427],[27.41221,42.45396],[27.4123,42.45381],[27.41279,42.45319],[27.41315,42.45274],[27.41315,42.45274],[27.41336,42.45248],[27.41357,42.45208],[27.41363,42.45193],[27.41369,42.45144],[27.41369,42.45119],[27.41371,42.45072],[27.41378,42.45045],[27.4138,42.45041],[27.41398,42.45024],[27.41415,42.45016],[27.41435,42.45011],[27.41476,42.45012],[27.41501,42.45016],[27.41547,42.45027],[27.41547,42.45027],[27.41601,42.45039],[27.41651,42.45049],[27.41738,42.45075],[27.41788,42.45098],[27.41831,42.45117],[27.41842,42.45123],[27.41824,42.45155]]},"properties":{"line":"9","dir":"1","mode":"bus"}},{"type":"Feature","geometry":{"type":"LineString","coordinates":[[27.41844,42.45211],[27.41789,42.45196],[27.41799,42.45179],[27.41831,42.45117],[27.41788,42.45098],[27.41738,42.45075],[27.41651,42.45049],[27.41601,42.45039],[27.41501,42.45016],[27.41476,42.45012],[27.41448,42.45011],[27.41448,42.45011],[27.4142,42.45014],[27.41408,42.45018],[27.41398,42.45024],[27.4138,42.45041],[27.41374,42.45058],[27.41369,42.45093],[27.41369,42.45124],[27.41368,42.45163],[27.4136,42.45201],[27.41336,42.45248],[27.4129,42.45305],[27.4129,42.45305],[27.4123,42.45381],[27.41203,42.45417],[27.41173,42.45446],[27.41131,42.45473],[27.41029,42.45542],[27.41067,42.45581],[27.4118,42.45695],[27.4118,42.45695],[27.4119,42.45706],[27.41226,42.45723],[27.41295,42.45751],[27.41388,42.4579],[27.41364,42.45819],[27.41384,42.45838],[27.41442,42.45886],[27.41453,42.45895],[27.41497,42.45914],[27.4152,42.45924],[27.4152,42.45924],[27.41532,42.45929],[27.41555,42.45944],[27.41561,42.45951],[27.41567,42.45965],[27.41575,42.45992],[27.41577,42.46026],[27.41579,42.46041],[27.41582,42.46048],[27.41597,42.46055],[27.41742,42.46124],[27.41825,42.46157],[27.41836,42.46166],[27.41852,42.46194],[27.41852,42.46194],[27.41888,42.46257],[27.41902,42.46285],[27.4189,42.46341],[27.41893,42.46375],[27.41904,42.46399],[27.41924,42.46437],[27.41962,42.46479],[27.41962,42.46479],[27.42022,42.46543],[27.42058,42.46582],[27.42043,42.46595],[27.42024,42.46622],[27.42011,42.46644],[27.41993,42.46695],[27.41978,42.46743],[27.41974,42.46755],[27.41892,42.46742],[27.41741,42.46711],[27.41665,42.46689],[27.41598,42.46663],[27.41552,42.46639],[27.41514,42.46615],[27.41484,42.46593],[27.41393,42.46519],[27.41375,42.46505],[27.41375,42.46505],[27.41307,42.46446],[27.41259,42.46406],[27.41106,42.46273],[27.40971,42.46164],[27.40959,42.4615],[27.40943,42.46139],[27.40906,42.46112],[27.40863,42.46073],[27.40761,42.45979],[27.40634,42.45862],[27.40574,42.45806],[27.40541,42.45774],[27.40541,42.45774],[27.40428,42.45669],[27.40381,42.45629],[27.4032,42.45576],[27.40282,42.45546],[27.40223,42.455],[27.40169,42.45457],[27.40143,42.45433],[27.40093,42.45382],[27.39833,42.45099],[27.3975,42.45007],[27.39718,42.45012],[27.39657,42.45031],[27.39623,42.45038],[27.396,42.45042],[27.39422,42.45055],[27.3938,42.45057],[27.39364,42.4506],[27.39351,42.45065],[27.3932,42.45086],[27.39301,42.45098],[27.39292,42.45101],[27.39267,42.451],[27.39235,42.45097]]},"properties":{"line":"9А","dir":"0","mode":"bus"}},{"type":"Feature","geometry":{"type":"LineString","coordinates":[[27.41844,42.45211],[27.41789,42.45196],[27.41799,42.45179],[27.41831,42.45117],[27.41788,42.45098],[27.41738,42.45075],[27.41651,42.45049],[27.41601,42.45039],[27.41501,42.45016],[27.41476,42.45012],[27.41448,42.45011],[27.41448,42.45011],[27.4142,42.45014],[27.41408,42.45018],[27.41398,42.45024],[27.4138,42.45041],[27.41374,42.45058],[27.41369,42.45093],[27.41369,42.45144],[27.41363,42.45193],[27.41357,42.45208],[27.41336,42.45248],[27.413,42.45293],[27.4129,42.45305],[27.4129,42.45305],[27.41217,42.45397],[27.41194,42.45427],[27.41171,42.45448],[27.41029,42.45542],[27.4118,42.45695],[27.4118,42.45695],[27.4119,42.45706],[27.41226,42.45723],[27.41295,42.45751],[27.41354,42.45776],[27.41388,42.4579],[27.41364,42.45819],[27.41384,42.45838],[27.41442,42.45886],[27.41449,42.45892],[27.41453,42.45895],[27.41461,42.459],[27.41497,42.45914],[27.4152,42.45924],[27.4152,42.45924],[27.41532,42.45929],[27.41555,42.45944],[27.41561,42.45951],[27.41567,42.45965],[27.41575,42.45992],[27.41577,42.46026],[27.41579,42.46041],[27.41582,42.46048],[27.41597,42.46055],[27.41742,42.46124],[27.41825,42.46157],[27.41836,42.46166],[27.41852,42.46194],[27.41852,42.46194],[27.41888,42.46257],[27.41902,42.46285],[27.4189,42.46341],[27.41893,42.46375],[27.41904,42.46399],[27.41924,42.46437],[27.41962,42.46479],[27.41962,42.46479],[27.42022,42.46543],[27.42058,42.46582],[27.42043,42.46595],[27.42024,42.46622],[27.42011,42.46644],[27.41993,42.46695],[27.41978,42.46743],[27.41974,42.46755],[27.41892,42.46742],[27.41741,42.46711],[27.41665,42.46689],[27.41598,42.46663],[27.41552,42.46639],[27.41514,42.46615],[27.41484,42.46593],[27.41375,42.46505],[27.41375,42.46505],[27.41307,42.46446],[27.41259,42.46406],[27.41106,42.46273],[27.40971,42.46164],[27.40959,42.4615],[27.40943,42.46139],[27.40906,42.46112],[27.40836,42.46049],[27.40836,42.46049],[27.40678,42.45902],[27.40574,42.45806],[27.40541,42.45774],[27.40541,42.45774],[27.40428,42.45669],[27.40381,42.45629],[27.4032,42.45576],[27.40282,42.45546],[27.40223,42.455],[27.40169,42.45457],[27.40143,42.45433],[27.40093,42.45382],[27.39903,42.45174],[27.39788,42.4505],[27.3975,42.45007],[27.39718,42.45012],[27.39695,42.45019],[27.39695,42.45019],[27.39657,42.45031],[27.39626,42.45037],[27.396,42.45042],[27.39452,42.45053],[27.39407,42.45055],[27.39372,42.45058],[27.39358,42.45062],[27.39341,42.45072],[27.39301,42.45098],[27.39285,42.45101],[27.39235,42.45097]]},"properties":{"line":"9А","dir":"0","mode":"bus"}},{"type":"Feature","geometry":{"type":"LineString","coordinates":[[27.39235,42.45097],[27.39276,42.45101],[27.39296,42.451],[27.39309,42.45094],[27.39328,42.4508],[27.39351,42.45065],[27.39364,42.4506],[27.39392,42.45055],[27.39554,42.45047],[27.39619,42.45039],[27.39657,42.45031],[27.39698,42.45018],[27.39698,42.45018],[27.39718,42.45012],[27.3975,42.45007],[27.39833,42.45099],[27.40093,42.45382],[27.40143,42.45433],[27.40199,42.45482],[27.40243,42.45517],[27.4032,42.45576],[27.40381,42.45629],[27.40428,42.45669],[27.40558,42.4579],[27.40596,42.45827],[27.40596,42.45827],[27.40661,42.45886],[27.40822,42.46036],[27.40856,42.46067],[27.40856,42.46067],[27.40895,42.46101],[27.40932,42.46131],[27.40959,42.4615],[27.40983,42.46162],[27.41047,42.46213],[27.41088,42.46242],[27.41124,42.46273],[27.4123,42.46364],[27.41271,42.46402],[27.41315,42.46436],[27.41365,42.46479],[27.41365,42.46479],[27.41501,42.46591],[27.4154,42.46618],[27.41593,42.46648],[27.41659,42.46677],[27.41741,42.46701],[27.41934,42.46735],[27.41959,42.46728],[27.41976,42.46721],[27.41986,42.46717],[27.41993,42.46695],[27.42011,42.46644],[27.42024,42.46622],[27.42043,42.46595],[27.42058,42.46582],[27.42022,42.46543],[27.41961,42.46478],[27.41961,42.46478],[27.41924,42.46437],[27.41904,42.46399],[27.41893,42.46375],[27.41891,42.4636],[27.4189,42.46341],[27.41902,42.46285],[27.41862,42.46209],[27.41852,42.46193],[27.41852,42.46193],[27.41832,42.46163],[27.41828,42.46159],[27.4179,42.46142],[27.41693,42.46101],[27.41617,42.46064],[27.41583,42.46049],[27.41578,42.46034],[27.41574,42.45986],[27.41564,42.45957],[27.41559,42.45948],[27.41547,42.45938],[27.41531,42.45928],[27.4152,42.45924],[27.41461,42.459],[27.41449,42.45892],[27.41414,42.45863],[27.41364,42.45819],[27.41388,42.4579],[27.41312,42.45759],[27.41245,42.4573],[27.4119,42.45706],[27.41175,42.45691],[27.41175,42.45691],[27.41067,42.45581],[27.41029,42.45542],[27.41131,42.45473],[27.41173,42.45446],[27.41203,42.45417],[27.4123,42.45381],[27.413,42.45293],[27.41315,42.45274],[27.41315,42.45274],[27.41336,42.45248],[27.41357,42.45208],[27.41363,42.45193],[27.41369,42.45144],[27.41369,42.45119],[27.41371,42.45072],[27.41378,42.45045],[27.4138,42.45041],[27.41398,42.45024],[27.41415,42.45016],[27.41435,42.45011],[27.41476,42.45012],[27.41501,42.45016],[27.41547,42.45027],[27.41547,42.45027],[27.41601,42.45039],[27.41651,42.45049],[27.41738,42.45075],[27.41788,42.45098],[27.41842,42.45123],[27.41824,42.45155]]},"properties":{"line":"9А","dir":"1","mode":"bus"}},{"type":"Feature","geometry":{"type":"LineString","coordinates":[[27.41844,42.45211],[27.41789,42.45196],[27.41799,42.45179],[27.41831,42.45117],[27.41788,42.45098],[27.41738,42.45075],[27.41651,42.45049],[27.41601,42.45039],[27.41501,42.45016],[27.41476,42.45012],[27.41448,42.45011],[27.41448,42.45011],[27.4142,42.45014],[27.41408,42.45018],[27.41398,42.45024],[27.4138,42.45041],[27.41374,42.45058],[27.41369,42.45093],[27.41369,42.45124],[27.41368,42.45163],[27.4136,42.45201],[27.41336,42.45248],[27.4129,42.45305],[27.4129,42.45305],[27.41217,42.45397],[27.41194,42.45427],[27.41171,42.45448],[27.41029,42.45542],[27.41124,42.45639],[27.4118,42.45695],[27.4118,42.45695],[27.4119,42.45706],[27.41226,42.45723],[27.41295,42.45751],[27.41388,42.4579],[27.41364,42.45819],[27.41384,42.45838],[27.41449,42.45892],[27.41461,42.459],[27.4152,42.45924],[27.4152,42.45924],[27.41532,42.45929],[27.41555,42.45944],[27.41561,42.45951],[27.41567,42.45965],[27.41575,42.45992],[27.41577,42.46026],[27.41579,42.46041],[27.41582,42.46048],[27.41597,42.46055],[27.41742,42.46124],[27.41825,42.46157],[27.41836,42.46166],[27.41852,42.46194],[27.41852,42.46194],[27.4186,42.46206],[27.41862,42.46209],[27.41875,42.46234],[27.41888,42.46257],[27.41895,42.46272],[27.41902,42.46285],[27.41893,42.4633],[27.4189,42.46341],[27.4189,42.46351],[27.41891,42.4636],[27.41892,42.46364],[27.41893,42.46375],[27.41896,42.46383],[27.41904,42.46399],[27.41914,42.4642],[27.41924,42.46437],[27.41941,42.46456],[27.41962,42.46479],[27.41962,42.46479],[27.41993,42.46512],[27.42022,42.46543],[27.42058,42.46582],[27.42043,42.46595],[27.42032,42.46609],[27.42024,42.46622],[27.42011,42.46644],[27.41993,42.46695],[27.41986,42.46717],[27.41978,42.46743],[27.41977,42.46746],[27.41974,42.46755],[27.41892,42.46742],[27.41842,42.46731],[27.41797,42.46722],[27.41741,42.46711],[27.41705,42.46701],[27.41665,42.46689],[27.4162,42.46672],[27.41598,42.46663],[27.41552,42.46639],[27.41514,42.46615],[27.41491,42.466],[27.41484,42.46593],[27.41463,42.46576],[27.41393,42.46519],[27.41375,42.46505],[27.41375,42.46505],[27.41307,42.46446],[27.41259,42.46406],[27.41106,42.46273],[27.40971,42.46164],[27.40959,42.4615],[27.40943,42.46139],[27.40906,42.46112],[27.40836,42.46049],[27.40836,42.46049],[27.40678,42.45902],[27.40574,42.45806],[27.40541,42.45774],[27.40541,42.45774],[27.40428,42.45669],[27.40381,42.45629],[27.4032,42.45576],[27.40282,42.45546],[27.40223,42.455],[27.40169,42.45457],[27.40143,42.45433],[27.40093,42.45382],[27.39903,42.45174],[27.39788,42.4505],[27.3975,42.45007],[27.39718,42.45012],[27.39695,42.45019],[27.39695,42.45019],[27.39657,42.45031],[27.39626,42.45037],[27.396,42.45042],[27.39452,42.45053],[27.39407,42.45055],[27.39372,42.45058],[27.39358,42.45062],[27.39341,42.45072],[27.39301,42.45098],[27.39285,42.45101],[27.39235,42.45097],[27.39235,42.45097],[27.39195,42.45095],[27.39187,42.45145],[27.39183,42.45161],[27.39179,42.4517],[27.39187,42.45184],[27.3923,42.45242],[27.39236,42.45255],[27.39241,42.45272],[27.39244,42.45303],[27.39246,42.45391],[27.39248,42.45421],[27.39261,42.45472],[27.39264,42.45491],[27.39266,42.45526],[27.39264,42.45554],[27.3926,42.45577],[27.39246,42.45624],[27.39238,42.45655],[27.39231,42.45738],[27.39225,42.45792],[27.39224,42.45824],[27.39228,42.45857],[27.39239,42.4591],[27.39255,42.45979],[27.39265,42.46016],[27.39278,42.46054],[27.39288,42.46078],[27.39291,42.46085],[27.39314,42.46101],[27.39337,42.46116]]},"properties":{"line":"9Б","dir":"0","mode":"bus"}},{"type":"Feature","geometry":{"type":"LineString","coordinates":[[27.39336,42.46116],[27.39292,42.46088],[27.3929,42.46083],[27.39285,42.46068],[27.39274,42.46043],[27.39262,42.46006],[27.39239,42.4591],[27.39231,42.45871],[27.39224,42.45831],[27.39224,42.45808],[27.39228,42.45767],[27.39237,42.45667],[27.39241,42.45643],[27.39262,42.45567],[27.39266,42.45526],[27.39263,42.45482],[27.39249,42.45429],[27.39247,42.45413],[27.39246,42.45337],[27.39243,42.45293],[27.39239,42.45264],[27.3923,42.45242],[27.39182,42.45176],[27.39179,42.4517],[27.39181,42.45166],[27.39185,42.45155],[27.39194,42.45106],[27.39195,42.45095],[27.39224,42.45096],[27.39235,42.45097],[27.39235,42.45097],[27.39276,42.45101],[27.39296,42.451],[27.39309,42.45094],[27.39328,42.4508],[27.39351,42.45065],[27.39364,42.4506],[27.39392,42.45055],[27.39554,42.45047],[27.39619,42.45039],[27.39657,42.45031],[27.39698,42.45018],[27.39698,42.45018],[27.39718,42.45012],[27.3975,42.45007],[27.39833,42.45099],[27.40093,42.45382],[27.40143,42.45433],[27.40199,42.45482],[27.40243,42.45517],[27.4032,42.45576],[27.40381,42.45629],[27.40428,42.45669],[27.40558,42.4579],[27.40596,42.45827],[27.40596,42.45827],[27.40661,42.45886],[27.40822,42.46036],[27.40856,42.46067],[27.40856,42.46067],[27.40895,42.46101],[27.40932,42.46131],[27.40959,42.4615],[27.40983,42.46162],[27.41047,42.46213],[27.41088,42.46242],[27.41124,42.46273],[27.4123,42.46364],[27.41271,42.46402],[27.41315,42.46436],[27.41365,42.46479],[27.41365,42.46479],[27.41501,42.46591],[27.4154,42.46618],[27.41593,42.46648],[27.41659,42.46677],[27.41741,42.46701],[27.41934,42.46735],[27.41959,42.46728],[27.41976,42.46721],[27.41986,42.46717],[27.41993,42.46695],[27.42011,42.46644],[27.42024,42.46622],[27.42043,42.46595],[27.42058,42.46582],[27.42022,42.46543],[27.41961,42.46478],[27.4196,42.46479],[27.4196,42.46479],[27.4185,42.46194],[27.4185,42.46194],[27.41852,42.46193],[27.41832,42.46163],[27.41828,42.46159],[27.4179,42.46142],[27.41693,42.46101],[27.41617,42.46064],[27.41583,42.46049],[27.41578,42.46034],[27.41574,42.45986],[27.41564,42.45957],[27.41559,42.45948],[27.41547,42.45938],[27.41531,42.45928],[27.4152,42.45924],[27.41461,42.459],[27.41449,42.45892],[27.41384,42.45838],[27.41364,42.45819],[27.41388,42.4579],[27.41295,42.45751],[27.41226,42.45723],[27.4119,42.45706],[27.41175,42.45691],[27.41175,42.45691],[27.41067,42.45581],[27.41029,42.45542],[27.41131,42.45473],[27.41173,42.45446],[27.41203,42.45417],[27.41279,42.45319],[27.41315,42.45274],[27.41315,42.45274],[27.41336,42.45248],[27.41357,42.45208],[27.41363,42.45193],[27.41369,42.45144],[27.41369,42.45119],[27.41371,42.45072],[27.41378,42.45045],[27.4138,42.45041],[27.41398,42.45024],[27.41415,42.45016],[27.41435,42.45011],[27.41476,42.45012],[27.41501,42.45016],[27.41547,42.45027],[27.41547,42.45027],[27.41601,42.45039],[27.41651,42.45049],[27.41738,42.45075],[27.41788,42.45098],[27.41831,42.45117],[27.4181,42.45151]]},"properties":{"line":"9Б","dir":"1","mode":"bus"}},{"type":"Feature","geometry":{"type":"LineString","coordinates":[[27.43844,42.51967],[27.4385,42.51975],[27.43855,42.51992],[27.43862,42.52046],[27.43872,42.52072],[27.43882,42.52083],[27.43917,42.52064],[27.43932,42.52052],[27.4393,42.52041],[27.43934,42.52031],[27.4394,42.52025],[27.43949,42.52021],[27.43967,42.52019],[27.43981,42.52023],[27.43988,42.52027],[27.43994,42.52036],[27.43994,42.52045],[27.43994,42.5205],[27.44045,42.52075],[27.44098,42.521],[27.44235,42.52173],[27.44313,42.52217],[27.44313,42.52217],[27.44363,42.52245],[27.44373,42.52248],[27.44389,42.52255],[27.44405,42.52264],[27.44414,42.52265],[27.4442,42.52263],[27.44424,42.52257],[27.44429,42.5226],[27.44583,42.52343],[27.44675,42.52392],[27.44676,42.52392],[27.44889,42.52506],[27.44889,42.52506],[27.45011,42.52571],[27.45041,42.52594],[27.45049,42.52606],[27.45163,42.52658],[27.452,42.52668],[27.45233,42.52667],[27.45244,42.52669],[27.45261,42.52676],[27.45271,42.52685],[27.45276,42.52693],[27.45275,42.52696],[27.45295,42.52728],[27.45308,42.52742],[27.45332,42.52756],[27.45396,42.52785],[27.45456,42.5281],[27.45546,42.52844],[27.45734,42.52909],[27.45847,42.5295],[27.45847,42.5295],[27.46233,42.53084],[27.46252,42.5309],[27.46263,42.53079],[27.46277,42.53064],[27.46284,42.53055],[27.46292,42.53039],[27.46304,42.5298],[27.46304,42.5298],[27.46305,42.52977],[27.46326,42.52899],[27.4635,42.52822],[27.46353,42.52815],[27.46378,42.52789],[27.46453,42.52726],[27.46454,42.52725],[27.46513,42.52678],[27.4654,42.52656],[27.46555,42.5264],[27.46577,42.52609],[27.46583,42.52579],[27.46583,42.52559],[27.4658,42.52513],[27.46567,42.52462],[27.46547,42.52406],[27.46545,42.52407],[27.46545,42.52407],[27.46541,42.5238],[27.46555,42.52359],[27.46617,42.52336],[27.46689,42.52333],[27.46718,42.52331],[27.46733,42.52318],[27.46698,42.52283],[27.46576,42.52172],[27.46535,42.52129],[27.46603,42.52037],[27.46603,42.52037],[27.46639,42.51997],[27.46683,42.51967],[27.46731,42.51943],[27.46852,42.51926],[27.46883,42.51772],[27.46903,42.51715],[27.46996,42.51564],[27.46996,42.51564],[27.47068,42.51463],[27.47104,42.51407],[27.47181,42.51352],[27.47278,42.51303],[27.47345,42.51266],[27.47391,42.51248],[27.47399,42.51244],[27.47407,42.51237],[27.47409,42.51227],[27.4741,42.51217],[27.47395,42.51203],[27.47386,42.51186],[27.47397,42.51175],[27.47457,42.51154],[27.47512,42.51123],[27.47512,42.51123],[27.4778,42.50934],[27.47963,42.50792],[27.48067,42.50623],[27.47989,42.5062],[27.47989,42.5062],[27.47796,42.50601],[27.47753,42.50589],[27.47732,42.50572],[27.47708,42.5053],[27.47672,42.505],[27.47618,42.50467],[27.47574,42.50446],[27.47563,42.50434],[27.47526,42.50403],[27.47504,42.5039],[27.47457,42.50378],[27.47496,42.5034],[27.47496,42.5034],[27.47813,42.50032],[27.47813,42.50032],[27.4802,42.49817],[27.48067,42.49447],[27.47936,42.49251],[27.47936,42.49251],[27.47883,42.4922],[27.47804,42.49195],[27.47641,42.49157],[27.47543,42.49138],[27.47342,42.49126],[27.47348,42.49084],[27.47382,42.49072],[27.4747,42.49072],[27.4747,42.49072],[27.47542,42.49075],[27.47537,42.49136],[27.47498,42.49134],[27.47382,42.49131],[27.47302,42.49126],[27.47175,42.49132],[27.47117,42.49119],[27.46668,42.49029],[27.46668,42.49029],[27.46465,42.49056],[27.46276,42.49114],[27.46153,42.49159],[27.46123,42.49198],[27.46069,42.49354],[27.46069,42.49354],[27.45863,42.49947],[27.45863,42.49947],[27.45861,42.49947],[27.45848,42.4999],[27.45846,42.49995],[27.45841,42.50001],[27.45837,42.50012],[27.45836,42.50018],[27.45835,42.50022],[27.45833,42.50028],[27.45847,42.50052],[27.45856,42.50067],[27.4586,42.50073],[27.45867,42.50083],[27.45873,42.50091],[27.45866,42.50095],[27.45857,42.50103],[27.45846,42.50113],[27.4584,42.50119],[27.45834,42.50128],[27.45829,42.50136],[27.45815,42.50183],[27.45814,42.50187],[27.45811,42.50196],[27.458,42.50226],[27.45778,42.50252],[27.45765,42.50269],[27.45758,42.50279],[27.45732,42.50316],[27.45729,42.50322],[27.45728,42.50328],[27.45726,42.50335],[27.45726,42.50348],[27.45727,42.50354],[27.45728,42.5036],[27.45731,42.50363],[27.45732,42.50364],[27.45733,42.50365],[27.45737,42.50367],[27.45747,42.5037],[27.4577,42.50376],[27.45809,42.50385],[27.4583,42.50389],[27.46013,42.50426],[27.45974,42.50541],[27.45996,42.5057],[27.45996,42.5057],[27.46008,42.50585],[27.46037,42.50572],[27.46077,42.50555],[27.46149,42.50525],[27.46183,42.50512],[27.46213,42.50496],[27.46212,42.50493],[27.46213,42.50488],[27.46214,42.50483],[27.46221,42.50475],[27.46231,42.50471],[27.46247,42.50472],[27.46253,42.50474],[27.46258,42.50479],[27.46261,42.50484],[27.46262,42.50492],[27.46259,42.505],[27.46258,42.50502],[27.4627,42.50526],[27.46278,42.5055],[27.46281,42.50565],[27.46288,42.50564],[27.46408,42.51078],[27.46408,42.51078],[27.46444,42.51234],[27.46437,42.51319],[27.46318,42.51465],[27.46318,42.51465],[27.46154,42.5168],[27.4614,42.51703],[27.46139,42.51739],[27.46117,42.51756],[27.46076,42.51769],[27.46043,42.51756],[27.46021,42.51726],[27.46036,42.51696],[27.46073,42.51676],[27.46091,42.51672],[27.46144,42.51619],[27.46168,42.51591],[27.46158,42.51571],[27.4609,42.5154],[27.4609,42.5154],[27.4596,42.51475],[27.45915,42.51424],[27.45749,42.51248],[27.45682,42.51275],[27.45682,42.51275],[27.45293,42.51456],[27.45293,42.51456],[27.45292,42.51455],[27.45058,42.51561],[27.44981,42.51595],[27.44937,42.51614],[27.44937,42.51614],[27.44802,42.51677],[27.44696,42.51723],[27.44669,42.51738],[27.44562,42.51785],[27.44545,42.51793],[27.44543,42.51794],[27.44366,42.51876],[27.44256,42.51928],[27.44209,42.51951],[27.44209,42.51951],[27.4416,42.51975],[27.44121,42.51983],[27.4408,42.51995],[27.44037,42.52013],[27.43994,42.52034],[27.43994,42.52038],[27.43994,42.52042],[27.43993,42.52052],[27.43981,42.52063],[27.4397,42.52067],[27.43958,42.52068],[27.43947,42.52065],[27.43938,42.5206],[27.43932,42.52052],[27.4393,42.52041],[27.43934,42.52031],[27.43905,42.52003],[27.43884,42.51982],[27.43866,42.51956],[27.43837,42.51901],[27.43819,42.51901],[27.43811,42.51904]]},"properties":{"line":"11","dir":"Терминал Славейков","mode":"bus"}},{"type":"Feature","geometry":{"type":"LineString","coordinates":[[27.43844,42.51967],[27.4385,42.51975],[27.43855,42.51992],[27.43862,42.52046],[27.43872,42.52072],[27.43882,42.52083],[27.43917,42.52064],[27.43932,42.52052],[27.4393,42.52041],[27.43934,42.52031],[27.4394,42.52025],[27.43949,42.52021],[27.43967,42.52019],[27.43981,42.52023],[27.4399,42.52024],[27.44151,42.51956],[27.44238,42.51924],[27.44263,42.51914],[27.44263,42.51914],[27.44331,42.51884],[27.44479,42.51814],[27.44564,42.51776],[27.44564,42.51776],[27.44627,42.51748],[27.44649,42.51735],[27.44671,42.5172],[27.44694,42.51703],[27.44746,42.51677],[27.449,42.5161],[27.44991,42.51575],[27.45062,42.51544],[27.45062,42.51544],[27.45188,42.51491],[27.454,42.51397],[27.45452,42.51373],[27.45452,42.51373],[27.4574,42.51241],[27.45745,42.51239],[27.45751,42.51246],[27.45778,42.51273],[27.45827,42.51329],[27.4587,42.51375],[27.45951,42.51464],[27.45963,42.51477],[27.46131,42.51557],[27.46158,42.51564],[27.46173,42.51566],[27.46187,42.51566],[27.46202,42.51562],[27.46306,42.51449],[27.4631,42.51445],[27.4631,42.51445],[27.46363,42.51386],[27.4642,42.51321],[27.46422,42.51308],[27.46437,42.51279],[27.46439,42.51261],[27.46443,42.51239],[27.46423,42.51161],[27.46413,42.51142],[27.46406,42.51116],[27.46378,42.50999],[27.46344,42.5086],[27.46328,42.50795],[27.46328,42.5078],[27.46306,42.50686],[27.46289,42.50616],[27.46285,42.506],[27.46278,42.50588],[27.46264,42.50546],[27.46259,42.50531],[27.46256,42.50522],[27.46251,42.50517],[27.4624,42.50511],[27.46236,42.50512],[27.46229,42.50511],[27.46223,42.50508],[27.46217,42.50504],[27.46213,42.50497],[27.46213,42.50488],[27.46217,42.50479],[27.46221,42.50475],[27.46225,42.50473],[27.46219,42.50461],[27.46199,42.50436],[27.46192,42.50426],[27.46169,42.504],[27.46169,42.504],[27.46158,42.50389],[27.46135,42.50367],[27.46116,42.50358],[27.46108,42.50353],[27.46103,42.5035],[27.46077,42.50346],[27.46066,42.50342],[27.46058,42.50334],[27.46056,42.50329],[27.46044,42.5032],[27.46029,42.50313],[27.4594,42.50296],[27.4594,42.50295],[27.45914,42.5029],[27.45878,42.50271],[27.45813,42.50235],[27.458,42.50226],[27.45814,42.50187],[27.45829,42.50136],[27.45835,42.50109],[27.45834,42.50079],[27.45831,42.50058],[27.4583,42.50036],[27.45835,42.50022],[27.45837,42.50012],[27.45841,42.50001],[27.45846,42.49995],[27.4586,42.49949],[27.4586,42.49949],[27.4593,42.49745],[27.46018,42.49492],[27.46063,42.49362],[27.46063,42.49362],[27.46087,42.49296],[27.4612,42.49202],[27.46129,42.49186],[27.46132,42.49181],[27.46132,42.49167],[27.46129,42.49154],[27.46124,42.49151],[27.46134,42.4915],[27.46158,42.49143],[27.46219,42.4912],[27.46357,42.49079],[27.46447,42.49053],[27.46458,42.49054],[27.46532,42.49041],[27.46532,42.49041],[27.46684,42.49021],[27.46918,42.49072],[27.47167,42.49122],[27.4734,42.49123],[27.47367,42.49073],[27.4747,42.4906],[27.4747,42.49072],[27.4747,42.49072],[27.47542,42.49074],[27.47549,42.49133],[27.47776,42.49185],[27.47776,42.49185],[27.47975,42.49267],[27.4809,42.49433],[27.48064,42.49576],[27.48015,42.49886],[27.48054,42.50136],[27.48054,42.50137],[27.48052,42.50137],[27.48066,42.50222],[27.48076,42.50287],[27.48081,42.50358],[27.48087,42.50394],[27.48089,42.50425],[27.48092,42.50464],[27.48088,42.50544],[27.4807,42.50605],[27.4806,42.50636],[27.48037,42.50683],[27.4801,42.50731],[27.47997,42.50748],[27.47983,42.50764],[27.47983,42.50764],[27.47953,42.50796],[27.47934,42.50817],[27.4792,42.50828],[27.47907,42.50839],[27.47888,42.50854],[27.47801,42.5092],[27.47683,42.51008],[27.4764,42.51041],[27.4764,42.51041],[27.47512,42.51126],[27.4747,42.51152],[27.47456,42.51159],[27.47441,42.51164],[27.47405,42.51175],[27.4739,42.5118],[27.47386,42.51184],[27.47389,42.51193],[27.47393,42.512],[27.47412,42.51216],[27.47413,42.51233],[27.47409,42.51239],[27.47403,42.51245],[27.47366,42.51259],[27.47302,42.51292],[27.47302,42.51292],[27.47198,42.51345],[27.47167,42.51361],[27.47129,42.51387],[27.471,42.51416],[27.47053,42.51487],[27.47038,42.51512],[27.47011,42.51545],[27.46976,42.51595],[27.46953,42.51635],[27.46938,42.51655],[27.46935,42.51661],[27.46912,42.51702],[27.46901,42.51724],[27.46885,42.5177],[27.4688,42.51784],[27.46865,42.51855],[27.4686,42.51893],[27.46857,42.51927],[27.46729,42.51945],[27.4667,42.51977],[27.46644,42.51998],[27.46639,42.52008],[27.46621,42.52039],[27.46576,42.52102],[27.46556,42.52128],[27.46586,42.52158],[27.46588,42.52157],[27.46588,42.52157],[27.46702,42.52381],[27.46702,42.52381],[27.4672,42.52407],[27.46722,42.52523],[27.46719,42.52556],[27.46696,42.52578],[27.46662,42.52581],[27.46607,42.52591],[27.46582,42.52598],[27.46547,42.52646],[27.46425,42.52752],[27.46425,42.52752],[27.46424,42.52751],[27.46378,42.52789],[27.46353,42.52815],[27.46326,42.52899],[27.46305,42.52977],[27.46298,42.53008],[27.46298,42.53009],[27.46292,42.53039],[27.46281,42.53035],[27.46171,42.52999],[27.46125,42.52984],[27.45973,42.52928],[27.45824,42.52876],[27.45783,42.52859],[27.45777,42.5289],[27.45772,42.529],[27.45766,42.5291],[27.45751,42.52929],[27.45694,42.52913],[27.45644,42.52896],[27.45644,42.52896],[27.45537,42.52858],[27.45491,42.52838],[27.45465,42.52828],[27.4532,42.52769],[27.45298,42.52758],[27.45278,42.52753],[27.45254,42.5275],[27.45227,42.52749],[27.45214,42.5275],[27.45191,42.52743],[27.45183,42.52737],[27.45178,42.52729],[27.45177,42.52719],[27.45143,42.52677],[27.4513,42.52665],[27.45065,42.5263],[27.44976,42.52586],[27.44882,42.5254],[27.44881,42.52542],[27.44881,42.52542],[27.44492,42.52729],[27.44492,42.52729],[27.44489,42.52727],[27.44478,42.52734],[27.44465,42.52746],[27.44425,42.5276],[27.4442,42.52747],[27.44422,42.52733],[27.44429,42.52683],[27.44424,42.52668],[27.44386,42.5261],[27.44353,42.52555],[27.4435,42.52548],[27.44324,42.52509],[27.44356,42.5251],[27.44389,42.52505],[27.44458,42.52497],[27.4446,42.52496],[27.44474,42.52494],[27.44485,42.52492],[27.44497,42.52489],[27.44509,42.52484],[27.44514,42.52483],[27.44524,42.52478],[27.44558,42.52462],[27.4459,42.52449],[27.44601,42.52441],[27.44612,42.52434],[27.44615,42.52419],[27.44542,42.52378],[27.44496,42.52355],[27.44391,42.52284],[27.44353,42.52256],[27.44341,42.52249],[27.44341,42.52249],[27.44298,42.5222],[27.44257,42.52198],[27.44206,42.52169],[27.44189,42.52161],[27.44043,42.52088],[27.44001,42.52067],[27.43991,42.52063],[27.43985,42.52061],[27.43981,42.52063],[27.43976,42.52066],[27.43964,42.52068],[27.43952,42.52067],[27.43942,42.52063],[27.43935,42.52056],[27.43931,42.52047],[27.43931,42.52036],[27.43934,42.52031],[27.43905,42.52003],[27.43884,42.51982],[27.43866,42.51956],[27.43837,42.51901],[27.43819,42.51901],[27.43813,42.51903],[27.43811,42.51904]]},"properties":{"line":"12","dir":"Терминал Славейков","mode":"bus"}},{"type":"Feature","geometry":{"type":"LineString","coordinates":[[27.47398,42.49028],[27.474,42.49048],[27.47403,42.49053],[27.47417,42.4906],[27.47496,42.4906],[27.47543,42.49059],[27.47542,42.49069],[27.47542,42.49135],[27.4761,42.49144],[27.47675,42.4916],[27.47749,42.49179],[27.47775,42.49186],[27.47775,42.49186],[27.47882,42.49214],[27.48,42.49283],[27.4809,42.49419],[27.47994,42.49874],[27.47787,42.50089],[27.47717,42.50148],[27.47717,42.50148],[27.47478,42.50383],[27.47459,42.50399],[27.47373,42.50482],[27.47373,42.50482],[27.47182,42.50659],[27.47091,42.50746],[27.46934,42.50905],[27.46862,42.50973],[27.46789,42.51042],[27.46725,42.51076],[27.46666,42.51103],[27.46666,42.51103],[27.4664,42.51114],[27.46631,42.51122],[27.46577,42.51167],[27.46507,42.51245],[27.46463,42.51298],[27.4642,42.51344],[27.46361,42.51412],[27.46316,42.51464],[27.46316,42.51464],[27.46143,42.51692],[27.46136,42.517],[27.4614,42.51711],[27.46142,42.51726],[27.46139,42.51734],[27.46128,42.51749],[27.46111,42.5176],[27.46089,42.51766],[27.46085,42.51766],[27.46079,42.51777],[27.46074,42.51783],[27.45874,42.51984],[27.45874,42.51984],[27.45738,42.52136],[27.45709,42.52169],[27.45669,42.52219],[27.45598,42.52299],[27.45527,42.52387],[27.45475,42.52452],[27.45415,42.52525],[27.45311,42.52653],[27.45276,42.52693],[27.45275,42.52696],[27.45295,42.52728],[27.45308,42.52742],[27.45322,42.5275],[27.45348,42.52764],[27.45456,42.5281],[27.45546,42.52844],[27.45618,42.52869],[27.45779,42.52925],[27.45847,42.5295],[27.45847,42.5295],[27.46233,42.53084],[27.46282,42.531],[27.4636,42.53116],[27.46462,42.53131],[27.46536,42.53137],[27.46626,42.53137],[27.46638,42.53137],[27.46639,42.53137],[27.46827,42.53125],[27.46848,42.53119],[27.46865,42.53109],[27.46871,42.53101],[27.4688,42.53093],[27.46895,42.53086],[27.46912,42.53083],[27.4693,42.53084],[27.46947,42.53088],[27.46958,42.53096],[27.46967,42.53105],[27.46972,42.53115],[27.46974,42.53126],[27.46973,42.53129],[27.46973,42.53131],[27.46968,42.53142],[27.46961,42.53151],[27.46955,42.53158],[27.46951,42.53172],[27.46949,42.5319],[27.46949,42.532],[27.46966,42.53241],[27.47017,42.53343],[27.47101,42.53518],[27.47119,42.53556],[27.47137,42.53609],[27.47164,42.53721],[27.47204,42.53887],[27.47246,42.54063],[27.4726,42.54113],[27.47297,42.54229],[27.47359,42.54396],[27.47382,42.54462],[27.47407,42.54548],[27.47456,42.54736],[27.47479,42.54821],[27.475,42.54887],[27.47509,42.54916],[27.4752,42.54937],[27.4755,42.54978],[27.47583,42.5501],[27.47642,42.55057],[27.47651,42.55065],[27.47692,42.55089],[27.47717,42.55102],[27.47755,42.55116],[27.47824,42.55135],[27.47879,42.55145],[27.47945,42.55152],[27.48333,42.55181],[27.48608,42.55203],[27.48787,42.55218],[27.49026,42.55235],[27.49205,42.55248],[27.50666,42.55359],[27.50691,42.55361],[27.50818,42.55373],[27.50878,42.55383],[27.50913,42.55392],[27.50973,42.5541],[27.51042,42.55437],[27.5109,42.55461],[27.51135,42.55489],[27.51175,42.5552],[27.51236,42.55578],[27.5131,42.5566],[27.51428,42.55791],[27.51479,42.55861],[27.51513,42.55923],[27.51535,42.55965],[27.51587,42.56069],[27.51625,42.56144],[27.51662,42.56214],[27.5167,42.56218],[27.51677,42.56223],[27.51696,42.56248],[27.5172,42.56271],[27.51754,42.563],[27.51797,42.5633],[27.51836,42.56349],[27.51869,42.56362],[27.51913,42.56366],[27.51932,42.56365],[27.51957,42.5637],[27.51968,42.56377],[27.5198,42.56387],[27.5199,42.56405],[27.51991,42.5642],[27.5199,42.5643],[27.51983,42.56443],[27.51966,42.56458],[27.51947,42.56466],[27.51932,42.56469],[27.51916,42.5647],[27.51908,42.5647],[27.51902,42.56469],[27.51879,42.56477],[27.51872,42.56479],[27.51853,42.56488],[27.51836,42.56503],[27.51832,42.5651],[27.51832,42.56514],[27.51867,42.56537],[27.51911,42.56562],[27.51923,42.56557],[27.51936,42.56557],[27.51948,42.56561],[27.51957,42.56568],[27.51962,42.56577],[27.51961,42.56587],[27.51954,42.56596],[27.51943,42.56602],[27.5193,42.56604],[27.51917,42.56602],[27.51912,42.56599],[27.5187,42.56632],[27.51808,42.56595],[27.51766,42.56566],[27.51763,42.56568],[27.51616,42.56467],[27.51662,42.56428],[27.51654,42.56407],[27.51663,42.56397],[27.51687,42.56391],[27.51704,42.56397],[27.51712,42.56408],[27.51705,42.56429],[27.51799,42.56491],[27.51821,42.56495],[27.5184,42.56481],[27.51851,42.56453],[27.51852,42.56425],[27.51854,42.56404],[27.51875,42.56378],[27.51897,42.56368],[27.5192,42.56365],[27.51945,42.56364],[27.5197,42.56351],[27.51991,42.5634],[27.52099,42.56224],[27.52021,42.56183],[27.52021,42.56183],[27.52021,42.56184],[27.52005,42.56176],[27.51988,42.56166],[27.51879,42.56112],[27.51766,42.56055],[27.51742,42.56044],[27.5172,42.56032],[27.51693,42.56018],[27.51651,42.55996],[27.51696,42.5595],[27.51724,42.5592],[27.51729,42.55914],[27.51792,42.55844],[27.51828,42.55862],[27.5183,42.55867],[27.51831,42.55869],[27.51833,42.5587],[27.51878,42.55897],[27.51878,42.55897],[27.52018,42.55978],[27.52123,42.56038],[27.52234,42.56102],[27.52262,42.56118],[27.52262,42.56118],[27.52533,42.56272],[27.52558,42.56283],[27.52597,42.56294],[27.5262,42.563]]},"properties":{"line":"15","dir":"0","mode":"bus"}},{"type":"Feature","geometry":{"type":"LineString","coordinates":[[27.52611,42.56298],[27.52558,42.56283],[27.52533,42.56272],[27.52497,42.56253],[27.52442,42.56219],[27.52342,42.56162],[27.52235,42.56101],[27.52185,42.56153],[27.52185,42.56153],[27.52161,42.56177],[27.52106,42.56223],[27.52026,42.56301],[27.51997,42.56335],[27.51993,42.56339],[27.51963,42.56373],[27.51965,42.56374],[27.51971,42.56379],[27.51977,42.56383],[27.5198,42.56387],[27.5199,42.56405],[27.51991,42.56422],[27.51986,42.56438],[27.51981,42.56445],[27.51974,42.56452],[27.51957,42.56462],[27.51928,42.56469],[27.51912,42.5647],[27.51888,42.56466],[27.51875,42.5646],[27.51875,42.5646],[27.51861,42.5645],[27.51854,42.5644],[27.51853,42.56433],[27.51853,42.56429],[27.51834,42.56416],[27.51795,42.5639],[27.51742,42.56344],[27.51708,42.56314],[27.51681,42.56282],[27.51656,42.5624],[27.51653,42.56225],[27.5163,42.56185],[27.51611,42.5615],[27.51529,42.55979],[27.51489,42.55903],[27.5147,42.5587],[27.51439,42.55825],[27.51427,42.55809],[27.5129,42.55656],[27.51219,42.55578],[27.51196,42.55554],[27.51159,42.55522],[27.51126,42.55497],[27.51094,42.55476],[27.5103,42.55443],[27.5096,42.55416],[27.50874,42.55393],[27.50802,42.55381],[27.50657,42.55368],[27.50426,42.5535],[27.49533,42.55283],[27.49167,42.55255],[27.48819,42.5523],[27.4824,42.55185],[27.47906,42.55159],[27.47844,42.55151],[27.47779,42.55137],[27.4772,42.55117],[27.47683,42.551],[27.47664,42.55089],[27.47632,42.55066],[27.47588,42.55031],[27.47561,42.55021],[27.47542,42.55021],[27.47528,42.55026],[27.47528,42.55029],[27.47526,42.55031],[27.47516,42.55037],[27.47504,42.55035],[27.47499,42.55032],[27.47496,42.55028],[27.47496,42.55023],[27.47499,42.55018],[27.4751,42.55014],[27.47518,42.55014],[27.4754,42.54986],[27.47503,42.54955],[27.47441,42.54915],[27.47394,42.54893],[27.47373,42.54886],[27.47349,42.5488],[27.47274,42.54867],[27.47243,42.54865],[27.47215,42.54864],[27.47155,42.54868],[27.47126,42.54876],[27.47116,42.5488],[27.47089,42.54896],[27.47073,42.54914],[27.47067,42.54932],[27.47067,42.54946],[27.4707,42.54957],[27.47074,42.54968],[27.47081,42.54976],[27.47086,42.54983],[27.47102,42.54993],[27.47124,42.55003],[27.47154,42.55007],[27.47195,42.55005],[27.47242,42.54997],[27.47287,42.54982],[27.47315,42.54966],[27.47331,42.54952],[27.47354,42.54929],[27.47381,42.54891],[27.47415,42.54835],[27.47427,42.54812],[27.47434,42.5479],[27.47436,42.54779],[27.47437,42.54764],[27.47438,42.54741],[27.47434,42.54717],[27.47426,42.54677],[27.47396,42.5456],[27.47365,42.54451],[27.47267,42.54182],[27.47228,42.54047],[27.47149,42.53715],[27.47135,42.53651],[27.47122,42.53603],[27.4711,42.5357],[27.47107,42.5356],[27.47084,42.5351],[27.46965,42.53268],[27.46939,42.53213],[27.46927,42.53197],[27.4691,42.53178],[27.46891,42.5316],[27.46888,42.53159],[27.46825,42.53149],[27.46791,42.53145],[27.46748,42.53143],[27.46662,42.53148],[27.46662,42.53148],[27.46582,42.5315],[27.46494,42.53147],[27.46447,42.53144],[27.46398,42.53138],[27.46328,42.53125],[27.46253,42.53107],[27.46191,42.53087],[27.46084,42.53048],[27.45777,42.52938],[27.45727,42.52921],[27.45644,42.52896],[27.45644,42.52896],[27.45537,42.52858],[27.45491,42.52838],[27.45465,42.52828],[27.4532,42.52769],[27.45298,42.52758],[27.45278,42.52753],[27.45254,42.5275],[27.45227,42.52749],[27.45214,42.5275],[27.45191,42.52743],[27.45183,42.52737],[27.45178,42.52729],[27.45177,42.52719],[27.45191,42.527],[27.45222,42.52669],[27.45225,42.52667],[27.45253,42.52636],[27.45358,42.52533],[27.45373,42.52517],[27.45462,42.5242],[27.45469,42.52413],[27.45469,42.52413],[27.45591,42.5228],[27.45765,42.52077],[27.45865,42.51952],[27.45865,42.51952],[27.45986,42.51794],[27.46028,42.51737],[27.46026,42.5172],[27.46029,42.51708],[27.46037,42.51696],[27.46047,42.51689],[27.46057,42.51684],[27.46076,42.51679],[27.46096,42.51671],[27.46106,42.51664],[27.46212,42.5155],[27.4631,42.51445],[27.4631,42.51445],[27.46433,42.51308],[27.46456,42.51285],[27.46495,42.51243],[27.46607,42.51115],[27.46613,42.51114],[27.46638,42.51086],[27.46645,42.5108],[27.46662,42.51072],[27.46684,42.51067],[27.46743,42.51047],[27.46783,42.51027],[27.46804,42.51014],[27.46852,42.50967],[27.46867,42.50952],[27.46867,42.50952],[27.4708,42.50739],[27.47121,42.507],[27.47182,42.50641],[27.47182,42.50641],[27.47347,42.50485],[27.47459,42.50379],[27.47497,42.50341],[27.47497,42.50341],[27.47615,42.50226],[27.47627,42.50211],[27.47762,42.50085],[27.47814,42.50033],[27.47814,42.50033],[27.47965,42.49886],[27.47986,42.49861],[27.47993,42.49851],[27.47997,42.49833],[27.48004,42.49801],[27.48011,42.49759],[27.48043,42.49591],[27.48058,42.49515],[27.48072,42.49429],[27.48069,42.49413],[27.4806,42.4939],[27.48032,42.49357],[27.47976,42.49297],[27.4796,42.4927],[27.47954,42.49263],[27.47937,42.4925],[27.47938,42.4925],[27.47931,42.49244],[27.47927,42.49241],[27.47913,42.49231],[27.479,42.49224],[27.47887,42.49218],[27.47884,42.49217],[27.47868,42.49211],[27.47851,42.49207],[27.47835,42.49202],[27.47752,42.4918],[27.47749,42.49179],[27.47727,42.49174],[27.47675,42.4916],[27.4761,42.49144],[27.47542,42.49135],[27.47542,42.49076],[27.47542,42.49069],[27.47543,42.49062],[27.47543,42.49059],[27.47522,42.4906],[27.47496,42.4906],[27.47458,42.4906]]},"properties":{"line":"15","dir":"1","mode":"bus"}},{"type":"Feature","geometry":{"type":"LineString","coordinates":[[27.47392,42.49028],[27.47776,42.49185],[27.47776,42.49185],[27.47775,42.49186],[27.47851,42.49207],[27.47884,42.49217],[27.479,42.49224],[27.47927,42.49241],[27.47954,42.49263],[27.47986,42.49287],[27.48044,42.49348],[27.48074,42.49385],[27.48087,42.49418],[27.48089,42.49431],[27.48072,42.49516],[27.48055,42.49628],[27.48045,42.49661],[27.48035,42.49715],[27.48032,42.49733],[27.48009,42.49851],[27.48005,42.49866],[27.47974,42.49899],[27.4782,42.50049],[27.47717,42.50148],[27.47717,42.50148],[27.47478,42.50383],[27.47459,42.50399],[27.47373,42.50482],[27.47373,42.50482],[27.47182,42.50659],[27.47091,42.50746],[27.46934,42.50905],[27.46862,42.50973],[27.46789,42.51042],[27.46725,42.51076],[27.46666,42.51103],[27.46667,42.51104],[27.46666,42.51104],[27.46318,42.51465],[27.46318,42.51465],[27.46316,42.51464],[27.46143,42.51692],[27.46136,42.517],[27.4614,42.51711],[27.46142,42.51726],[27.46139,42.51734],[27.46128,42.51749],[27.46111,42.5176],[27.46089,42.51766],[27.46085,42.51766],[27.46079,42.51777],[27.46074,42.51783],[27.45874,42.51984],[27.45874,42.51985],[27.45738,42.52136],[27.45709,42.52169],[27.45669,42.52219],[27.45598,42.52299],[27.45527,42.52387],[27.45475,42.52452],[27.45415,42.52525],[27.45311,42.52653],[27.45276,42.52693],[27.45275,42.52696],[27.45295,42.52728],[27.45308,42.52742],[27.45322,42.5275],[27.45348,42.52764],[27.45456,42.5281],[27.45546,42.52844],[27.45618,42.52869],[27.45779,42.52925],[27.45847,42.5295],[27.45847,42.5295],[27.46233,42.53084],[27.46282,42.531],[27.4636,42.53116],[27.46462,42.53131],[27.46536,42.53137],[27.46626,42.53137],[27.46638,42.53137],[27.46639,42.53137],[27.46827,42.53125],[27.46848,42.53119],[27.46865,42.53109],[27.46871,42.53101],[27.4688,42.53093],[27.46895,42.53086],[27.46912,42.53083],[27.4693,42.53084],[27.46947,42.53088],[27.46958,42.53096],[27.46967,42.53105],[27.46972,42.53115],[27.46974,42.53126],[27.46973,42.53129],[27.46973,42.53131],[27.46968,42.53142],[27.46961,42.53151],[27.46955,42.53158],[27.46951,42.53172],[27.46949,42.5319],[27.46949,42.532],[27.46966,42.53241],[27.47017,42.53343],[27.47101,42.53518],[27.47119,42.53556],[27.47137,42.53609],[27.47164,42.53721],[27.47204,42.53887],[27.47246,42.54063],[27.4726,42.54113],[27.47297,42.54229],[27.47359,42.54396],[27.47382,42.54462],[27.47407,42.54548],[27.47456,42.54736],[27.47479,42.54821],[27.475,42.54887],[27.47509,42.54916],[27.4752,42.54937],[27.4755,42.54978],[27.47583,42.5501],[27.47642,42.55057],[27.47651,42.55065],[27.47692,42.55089],[27.47717,42.55102],[27.47755,42.55116],[27.47824,42.55135],[27.47879,42.55145],[27.47945,42.55152],[27.48333,42.55181],[27.48608,42.55203],[27.48787,42.55218],[27.49026,42.55235],[27.49205,42.55248],[27.50666,42.55359],[27.50691,42.55361],[27.50818,42.55373],[27.50878,42.55383],[27.50913,42.55392],[27.50973,42.5541],[27.51042,42.55437],[27.5109,42.55461],[27.51135,42.55489],[27.51175,42.5552],[27.51236,42.55578],[27.5131,42.5566],[27.51428,42.55791],[27.51479,42.55861],[27.51513,42.55923],[27.51535,42.55965],[27.51587,42.56069],[27.51625,42.56144],[27.51662,42.56214],[27.5167,42.56218],[27.51677,42.56223],[27.51696,42.56248],[27.5172,42.56271],[27.51754,42.563],[27.51797,42.5633],[27.51836,42.56349],[27.51869,42.56362],[27.51913,42.56366],[27.51932,42.56365],[27.51957,42.5637],[27.51968,42.56377],[27.5198,42.56387],[27.5199,42.56405],[27.51991,42.5642],[27.5199,42.5643],[27.51983,42.56443],[27.51966,42.56458],[27.51947,42.56466],[27.51932,42.56469],[27.51916,42.5647],[27.51896,42.56468],[27.51875,42.5646],[27.51875,42.5646],[27.51861,42.5645],[27.51854,42.5644],[27.51853,42.56433],[27.51853,42.56417],[27.51857,42.56399],[27.51875,42.56379],[27.51899,42.56368],[27.51922,42.56365],[27.51937,42.56366],[27.51962,42.56357],[27.5197,42.56353],[27.5199,42.56343],[27.52026,42.56301],[27.52104,42.56225],[27.52084,42.56215],[27.52035,42.56191],[27.52021,42.56184],[27.52021,42.56183],[27.52022,42.56182],[27.51655,42.55995],[27.5177,42.55868],[27.51792,42.55844],[27.51828,42.55862],[27.5183,42.55867],[27.51831,42.55869],[27.51833,42.5587],[27.51878,42.55897],[27.51878,42.55897],[27.52018,42.55978],[27.52123,42.56038],[27.52234,42.56102],[27.52262,42.56118],[27.52264,42.56117],[27.52442,42.56219],[27.52497,42.56253],[27.52533,42.56272],[27.52558,42.56283],[27.52617,42.563],[27.52621,42.563]]},"properties":{"line":"15А","dir":"0","mode":"bus"}},{"type":"Feature","geometry":{"type":"LineString","coordinates":[[27.52611,42.56298],[27.52558,42.56283],[27.52533,42.56272],[27.52497,42.56253],[27.52442,42.56219],[27.52342,42.56162],[27.52235,42.56101],[27.52185,42.56153],[27.52186,42.56153],[27.52186,42.56153],[27.52051,42.56279],[27.51987,42.5635],[27.5198,42.56383],[27.51994,42.56401],[27.51989,42.56432],[27.51969,42.56455],[27.51944,42.56466],[27.519,42.56472],[27.51868,42.56482],[27.51832,42.56514],[27.51869,42.56537],[27.51842,42.56566],[27.51807,42.56594],[27.51763,42.56568],[27.51618,42.56468],[27.51659,42.56432],[27.51655,42.56411],[27.51668,42.56392],[27.51692,42.56392],[27.51715,42.56407],[27.51707,42.56426],[27.5175,42.5646],[27.518,42.56492],[27.5182,42.56494],[27.51842,42.5648],[27.51853,42.56441],[27.51851,42.56429],[27.51803,42.56398],[27.51749,42.56351],[27.51696,42.563],[27.51661,42.56249],[27.51556,42.56044],[27.51489,42.55906],[27.51376,42.55748],[27.51199,42.55563],[27.50971,42.55408],[27.50625,42.5537],[27.4953,42.55283],[27.47811,42.55151],[27.47528,42.55032],[27.47528,42.55032],[27.47526,42.55031],[27.47516,42.55037],[27.47504,42.55035],[27.47499,42.55032],[27.47496,42.55028],[27.47496,42.55023],[27.47499,42.55018],[27.4751,42.55014],[27.47518,42.55014],[27.4754,42.54986],[27.47503,42.54955],[27.47441,42.54915],[27.47394,42.54893],[27.47373,42.54886],[27.47349,42.5488],[27.47274,42.54867],[27.47243,42.54865],[27.47215,42.54864],[27.47155,42.54868],[27.47126,42.54876],[27.47116,42.5488],[27.47089,42.54896],[27.47073,42.54914],[27.47067,42.54932],[27.47067,42.54946],[27.4707,42.54957],[27.47074,42.54968],[27.47081,42.54976],[27.47086,42.54983],[27.47102,42.54993],[27.47124,42.55003],[27.47154,42.55007],[27.47195,42.55005],[27.47242,42.54997],[27.47287,42.54982],[27.47315,42.54966],[27.47331,42.54952],[27.47354,42.54929],[27.47381,42.54891],[27.47415,42.54835],[27.47427,42.54812],[27.47434,42.5479],[27.47436,42.54779],[27.47437,42.54764],[27.47438,42.54741],[27.47434,42.54717],[27.47426,42.54677],[27.47396,42.5456],[27.47365,42.54451],[27.47267,42.54182],[27.47228,42.54047],[27.47149,42.53715],[27.47135,42.53651],[27.47122,42.53603],[27.4711,42.5357],[27.47107,42.5356],[27.47084,42.5351],[27.46965,42.53268],[27.46939,42.53213],[27.46927,42.53197],[27.4691,42.53178],[27.46891,42.5316],[27.46888,42.53159],[27.46825,42.53149],[27.46791,42.53145],[27.46748,42.53143],[27.46662,42.53148],[27.46662,42.53148],[27.46582,42.5315],[27.46494,42.53147],[27.46447,42.53144],[27.46398,42.53138],[27.46328,42.53125],[27.46253,42.53107],[27.46191,42.53087],[27.46084,42.53048],[27.45777,42.52938],[27.45727,42.52921],[27.45644,42.52896],[27.45644,42.52896],[27.45631,42.52892],[27.45537,42.52858],[27.4551,42.52846],[27.45491,42.52838],[27.45475,42.52832],[27.45465,42.52828],[27.4541,42.52807],[27.4532,42.52769],[27.45312,42.52764],[27.45306,42.52761],[27.45301,42.52759],[27.45298,42.52758],[27.45287,42.52755],[27.45278,42.52753],[27.45266,42.52751],[27.45254,42.5275],[27.45247,42.5275],[27.45241,42.5275],[27.45235,42.52749],[27.45227,42.52749],[27.45225,42.52749],[27.45223,42.5275],[27.45221,42.5275],[27.45214,42.5275],[27.4521,42.5275],[27.45203,42.52748],[27.45196,42.52745],[27.45191,42.52743],[27.45187,42.52741],[27.45183,42.52737],[27.45181,42.52734],[27.45178,42.52729],[27.45178,42.52727],[27.45177,42.52724],[27.45177,42.52722],[27.45177,42.52719],[27.45185,42.52708],[27.45191,42.527],[27.45201,42.5269],[27.45209,42.52682],[27.45241,42.52651],[27.45253,42.52636],[27.45285,42.52606],[27.45362,42.52529],[27.45427,42.52457],[27.45469,42.52413],[27.45469,42.52413],[27.45591,42.5228],[27.45765,42.52077],[27.45865,42.51953],[27.45865,42.51952],[27.45986,42.51794],[27.46028,42.51737],[27.46026,42.5172],[27.46029,42.51708],[27.46037,42.51696],[27.46047,42.51689],[27.46057,42.51684],[27.46076,42.51679],[27.46096,42.51671],[27.46106,42.51664],[27.46212,42.5155],[27.4631,42.51445],[27.46308,42.51444],[27.46308,42.51444],[27.46865,42.50951],[27.46865,42.50951],[27.47181,42.5064],[27.47181,42.5064],[27.47496,42.5034],[27.47496,42.5034],[27.47813,42.50032],[27.47813,42.50032],[27.47814,42.50033],[27.47965,42.49886],[27.47986,42.49861],[27.47993,42.49851],[27.47997,42.49833],[27.48004,42.49801],[27.48011,42.49759],[27.48043,42.49591],[27.48058,42.49515],[27.48072,42.49429],[27.48069,42.49413],[27.4806,42.4939],[27.48032,42.49357],[27.47976,42.49297],[27.4796,42.4927],[27.47954,42.49263],[27.47938,42.4925],[27.47937,42.4925],[27.47927,42.49241],[27.479,42.49224],[27.47884,42.49217],[27.47851,42.49207],[27.47727,42.49174],[27.4761,42.49144],[27.47542,42.49135],[27.47542,42.49076],[27.47543,42.49062],[27.47543,42.49059],[27.47522,42.4906],[27.47458,42.4906]]},"properties":{"line":"15А","dir":"1","mode":"bus"}},{"type":"Feature","geometry":{"type":"LineString","coordinates":[[27.47458,42.4907],[27.47117,42.49119],[27.47117,42.49119],[27.46668,42.49029],[27.46668,42.49024],[27.46666,42.49024],[27.46661,42.49024],[27.46647,42.49025],[27.46621,42.49028],[27.46595,42.49032],[27.46578,42.49034],[27.46546,42.49039],[27.46465,42.49052],[27.46458,42.49054],[27.4645,42.49058],[27.4636,42.49083],[27.46239,42.49117],[27.46221,42.49124],[27.46213,42.49125],[27.46199,42.4913],[27.46169,42.49143],[27.46154,42.49147],[27.46147,42.49149],[27.4613,42.49154],[27.46129,42.49154],[27.46121,42.49155],[27.46119,42.49155],[27.46106,42.49156],[27.46093,42.49157],[27.45982,42.49135],[27.45975,42.49133],[27.45971,42.49132],[27.45958,42.4913],[27.45889,42.49116],[27.4582,42.49101],[27.45701,42.49078],[27.45575,42.4906],[27.4553,42.49047],[27.45522,42.49044],[27.45491,42.49034],[27.45473,42.49019],[27.45454,42.4901],[27.45437,42.49],[27.45417,42.48988],[27.45417,42.48988],[27.45247,42.48884],[27.45142,42.48825],[27.44988,42.48735],[27.44932,42.48701],[27.44932,42.48701],[27.44786,42.48616],[27.44704,42.48569],[27.44632,42.48524],[27.44513,42.48454],[27.4445,42.48414],[27.44449,42.48413],[27.4445,42.48414],[27.44352,42.48359],[27.44238,42.4829],[27.44196,42.48264],[27.44157,42.48226],[27.44117,42.48171],[27.44103,42.48145],[27.44096,42.48127],[27.44101,42.48127],[27.44101,42.48126],[27.43957,42.47789],[27.43957,42.47789],[27.43959,42.47789],[27.43909,42.47657],[27.43895,42.47636],[27.43835,42.47579],[27.43753,42.47514],[27.43699,42.47469],[27.43668,42.47442],[27.43658,42.47436],[27.43641,42.47432],[27.43633,42.47431],[27.43615,42.47432],[27.43606,42.47441],[27.43592,42.47447],[27.43565,42.47452],[27.43539,42.4745],[27.43526,42.47445],[27.43514,42.47437],[27.43508,42.47431],[27.43498,42.47417],[27.43494,42.47406],[27.43491,42.47389],[27.43492,42.47369],[27.43502,42.47344],[27.43523,42.47325],[27.43542,42.47319],[27.43562,42.47297],[27.43595,42.47165],[27.43618,42.47085],[27.43633,42.47037],[27.4364,42.47024],[27.43647,42.47017],[27.43653,42.47014],[27.43671,42.46956],[27.43701,42.46856],[27.43713,42.46814],[27.43911,42.46157],[27.44021,42.45793],[27.44038,42.45738],[27.44065,42.45682],[27.441,42.4563],[27.44139,42.45583],[27.44181,42.45541],[27.44235,42.45499],[27.44294,42.4546],[27.4434,42.45435],[27.44626,42.45285],[27.44705,42.45242],[27.45091,42.45041],[27.45532,42.44809],[27.46008,42.44559],[27.46268,42.44423],[27.46374,42.44378],[27.46434,42.44358],[27.46492,42.4434],[27.46582,42.4432],[27.4677,42.44287],[27.46928,42.4426],[27.47134,42.44224],[27.47162,42.4422],[27.47162,42.4422],[27.47403,42.44182],[27.47477,42.44167],[27.47544,42.4415],[27.47562,42.44138],[27.47581,42.44121],[27.4759,42.44108],[27.47601,42.44088],[27.4761,42.44056],[27.4762,42.44029],[27.47646,42.43954],[27.47669,42.43945],[27.47687,42.43942],[27.47708,42.43943],[27.4772,42.43946],[27.47763,42.43988],[27.47803,42.44028],[27.47839,42.44062],[27.4785,42.44073],[27.47864,42.44077],[27.4788,42.44081],[27.47913,42.44084],[27.48015,42.44028],[27.48034,42.4402],[27.48047,42.44018],[27.48053,42.44019],[27.48064,42.4402],[27.48082,42.44039],[27.48117,42.44082],[27.48256,42.44236],[27.48421,42.4442],[27.48421,42.4442],[27.48423,42.44422],[27.48447,42.44444],[27.48455,42.44448],[27.4857,42.4449],[27.48718,42.4454],[27.48752,42.44537]]},"properties":{"line":"17","dir":"0","mode":"bus"}},{"type":"Feature","geometry":{"type":"LineString","coordinates":[[27.48752,42.44537],[27.48755,42.44537],[27.48759,42.44537],[27.48763,42.44537],[27.48769,42.44538],[27.48778,42.44541],[27.48775,42.44546],[27.48767,42.44557],[27.48718,42.4454],[27.48668,42.44524],[27.4857,42.4449],[27.48471,42.44455],[27.48455,42.44448],[27.4845,42.44446],[27.48447,42.44444],[27.48443,42.44441],[27.48423,42.44422],[27.48416,42.44413],[27.48356,42.44347],[27.48256,42.44236],[27.48192,42.44166],[27.48182,42.44156],[27.48163,42.44135],[27.48125,42.44091],[27.48117,42.44082],[27.48112,42.44076],[27.48082,42.44039],[27.48064,42.4402],[27.48053,42.44019],[27.48051,42.44018],[27.48047,42.44018],[27.48041,42.44018],[27.48034,42.4402],[27.48015,42.44028],[27.47913,42.44084],[27.47853,42.44118],[27.47851,42.44119],[27.4785,42.4412],[27.47848,42.44121],[27.47846,42.44121],[27.47842,42.44121],[27.47799,42.44148],[27.47766,42.44164],[27.4776,42.44166],[27.47752,42.44168],[27.47738,42.4417],[27.47729,42.44171],[27.4769,42.44171],[27.4765,42.4417],[27.47597,42.44169],[27.47555,42.4417],[27.47524,42.44172],[27.47503,42.44174],[27.47472,42.44177],[27.47264,42.44212],[27.47209,42.44221],[27.47158,42.4423],[27.47158,42.4423],[27.4713,42.44235],[27.47074,42.44245],[27.46991,42.44257],[27.46967,42.44261],[27.46916,42.44269],[27.46871,42.44278],[27.46797,42.44289],[27.4677,42.44294],[27.46765,42.44295],[27.46656,42.44314],[27.46575,42.44328],[27.46534,42.44338],[27.46485,42.4435],[27.46449,42.4436],[27.4641,42.44374],[27.4632,42.4441],[27.4627,42.44433],[27.45922,42.44617],[27.45814,42.44674],[27.45595,42.44789],[27.45536,42.4482],[27.45516,42.4483],[27.45306,42.44941],[27.451,42.45049],[27.44935,42.45136],[27.44819,42.45195],[27.44739,42.45238],[27.44588,42.45318],[27.44542,42.45341],[27.4436,42.45436],[27.44308,42.45465],[27.4429,42.45476],[27.44254,42.45499],[27.442,42.45541],[27.44158,42.45584],[27.44116,42.45628],[27.44081,42.45682],[27.44054,42.45738],[27.44045,42.45761],[27.44034,42.45795],[27.43935,42.46125],[27.43926,42.46157],[27.43909,42.46211],[27.43885,42.46293],[27.43879,42.46313],[27.43787,42.46616],[27.43784,42.46626],[27.43783,42.4663],[27.43685,42.46952],[27.43678,42.46977],[27.43669,42.47007],[27.43673,42.47013],[27.43674,42.47015],[27.43675,42.47016],[27.43675,42.47018],[27.43674,42.47028],[27.43667,42.47056],[27.43648,42.47147],[27.43634,42.47211],[27.43628,42.47238],[27.43622,42.47265],[27.43618,42.47287],[27.43607,42.47333],[27.43609,42.47334],[27.43615,42.4734],[27.4362,42.47347],[27.43622,42.47352],[27.43625,42.4736],[27.43627,42.47368],[27.43628,42.47373],[27.4363,42.47382],[27.4363,42.4739],[27.4363,42.47397],[27.4363,42.47401],[27.43814,42.47574],[27.43921,42.47688],[27.43952,42.47768],[27.43967,42.47813],[27.43983,42.47847],[27.44013,42.4792],[27.44056,42.48021],[27.44085,42.48099],[27.44103,42.48145],[27.44113,42.48164],[27.44114,42.48167],[27.4414,42.48205],[27.44167,42.48238],[27.44196,42.48264],[27.44215,42.48276],[27.443,42.48328],[27.44428,42.48401],[27.44513,42.48454],[27.44632,42.48524],[27.44673,42.4855],[27.44673,42.4855],[27.44725,42.48582],[27.44817,42.48635],[27.44924,42.48696],[27.44988,42.48735],[27.45026,42.48757],[27.45026,42.48757],[27.45142,42.48825],[27.45255,42.48889],[27.45437,42.49],[27.45441,42.49001],[27.45441,42.49001],[27.45842,42.49095],[27.46125,42.49155],[27.46532,42.49041],[27.46532,42.49041],[27.46687,42.49025],[27.4706,42.49104],[27.47194,42.49124],[27.47368,42.49124],[27.47538,42.49131],[27.47535,42.49072],[27.47458,42.4907]]},"properties":{"line":"17","dir":"1","mode":"bus"}},{"type":"Feature","geometry":{"type":"LineString","coordinates":[[27.41844,42.45211],[27.41788,42.45196],[27.41795,42.45176],[27.41831,42.45117],[27.41788,42.45098],[27.41738,42.45075],[27.41651,42.45049],[27.41601,42.45039],[27.41501,42.45016],[27.41476,42.45012],[27.41448,42.45011],[27.41448,42.45011],[27.4142,42.45014],[27.41408,42.45018],[27.41398,42.45024],[27.4138,42.45041],[27.41374,42.45058],[27.41369,42.45093],[27.41369,42.45124],[27.41368,42.45163],[27.4136,42.45201],[27.41336,42.45248],[27.4129,42.45305],[27.4129,42.45305],[27.41217,42.45397],[27.41194,42.45427],[27.41171,42.45448],[27.41029,42.45542],[27.40937,42.4559],[27.40937,42.4559],[27.4058,42.4578],[27.40558,42.4579],[27.40579,42.45812],[27.40596,42.45827],[27.40596,42.45827],[27.40661,42.45886],[27.40822,42.46036],[27.40856,42.46067],[27.40856,42.46067],[27.40895,42.46101],[27.40932,42.46131],[27.40959,42.4615],[27.40983,42.46162],[27.41047,42.46213],[27.41088,42.46242],[27.41124,42.46273],[27.4123,42.46364],[27.41271,42.46402],[27.41285,42.46408],[27.413,42.46412],[27.41309,42.46413],[27.41328,42.46406],[27.41341,42.46399],[27.41346,42.46374],[27.41349,42.46285],[27.41349,42.46285],[27.41352,42.46196],[27.41353,42.46181],[27.41369,42.46141],[27.4138,42.46123],[27.41412,42.46081],[27.41436,42.4605],[27.41485,42.45987],[27.41559,42.45897],[27.41559,42.45897],[27.41591,42.45858],[27.41703,42.4571],[27.41786,42.45747],[27.41879,42.45801],[27.41881,42.45801],[27.4192,42.45822],[27.41912,42.45831],[27.41868,42.45882],[27.41905,42.45899],[27.41926,42.45913],[27.41936,42.45922],[27.41944,42.45936],[27.41948,42.45945],[27.4195,42.45963],[27.4195,42.45984],[27.4193,42.46028],[27.41922,42.46045],[27.41902,42.46075],[27.41839,42.46152],[27.41832,42.46163],[27.41852,42.46194],[27.41852,42.46194],[27.41888,42.46257],[27.41902,42.46285],[27.4189,42.46341],[27.41893,42.46375],[27.41904,42.46399],[27.41924,42.46437],[27.41962,42.46479],[27.41962,42.46479],[27.42022,42.46543],[27.42058,42.46582],[27.42043,42.46595],[27.42024,42.46622],[27.42011,42.46644],[27.41993,42.46695],[27.41986,42.46717],[27.42022,42.46749],[27.42077,42.4676],[27.42144,42.46777],[27.42181,42.46789],[27.42223,42.46809],[27.42262,42.46832],[27.42292,42.46851],[27.42323,42.46877],[27.42351,42.46901],[27.42378,42.46933],[27.42436,42.47014],[27.42477,42.4707],[27.42519,42.47117],[27.42535,42.47132],[27.42536,42.47133],[27.4255,42.47145],[27.42585,42.47171],[27.42638,42.47201],[27.42678,42.47218],[27.42748,42.4724],[27.42803,42.47251],[27.42834,42.47254],[27.42934,42.47249],[27.42985,42.47249],[27.4306,42.47256],[27.43192,42.47279],[27.43192,42.47279],[27.43297,42.47298],[27.43415,42.47315],[27.43504,42.47326],[27.43517,42.47329],[27.43525,42.47324],[27.43544,42.47319],[27.43559,42.47301],[27.43565,42.47287],[27.43577,42.47237],[27.43608,42.4712],[27.43628,42.47049],[27.43637,42.4703],[27.43644,42.47019],[27.43653,42.47014],[27.43708,42.46831],[27.4392,42.46125],[27.44029,42.45763],[27.44051,42.45711],[27.44065,42.45682],[27.44078,42.45662],[27.441,42.4563],[27.44132,42.45591],[27.44181,42.45541],[27.44235,42.45499],[27.44294,42.4546],[27.44464,42.45369],[27.44658,42.45267],[27.4498,42.45097],[27.45156,42.45007],[27.45618,42.44764],[27.46008,42.44559],[27.46268,42.44423],[27.46374,42.44378],[27.46492,42.4434],[27.46582,42.4432],[27.4677,42.44287],[27.46928,42.4426],[27.47042,42.44241],[27.47162,42.4422],[27.47162,42.4422],[27.47445,42.44174],[27.47544,42.4415],[27.47575,42.44127],[27.47586,42.44115],[27.47595,42.44101],[27.47605,42.44075],[27.47615,42.44039],[27.47627,42.44013],[27.47646,42.43954],[27.4766,42.43948],[27.47677,42.43943],[27.47697,42.43942],[27.4772,42.43946],[27.47787,42.44013],[27.47828,42.44051],[27.4785,42.44073],[27.47873,42.44079],[27.47894,42.44082],[27.47913,42.44084],[27.48015,42.44028],[27.48041,42.44018],[27.48051,42.44018],[27.48064,42.4402],[27.48082,42.44039],[27.48112,42.44076],[27.48125,42.44091],[27.48192,42.44166],[27.48421,42.4442],[27.48421,42.4442],[27.48423,42.44422],[27.48447,42.44444],[27.48455,42.44448],[27.4857,42.4449],[27.48718,42.4454],[27.48752,42.44537]]},"properties":{"line":"17А","dir":"0","mode":"bus"}},{"type":"Feature","geometry":{"type":"LineString","coordinates":[[27.48752,42.44537],[27.48718,42.4454],[27.4857,42.4449],[27.48455,42.44448],[27.48447,42.44444],[27.48423,42.44422],[27.48192,42.44166],[27.48112,42.44076],[27.48082,42.44039],[27.48064,42.4402],[27.48051,42.44018],[27.48041,42.44018],[27.48015,42.44028],[27.4785,42.4412],[27.47846,42.44121],[27.47842,42.44121],[27.47799,42.44148],[27.4776,42.44166],[27.47738,42.4417],[27.4769,42.44171],[27.47597,42.44169],[27.47524,42.44172],[27.47472,42.44177],[27.47158,42.4423],[27.47158,42.4423],[27.46871,42.44278],[27.46656,42.44314],[27.46534,42.44338],[27.46449,42.4436],[27.4641,42.44374],[27.4632,42.4441],[27.4627,42.44433],[27.45922,42.44617],[27.45595,42.44789],[27.451,42.45049],[27.44819,42.45195],[27.44588,42.45318],[27.4436,42.45436],[27.4429,42.45476],[27.44254,42.45499],[27.442,42.45541],[27.44116,42.45628],[27.44081,42.45682],[27.44054,42.45738],[27.44034,42.45795],[27.43885,42.46293],[27.43678,42.46977],[27.43669,42.47007],[27.43673,42.47013],[27.43675,42.47016],[27.43674,42.47028],[27.43648,42.47147],[27.43618,42.47287],[27.43607,42.47333],[27.43609,42.47334],[27.4362,42.47347],[27.43625,42.4736],[27.43628,42.47373],[27.4363,42.47401],[27.43627,42.47413],[27.4362,42.47427],[27.43606,42.47441],[27.43592,42.47447],[27.43572,42.47452],[27.43547,42.47451],[27.43526,42.47445],[27.43514,42.47437],[27.43508,42.47431],[27.43498,42.47417],[27.43494,42.47406],[27.43491,42.47375],[27.43481,42.47361],[27.43466,42.47345],[27.43441,42.47332],[27.43425,42.47327],[27.43342,42.47317],[27.43156,42.47297],[27.43063,42.47288],[27.43062,42.47288],[27.43059,42.47288],[27.42797,42.47261],[27.42738,42.4725],[27.42669,42.47227],[27.42623,42.47205],[27.42596,42.4719],[27.42578,42.47178],[27.42578,42.47178],[27.42537,42.47147],[27.42504,42.47118],[27.42467,42.47075],[27.42373,42.46947],[27.42352,42.46918],[27.42324,42.46891],[27.42277,42.46854],[27.42243,42.46833],[27.4218,42.46801],[27.42134,42.46786],[27.42078,42.46771],[27.42016,42.4676],[27.41974,42.46755],[27.41978,42.46743],[27.41993,42.46695],[27.42011,42.46644],[27.42024,42.46622],[27.42043,42.46595],[27.42058,42.46582],[27.42022,42.46543],[27.41961,42.46478],[27.41961,42.46478],[27.41924,42.46437],[27.41904,42.46399],[27.41893,42.46375],[27.41891,42.4636],[27.4189,42.46341],[27.41902,42.46285],[27.41862,42.46209],[27.41852,42.46193],[27.41852,42.46193],[27.41832,42.46163],[27.41828,42.46159],[27.4179,42.46142],[27.41693,42.46101],[27.41738,42.46048],[27.41781,42.45996],[27.41823,42.45943],[27.41862,42.45889],[27.41879,42.45868],[27.41895,42.4585],[27.41895,42.4585],[27.41912,42.45831],[27.41852,42.45801],[27.41711,42.45728],[27.41603,42.45863],[27.41588,42.45884],[27.41588,42.45884],[27.41503,42.45992],[27.41434,42.46077],[27.41393,42.46127],[27.41377,42.46163],[27.41371,42.4618],[27.41368,42.46197],[27.41363,42.46243],[27.41362,42.46267],[27.41362,42.46267],[27.41361,42.46354],[27.41358,42.46391],[27.41353,42.46404],[27.41326,42.46445],[27.41318,42.46456],[27.41307,42.46446],[27.41259,42.46406],[27.41106,42.46273],[27.41079,42.46251],[27.40971,42.46164],[27.40959,42.4615],[27.40943,42.46139],[27.40906,42.46112],[27.40863,42.46073],[27.40836,42.46049],[27.40836,42.46049],[27.40634,42.45862],[27.40558,42.4579],[27.4063,42.45753],[27.4063,42.45753],[27.40957,42.4558],[27.40957,42.4558],[27.41029,42.45542],[27.41171,42.45448],[27.41194,42.45427],[27.41217,42.45397],[27.413,42.45293],[27.41315,42.45274],[27.41315,42.45274],[27.41336,42.45248],[27.41357,42.45208],[27.41363,42.45193],[27.41369,42.45144],[27.41369,42.45119],[27.41371,42.45072],[27.41378,42.45045],[27.4138,42.45041],[27.41398,42.45024],[27.41415,42.45016],[27.41435,42.45011],[27.41476,42.45012],[27.41501,42.45016],[27.41547,42.45027],[27.41547,42.45027],[27.41601,42.45039],[27.41651,42.45049],[27.41738,42.45075],[27.41788,42.45098],[27.41831,42.45117],[27.41811,42.45151]]},"properties":{"line":"17А","dir":"1","mode":"bus"}},{"type":"Feature","geometry":{"type":"LineString","coordinates":[[27.45906,42.50309],[27.45914,42.5029],[27.45878,42.50271],[27.45813,42.50235],[27.458,42.50226],[27.45814,42.50187],[27.45829,42.50136],[27.45835,42.50109],[27.45855,42.50088],[27.4586,42.50085],[27.45874,42.50081],[27.45889,42.5008],[27.45922,42.50082],[27.46014,42.501],[27.46014,42.501],[27.46265,42.5015],[27.46387,42.5017],[27.46495,42.5019],[27.46495,42.5019],[27.46721,42.50233],[27.46748,42.50241],[27.46805,42.5025],[27.46866,42.50264],[27.4696,42.50284],[27.47015,42.50297],[27.47044,42.50302],[27.47189,42.50329],[27.47189,42.50329],[27.47334,42.50356],[27.47416,42.50373],[27.47459,42.50379],[27.47497,42.50341],[27.47497,42.50341],[27.47615,42.50226],[27.47627,42.50211],[27.47762,42.50085],[27.47814,42.50033],[27.47814,42.50033],[27.47965,42.49886],[27.47986,42.49861],[27.47993,42.49851],[27.47997,42.49833],[27.48004,42.49801],[27.48011,42.49759],[27.48043,42.49591],[27.48058,42.49515],[27.48072,42.49429],[27.48069,42.49413],[27.4806,42.4939],[27.48032,42.49357],[27.47976,42.49297],[27.4796,42.4927],[27.47954,42.49263],[27.47937,42.4925],[27.47937,42.4925],[27.47927,42.49241],[27.479,42.49224],[27.47884,42.49217],[27.47851,42.49207],[27.47727,42.49174],[27.4761,42.49144],[27.47523,42.49134],[27.47338,42.49126],[27.47251,42.49125],[27.47192,42.49129],[27.47165,42.49129],[27.47126,42.49121],[27.47117,42.49119],[27.47049,42.49106],[27.46898,42.4907],[27.46777,42.49042],[27.46735,42.49031],[27.46681,42.49025],[27.46668,42.49024],[27.46667,42.49024],[27.46621,42.49028],[27.46465,42.49052],[27.4645,42.49058],[27.46239,42.49117],[27.46213,42.49125],[27.46169,42.49143],[27.46129,42.49154],[27.46106,42.49156],[27.46093,42.49157],[27.45982,42.49135],[27.45975,42.49133],[27.45958,42.4913],[27.4582,42.49101],[27.45701,42.49078],[27.45575,42.4906],[27.45522,42.49044],[27.45491,42.49034],[27.45473,42.49019],[27.45437,42.49],[27.45417,42.48988],[27.45417,42.48988],[27.45247,42.48884],[27.45142,42.48825],[27.44988,42.48735],[27.44932,42.48701],[27.44932,42.48701],[27.44786,42.48616],[27.44704,42.48569],[27.44632,42.48524],[27.44513,42.48454],[27.4445,42.48414],[27.44449,42.48413],[27.44352,42.48359],[27.44238,42.4829],[27.44196,42.48264],[27.44157,42.48226],[27.44117,42.48171],[27.44112,42.48162],[27.44096,42.48128],[27.44096,42.48127],[27.44072,42.48064],[27.44056,42.48021],[27.44019,42.47936],[27.44003,42.47897],[27.43967,42.47813],[27.43959,42.47789],[27.43959,42.47789],[27.43909,42.47657],[27.43895,42.47636],[27.4388,42.47621],[27.43895,42.47608],[27.43904,42.47591],[27.43921,42.47544],[27.43941,42.47488],[27.43941,42.47488],[27.44001,42.47351],[27.44001,42.47351],[27.44026,42.4729],[27.44072,42.47183],[27.44072,42.47183],[27.44274,42.46725],[27.44274,42.46725],[27.44107,42.47103],[27.44107,42.47103],[27.44016,42.47314],[27.44016,42.47314],[27.43996,42.47364],[27.43971,42.47421],[27.43939,42.47493],[27.43921,42.47544],[27.43904,42.47591],[27.43895,42.47608],[27.4388,42.47621],[27.43835,42.47579],[27.43753,42.47514],[27.43699,42.47469],[27.43668,42.47442],[27.43658,42.47436],[27.43641,42.47432],[27.43633,42.47431],[27.43615,42.47432],[27.43606,42.47441],[27.43592,42.47447],[27.43565,42.47452],[27.43539,42.4745],[27.43526,42.47445],[27.43514,42.47437],[27.43508,42.47431],[27.43498,42.47417],[27.43494,42.47406],[27.43491,42.47389],[27.43491,42.47375],[27.43481,42.47361],[27.43466,42.47345],[27.43441,42.47332],[27.43425,42.47327],[27.43342,42.47317],[27.43156,42.47297],[27.43063,42.47288],[27.43063,42.47288],[27.42842,42.47267],[27.42772,42.47258],[27.42697,42.47263],[27.4262,42.4727],[27.42545,42.4729],[27.42449,42.47309],[27.42404,42.47317],[27.42329,42.47321],[27.42206,42.47324],[27.42143,42.47323],[27.42032,42.47325],[27.41985,42.4733],[27.41932,42.47339],[27.41887,42.47354],[27.41838,42.4738],[27.41804,42.47404],[27.41747,42.47452],[27.41747,42.47452],[27.41622,42.47556],[27.41445,42.477],[27.41409,42.47723],[27.41374,42.47739],[27.41341,42.47749],[27.41307,42.47754],[27.4127,42.47756],[27.41225,42.47755],[27.40971,42.4774],[27.40847,42.47734],[27.40816,42.47732],[27.40758,42.47728],[27.40714,42.47721],[27.40526,42.47682],[27.40526,42.47682],[27.40363,42.47649],[27.40318,42.47637],[27.40275,42.47621],[27.40241,42.47606],[27.4014,42.47561],[27.39909,42.47458],[27.39871,42.47446],[27.39856,42.47443],[27.39821,42.47441],[27.39786,42.47445],[27.39754,42.47454],[27.39726,42.47468],[27.39678,42.47502],[27.39585,42.4757],[27.39535,42.47607],[27.39475,42.4764],[27.39454,42.47648],[27.39396,42.47661],[27.39159,42.47701],[27.39121,42.47708],[27.39087,42.47717],[27.39054,42.4773],[27.39032,42.47742],[27.39014,42.47752],[27.3899,42.47769],[27.38977,42.47779],[27.3894,42.47818],[27.38854,42.47919],[27.38762,42.48024],[27.38734,42.48045],[27.38703,42.48062],[27.38668,42.48076],[27.38631,42.48086],[27.38607,42.48097],[27.38591,42.48109],[27.38565,42.48142],[27.38549,42.48156],[27.38437,42.48226],[27.38286,42.48321],[27.38286,42.48321],[27.38089,42.48453],[27.3803,42.48489],[27.37949,42.48545]]},"properties":{"line":"81","dir":"Г. Езерово, Площада","mode":"bus"}},{"type":"Feature","geometry":{"type":"LineString","coordinates":[[27.37949,42.48545],[27.37923,42.48562],[27.37866,42.48579],[27.37835,42.48583],[27.37809,42.48581],[27.37794,42.48576],[27.37782,42.4857],[27.3777,42.48557],[27.37765,42.48544],[27.37761,42.48508],[27.37761,42.48425],[27.3776,42.48378],[27.37756,42.48373],[27.37756,42.48373],[27.37698,42.48297],[27.37772,42.48255],[27.37834,42.48213],[27.37839,42.4821],[27.37951,42.48107],[27.37956,42.48086],[27.38075,42.48086],[27.38183,42.48086],[27.38324,42.48087],[27.38421,42.48088],[27.38568,42.4809],[27.38631,42.48086],[27.38668,42.48076],[27.38703,42.48062],[27.38734,42.48045],[27.38762,42.48024],[27.3894,42.47818],[27.38977,42.47779],[27.3899,42.47769],[27.39014,42.47752],[27.39054,42.4773],[27.39087,42.47717],[27.39121,42.47708],[27.39327,42.47673],[27.39454,42.47648],[27.39475,42.4764],[27.39535,42.47607],[27.3958,42.47574],[27.3958,42.47574],[27.39585,42.4757],[27.39678,42.47502],[27.39726,42.47468],[27.39754,42.47454],[27.39786,42.47445],[27.39821,42.47441],[27.39856,42.47443],[27.39871,42.47446],[27.39909,42.47458],[27.40004,42.475],[27.40223,42.47598],[27.40275,42.47621],[27.40318,42.47637],[27.40363,42.47649],[27.40737,42.47725],[27.40798,42.47732],[27.4084,42.47734],[27.41257,42.47756],[27.41293,42.47755],[27.41329,42.47751],[27.41355,42.47746],[27.41392,42.47732],[27.41432,42.47709],[27.4147,42.47681],[27.41564,42.47603],[27.41744,42.47454],[27.41744,42.47454],[27.41746,42.47453],[27.41791,42.47414],[27.41825,42.47389],[27.41862,42.47366],[27.41909,42.47346],[27.41932,42.47339],[27.41985,42.4733],[27.42032,42.47325],[27.42143,42.47323],[27.42206,42.47324],[27.42329,42.47321],[27.42404,42.47317],[27.42449,42.47309],[27.42545,42.4729],[27.4262,42.4727],[27.42637,42.47258],[27.42678,42.47218],[27.42748,42.4724],[27.42803,42.47251],[27.42834,42.47254],[27.42934,42.47249],[27.42985,42.47249],[27.4306,42.47256],[27.43192,42.47279],[27.43192,42.47279],[27.43494,42.47325],[27.43559,42.47312],[27.43624,42.47345],[27.43654,42.47408],[27.43698,42.47468],[27.43862,42.47596],[27.43941,42.47489],[27.43941,42.47488],[27.44001,42.47351],[27.44001,42.47351],[27.44072,42.47183],[27.44072,42.47183],[27.44274,42.46725],[27.44274,42.46725],[27.44107,42.47103],[27.44107,42.47103],[27.44016,42.47314],[27.44016,42.47314],[27.43996,42.47364],[27.43971,42.47421],[27.43934,42.47506],[27.43915,42.47559],[27.43904,42.47591],[27.43905,42.47603],[27.43907,42.47612],[27.43914,42.47644],[27.43914,42.47649],[27.43909,42.47657],[27.43921,42.47688],[27.43921,42.47688],[27.43952,42.47768],[27.43967,42.47813],[27.43983,42.47847],[27.44013,42.4792],[27.44056,42.48021],[27.44085,42.48099],[27.44103,42.48145],[27.44112,42.48162],[27.44119,42.48163],[27.44144,42.48204],[27.44171,42.48236],[27.44201,42.48263],[27.44219,42.48275],[27.44304,42.48326],[27.44457,42.48418],[27.44511,42.48453],[27.44621,42.48517],[27.44673,42.4855],[27.44673,42.4855],[27.44786,42.48616],[27.44851,42.48653],[27.44952,42.48712],[27.45026,42.48757],[27.45026,42.48757],[27.45142,42.48825],[27.45255,42.48889],[27.45437,42.49],[27.4544,42.49002],[27.4544,42.49002],[27.45473,42.49019],[27.4554,42.49041],[27.4562,42.49055],[27.45729,42.49072],[27.45949,42.49117],[27.45989,42.49124],[27.46081,42.49141],[27.46121,42.49151],[27.46134,42.4915],[27.46158,42.49143],[27.46219,42.4912],[27.46357,42.49079],[27.46447,42.49053],[27.46458,42.49054],[27.46532,42.49041],[27.46532,42.49041],[27.46621,42.49028],[27.46673,42.49024],[27.46735,42.49031],[27.46868,42.49063],[27.47059,42.49108],[27.47165,42.49129],[27.47238,42.49126],[27.47288,42.49125],[27.47437,42.49131],[27.47439,42.49131],[27.47542,42.49135],[27.4761,42.49144],[27.47675,42.4916],[27.47749,42.49179],[27.47775,42.49186],[27.47775,42.49186],[27.47851,42.49207],[27.47884,42.49217],[27.479,42.49224],[27.47927,42.49241],[27.47954,42.49263],[27.47986,42.49287],[27.48044,42.49348],[27.48074,42.49385],[27.48087,42.49418],[27.48089,42.49431],[27.48072,42.49516],[27.48055,42.49628],[27.48045,42.49661],[27.48035,42.49715],[27.48032,42.49733],[27.48009,42.49851],[27.48005,42.49866],[27.48013,42.49896],[27.48018,42.4994],[27.48052,42.50137],[27.48052,42.50137],[27.48066,42.50222],[27.48076,42.50287],[27.48081,42.50358],[27.48087,42.50394],[27.48089,42.50425],[27.48092,42.50464],[27.48088,42.50544],[27.4807,42.50605],[27.48065,42.50622],[27.48021,42.50619],[27.47999,42.50619],[27.47989,42.50618],[27.47989,42.50618],[27.47884,42.50609],[27.47788,42.506],[27.47765,42.50593],[27.47741,42.50579],[27.47729,42.50564],[27.47708,42.50527],[27.47696,42.50515],[27.47681,42.50502],[27.47662,42.50491],[27.47639,42.50477],[27.47616,42.50463],[27.47588,42.50451],[27.47575,42.50445],[27.47566,42.50435],[27.47541,42.50414],[27.47523,42.504],[27.47503,42.50389],[27.47459,42.50379],[27.47416,42.50373],[27.47289,42.50348],[27.47203,42.50332],[27.47203,42.50332],[27.47029,42.503],[27.4691,42.50272],[27.46807,42.50251],[27.46754,42.50242],[27.46729,42.50244],[27.46615,42.50223],[27.46191,42.50144],[27.46013,42.50106],[27.46013,42.50106],[27.45934,42.5009],[27.45902,42.50087],[27.4588,42.50089],[27.45866,42.50095],[27.45846,42.50113],[27.45834,42.50128],[27.45829,42.50136],[27.45815,42.50183],[27.45811,42.50196],[27.458,42.50226],[27.45778,42.50252],[27.45732,42.50316],[27.45728,42.50328]]},"properties":{"line":"82","dir":"Автогара Запад","mode":"bus"}},{"type":"Feature","geometry":{"type":"LineString","coordinates":[[27.41844,42.45211],[27.41789,42.45196],[27.41799,42.45179],[27.41831,42.45117],[27.41788,42.45098],[27.41738,42.45075],[27.41651,42.45049],[27.41601,42.45039],[27.41501,42.45016],[27.41476,42.45012],[27.41448,42.45011],[27.41448,42.45011],[27.4142,42.45014],[27.41408,42.45018],[27.41398,42.45024],[27.4138,42.45041],[27.41374,42.45058],[27.41369,42.45093],[27.41369,42.45124],[27.41368,42.45163],[27.4136,42.45201],[27.41336,42.45248],[27.4129,42.45305],[27.4129,42.45305],[27.4123,42.45381],[27.41203,42.45417],[27.41173,42.45446],[27.41131,42.45473],[27.41029,42.45542],[27.40964,42.45576],[27.40937,42.4559],[27.40937,42.4559],[27.4058,42.4578],[27.40558,42.4579],[27.40541,42.45774],[27.40541,42.45774],[27.40428,42.45669],[27.40381,42.45629],[27.4032,42.45576],[27.40311,42.4558],[27.40307,42.45582],[27.403,42.45587],[27.40257,42.45623],[27.40233,42.45661],[27.40212,42.45676],[27.40214,42.45676],[27.40214,42.45676],[27.40225,42.45675],[27.40238,42.45679],[27.40264,42.45722],[27.40285,42.45746],[27.40245,42.45768],[27.4023,42.45778],[27.40179,42.45824],[27.40144,42.45813],[27.40113,42.4587],[27.40111,42.45875],[27.40111,42.45875],[27.40087,42.45935],[27.4009,42.45942],[27.40243,42.46003],[27.40283,42.46021],[27.40305,42.46058],[27.4033,42.46088],[27.40363,42.46133],[27.40364,42.46134],[27.40403,42.46178],[27.40422,42.46196],[27.40443,42.46208],[27.40465,42.4622],[27.40477,42.46232],[27.40492,42.46251],[27.40499,42.46264],[27.40531,42.46342],[27.40531,42.46342],[27.40549,42.46381],[27.40578,42.46375],[27.406,42.46369],[27.40618,42.46359],[27.40734,42.46261],[27.4084,42.46169],[27.4084,42.46169],[27.40893,42.46124],[27.40906,42.46112],[27.40932,42.46131],[27.40959,42.4615],[27.40983,42.46162],[27.41047,42.46213],[27.41088,42.46242],[27.41124,42.46273],[27.4123,42.46364],[27.41271,42.46402],[27.41285,42.46408],[27.413,42.46412],[27.41309,42.46413],[27.41328,42.46406],[27.41341,42.46399],[27.41346,42.46374],[27.41349,42.46285],[27.41349,42.46285],[27.41352,42.46196],[27.41353,42.46181],[27.41369,42.46141],[27.4138,42.46123],[27.41412,42.46081],[27.41436,42.4605],[27.41485,42.45987],[27.41559,42.45897],[27.41559,42.45897],[27.41591,42.45858],[27.41703,42.4571],[27.41786,42.45747],[27.41879,42.45801],[27.41881,42.45801],[27.4192,42.45822],[27.41912,42.45831],[27.41868,42.45882],[27.41905,42.45899],[27.41926,42.45913],[27.41936,42.45922],[27.41944,42.45936],[27.41948,42.45945],[27.4195,42.45963],[27.4195,42.45984],[27.4193,42.46028],[27.41922,42.46045],[27.41902,42.46075],[27.41839,42.46152],[27.41832,42.46163],[27.41852,42.46194],[27.41852,42.46194],[27.41888,42.46257],[27.41902,42.46285],[27.4189,42.46341],[27.41893,42.46375],[27.41904,42.46399],[27.41924,42.46437],[27.41962,42.46479],[27.41962,42.46479],[27.42022,42.46543],[27.42058,42.46582],[27.42043,42.46595],[27.42024,42.46622],[27.42011,42.46644],[27.41993,42.46695],[27.41986,42.46717],[27.42022,42.46749],[27.42077,42.4676],[27.42144,42.46777],[27.42181,42.46789],[27.42223,42.46809],[27.42262,42.46832],[27.42309,42.46864],[27.42359,42.4691],[27.42426,42.46998],[27.42477,42.4707],[27.4253,42.47127],[27.42535,42.47132],[27.42536,42.47133],[27.4255,42.47145],[27.42585,42.47171],[27.42638,42.47201],[27.42678,42.47218],[27.42748,42.4724],[27.42803,42.47251],[27.42834,42.47254],[27.42934,42.47249],[27.42985,42.47249],[27.4306,42.47256],[27.43192,42.47279],[27.43192,42.47279],[27.43297,42.47298],[27.43415,42.47315],[27.43504,42.47326],[27.43517,42.47329],[27.43525,42.47324],[27.43544,42.47319],[27.4357,42.47317],[27.43581,42.47319],[27.43603,42.47329],[27.43609,42.47334],[27.4362,42.47347],[27.43625,42.4736],[27.43628,42.47373],[27.4363,42.47401],[27.43627,42.47413],[27.4362,42.47427],[27.43606,42.47441],[27.43592,42.47447],[27.43576,42.47468],[27.4357,42.47545],[27.4357,42.47601],[27.43584,42.47731],[27.43584,42.4775],[27.43579,42.47766],[27.43603,42.4785],[27.43631,42.4792],[27.43662,42.47986],[27.43704,42.48057],[27.43739,42.48108],[27.43774,42.48157],[27.43827,42.48225],[27.4395,42.48356],[27.44192,42.48581],[27.44544,42.48897],[27.44773,42.49103],[27.44857,42.49178],[27.45004,42.49308],[27.45034,42.49315],[27.45052,42.49317],[27.45068,42.49316],[27.45081,42.49316],[27.45102,42.49302],[27.45192,42.49245],[27.45318,42.49155],[27.45395,42.49106],[27.45439,42.49077],[27.45439,42.49077],[27.45441,42.49076],[27.45491,42.49034],[27.45498,42.49027],[27.4554,42.49041],[27.45611,42.49054],[27.45658,42.49061],[27.45803,42.49087],[27.45954,42.49118],[27.46062,42.49137],[27.46124,42.49151],[27.46147,42.49147],[27.46219,42.4912],[27.46447,42.49053],[27.46465,42.49052],[27.46533,42.49041],[27.46532,42.49041],[27.46532,42.49041],[27.46621,42.49028],[27.46673,42.49024],[27.46735,42.49031],[27.46868,42.49063],[27.47059,42.49108],[27.47165,42.49129],[27.47192,42.49129],[27.47189,42.49135],[27.47174,42.49165],[27.47171,42.49171],[27.4716,42.49191],[27.4716,42.49191],[27.47133,42.49244],[27.47107,42.49297],[27.47099,42.49305],[27.47066,42.49342],[27.47035,42.49411],[27.47017,42.49451],[27.46983,42.49532],[27.46952,42.49601],[27.46896,42.49748],[27.46877,42.49798],[27.46877,42.49798],[27.46836,42.49916],[27.46811,42.49981],[27.46789,42.50045],[27.46766,42.50117],[27.46768,42.50125],[27.46752,42.50173],[27.46719,42.50274],[27.4671,42.50283],[27.467,42.50287],[27.46633,42.50316],[27.46633,42.50316],[27.46427,42.50409],[27.46361,42.50439],[27.4634,42.50447],[27.46326,42.50453],[27.46315,42.50463],[27.46309,42.50465],[27.46307,42.5047],[27.46301,42.50473],[27.46282,42.50482],[27.46274,42.50488],[27.46269,42.50498],[27.46271,42.50513],[27.46272,42.5052],[27.4627,42.50526],[27.46274,42.50538],[27.46278,42.5055],[27.46281,42.50564],[27.46281,42.50564],[27.46286,42.50584],[27.46285,42.506],[27.46319,42.50739],[27.4633,42.50779],[27.46333,42.50784],[27.4636,42.50881],[27.46379,42.50953],[27.46369,42.50964],[27.46359,42.50969],[27.46325,42.50983],[27.46165,42.51047],[27.46022,42.51115],[27.45937,42.51155],[27.45937,42.51155],[27.45763,42.51238],[27.45683,42.51275],[27.45683,42.51275],[27.45292,42.51455],[27.45292,42.51455],[27.44995,42.5159],[27.44962,42.51603],[27.44937,42.51614],[27.44937,42.51614],[27.44802,42.51677],[27.44696,42.51723],[27.44668,42.51738],[27.44545,42.51793],[27.44543,42.51794],[27.44366,42.51876],[27.44256,42.51928],[27.44209,42.51951],[27.44209,42.51951],[27.4416,42.51975],[27.44121,42.51983],[27.4408,42.51995],[27.44037,42.52013],[27.43994,42.52034],[27.43994,42.52038],[27.43994,42.52042],[27.43993,42.52052],[27.43981,42.52063],[27.4397,42.52067],[27.43958,42.52068],[27.43947,42.52065],[27.43938,42.5206],[27.43932,42.52052],[27.4393,42.52041],[27.43934,42.52031],[27.43905,42.52003],[27.43884,42.51982],[27.43869,42.51961],[27.43869,42.51961],[27.43866,42.51956],[27.43848,42.5192],[27.43837,42.51901],[27.43822,42.51901],[27.43819,42.51901],[27.43816,42.51901],[27.43813,42.51903],[27.4381,42.51904],[27.43807,42.51907],[27.43804,42.51911],[27.43803,42.51915],[27.43803,42.5192],[27.43807,42.51921],[27.43809,42.51923],[27.4381,42.51924],[27.43847,42.51971],[27.4385,42.51975],[27.43851,42.51979],[27.4385,42.51981],[27.43851,42.51979],[27.43855,42.51992],[27.4386,42.52043],[27.43862,42.52046],[27.43865,42.52057],[27.43872,42.52072],[27.43882,42.52083],[27.43917,42.52064],[27.43918,42.52063],[27.43932,42.52052],[27.43931,42.5205],[27.43931,42.52047],[27.4393,42.52044],[27.4393,42.52041],[27.43931,42.52039],[27.43931,42.52036],[27.43932,42.52033],[27.43934,42.52031],[27.43935,42.52029],[27.43937,42.52027],[27.43939,42.52026],[27.4394,42.52025],[27.43942,42.52024],[27.43945,42.52023],[27.43947,42.52022],[27.43949,42.52021],[27.43956,42.52019],[27.4396,42.52019],[27.43963,42.52019],[27.43967,42.52019],[27.43971,42.5202],[27.43974,42.5202],[27.43978,42.52022],[27.43981,42.52023],[27.43984,42.52025],[27.43986,42.52025],[27.43987,42.52026],[27.43988,42.52027],[27.4399,42.52029],[27.43991,42.5203],[27.43992,42.52031],[27.43992,42.52032],[27.43993,42.52034],[27.43994,42.52034],[27.43994,42.52035],[27.43994,42.52036],[27.43994,42.52037],[27.43994,42.52038],[27.43995,42.52039],[27.43994,42.5204],[27.43994,42.52041],[27.43994,42.52042],[27.43994,42.52044],[27.43994,42.52045],[27.43994,42.52046],[27.43994,42.52047],[27.43994,42.52049],[27.43994,42.5205],[27.43994,42.52051],[27.44045,42.52075],[27.44047,42.52076],[27.44098,42.521],[27.44111,42.52107],[27.44235,42.52173],[27.44363,42.52245],[27.44408,42.52273],[27.4444,42.52289],[27.44588,42.52369],[27.44611,42.52382],[27.4467,42.52414],[27.4469,42.52425],[27.44709,42.52435],[27.44794,42.52481],[27.44878,42.52523],[27.45029,42.52597],[27.45049,42.52606],[27.45148,42.5265],[27.45163,42.52658],[27.45181,42.52664],[27.452,42.52668],[27.45222,42.52669],[27.45224,42.52668],[27.45225,42.52667],[27.45233,42.52667],[27.45239,42.52668],[27.45244,42.52669],[27.45253,42.52672],[27.45261,42.52676],[27.45267,42.52681],[27.45271,42.52685],[27.45274,42.52688],[27.45276,42.52693],[27.45275,42.52696],[27.45295,42.52728],[27.45298,42.52733],[27.45308,42.52742],[27.45314,42.52746],[27.45322,42.5275],[27.45327,42.52753],[27.45332,42.52756],[27.45341,42.52761],[27.45348,42.52764],[27.45364,42.52771],[27.45396,42.52785],[27.4545,42.52808],[27.45456,42.5281],[27.45493,42.52825],[27.45546,42.52844],[27.45617,42.52869],[27.45618,42.52869],[27.45645,42.52878],[27.45755,42.52917],[27.4585,42.52951],[27.46123,42.53047],[27.46148,42.53055],[27.46233,42.53084],[27.46253,42.5309],[27.46282,42.53097],[27.46311,42.53104],[27.46415,42.53123],[27.46488,42.53131],[27.46535,42.53134],[27.46573,42.53135],[27.46623,42.53135],[27.46807,42.53124],[27.46821,42.53124],[27.46835,42.53121],[27.46842,42.53119],[27.4685,42.53115],[27.46865,42.53109],[27.46866,42.53108],[27.46867,42.53106],[27.46869,42.53104],[27.46871,42.53101],[27.46873,42.53099],[27.46875,42.53097],[27.46877,42.53095],[27.4688,42.53093],[27.46887,42.53089],[27.46895,42.53086],[27.46903,42.53084],[27.46912,42.53083],[27.46921,42.53083],[27.4693,42.53084],[27.46939,42.53086],[27.46947,42.53088],[27.46953,42.53092],[27.46958,42.53096],[27.46963,42.531],[27.46967,42.53105],[27.4697,42.5311],[27.46972,42.53115],[27.46973,42.53121],[27.46974,42.53126],[27.46974,42.53127],[27.46973,42.53127],[27.46973,42.53128],[27.46973,42.53129],[27.46973,42.5313],[27.46973,42.53131],[27.46972,42.53134],[27.46971,42.53136],[27.4697,42.53139],[27.46968,42.53142],[27.46967,42.53144],[27.46965,42.53146],[27.46963,42.53149],[27.46961,42.53151],[27.46954,42.53156],[27.46946,42.5316],[27.46938,42.53162],[27.46929,42.53164],[27.46919,42.53165],[27.4691,42.53165],[27.46901,42.53163],[27.46892,42.53161],[27.46891,42.5316],[27.4689,42.5316],[27.46889,42.53159],[27.46888,42.53159],[27.4687,42.53156],[27.46857,42.53153],[27.46825,42.53147],[27.46808,42.53143],[27.4679,42.53142],[27.46773,42.5314],[27.46747,42.53139],[27.46685,42.53143],[27.46662,42.53143],[27.46662,42.53143],[27.46607,42.53145],[27.46596,42.53145],[27.46579,42.53146],[27.4653,42.53146],[27.46529,42.53146],[27.46497,42.53144],[27.46471,42.53142],[27.46446,42.5314],[27.46417,42.53137],[27.46394,42.53134],[27.46358,42.53128],[27.46331,42.53123],[27.46295,42.53115],[27.46252,42.53105],[27.46239,42.53101],[27.46197,42.53089],[27.46191,42.53087],[27.46184,42.53085],[27.46134,42.53067],[27.4613,42.53065],[27.46084,42.53048],[27.46013,42.53021],[27.45899,42.52981],[27.45855,42.52966],[27.45747,42.52927],[27.45694,42.52913],[27.45631,42.52892],[27.45537,42.52858],[27.4551,42.52846],[27.45491,42.52838],[27.45475,42.52832],[27.45465,42.52828],[27.4541,42.52807],[27.4532,42.52769],[27.45312,42.52764],[27.45306,42.52761],[27.45301,42.52759],[27.45298,42.52758],[27.45287,42.52755],[27.45278,42.52753],[27.45266,42.52751],[27.45254,42.5275],[27.45247,42.5275],[27.45241,42.5275],[27.45235,42.52749],[27.45227,42.52749],[27.45225,42.52749],[27.45223,42.5275],[27.45221,42.5275],[27.45214,42.5275],[27.4521,42.5275],[27.45203,42.52748],[27.45196,42.52745],[27.45191,42.52743],[27.45187,42.52741],[27.45183,42.52737],[27.45181,42.52734],[27.45178,42.52729],[27.45178,42.52727],[27.45177,42.52724],[27.45177,42.52722],[27.45177,42.52719],[27.45166,42.52705],[27.45143,42.52677],[27.45137,42.5267],[27.4513,42.52665],[27.45067,42.52631],[27.45065,42.5263],[27.45011,42.52603],[27.44976,42.52586],[27.44904,42.52551],[27.44864,42.52531],[27.44829,42.52513],[27.4481,42.52503],[27.44784,42.5249],[27.44782,42.52489],[27.44729,42.5247],[27.44673,42.52449],[27.44664,42.52444],[27.44626,42.52425],[27.44615,42.52419],[27.44542,42.52378],[27.44496,42.52355],[27.44391,42.52284],[27.44353,42.52256],[27.44298,42.5222],[27.44257,42.52198],[27.44206,42.52169],[27.44189,42.52161],[27.44043,42.52088],[27.44001,42.52067],[27.43985,42.52061],[27.43981,42.52063],[27.43978,42.52065],[27.43976,42.52066],[27.43973,42.52067],[27.4397,42.52067],[27.43967,42.52068],[27.43964,42.52068],[27.43961,42.52068],[27.43958,42.52068],[27.43955,42.52068],[27.43952,42.52067],[27.43949,42.52066],[27.43947,42.52065],[27.43944,42.52064],[27.43942,42.52063],[27.4394,42.52061],[27.43938,42.5206],[27.43936,42.52058],[27.43935,42.52056],[27.43933,42.52054],[27.43932,42.52052],[27.43931,42.5205],[27.43931,42.52047],[27.4393,42.52044],[27.4393,42.52041],[27.43931,42.52039],[27.43931,42.52036],[27.43932,42.52035],[27.43934,42.52031],[27.43905,42.52003],[27.43884,42.51982],[27.43866,42.51956],[27.43837,42.51901],[27.43819,42.51901],[27.43813,42.51903],[27.43811,42.51904]]},"properties":{"line":"92","dir":"Терминал Славейков","mode":"bus"}},{"type":"Feature","geometry":{"type":"LineString","coordinates":[[27.41846,42.45206],[27.41787,42.4519],[27.41795,42.45176],[27.41831,42.45117],[27.41861,42.45134],[27.41893,42.45157],[27.41907,42.45181],[27.41921,42.45211],[27.41939,42.45243],[27.41952,42.45257],[27.41976,42.45276],[27.42022,42.45296],[27.4204,42.45303],[27.41896,42.45486],[27.41896,42.45486],[27.4172,42.45717],[27.41603,42.45863],[27.41588,42.45884],[27.41588,42.45884],[27.41503,42.45992],[27.41393,42.46127],[27.41371,42.4618],[27.41368,42.46197],[27.41362,42.46267],[27.41362,42.46267],[27.41361,42.46354],[27.41358,42.46391],[27.41353,42.46404],[27.41345,42.46417],[27.41326,42.46445],[27.41402,42.4651],[27.4149,42.46582],[27.41513,42.466],[27.41574,42.46638],[27.41626,42.46663],[27.41704,42.46691],[27.41741,42.46701],[27.41809,42.46713],[27.41978,42.46743],[27.42077,42.4676],[27.42144,42.46777],[27.42181,42.46789],[27.42223,42.46809],[27.4225,42.46825],[27.42268,42.46836],[27.42309,42.46864],[27.42359,42.4691],[27.42426,42.46998],[27.42477,42.4707],[27.4253,42.47127],[27.4255,42.47145],[27.42585,42.47171],[27.42607,42.47185],[27.42638,42.47201],[27.42678,42.47218],[27.42748,42.4724],[27.42803,42.47251],[27.42834,42.47254],[27.42934,42.47249],[27.42985,42.47249],[27.4306,42.47256],[27.43251,42.47289],[27.43251,42.47289],[27.43356,42.47307],[27.43435,42.47318],[27.4351,42.47327],[27.43517,42.47329],[27.43523,42.47325],[27.43528,42.47323],[27.43551,42.47318],[27.4357,42.47317],[27.43586,42.47321],[27.43607,42.47333],[27.43615,42.4734],[27.43622,42.47352],[27.4363,42.47382],[27.43629,42.47405],[27.43624,42.4742],[27.43616,42.47431],[27.4361,42.47438],[27.43598,42.47445],[27.43592,42.47447],[27.43584,42.47455],[27.43576,42.47468],[27.4357,42.47545],[27.4357,42.47601],[27.43575,42.47661],[27.43584,42.47744],[27.43583,42.47755],[27.43579,42.47766],[27.43586,42.47792],[27.43603,42.4785],[27.4362,42.47891],[27.43634,42.47925],[27.43648,42.47957],[27.43662,42.47986],[27.43704,42.48057],[27.43774,42.48157],[27.43827,42.48225],[27.4395,42.48356],[27.44113,42.48509],[27.44288,42.48666],[27.44593,42.48941],[27.44816,42.49143],[27.44948,42.49259],[27.45004,42.49308],[27.45034,42.49315],[27.45068,42.49316],[27.45081,42.49316],[27.45102,42.49302],[27.45192,42.49245],[27.45318,42.49155],[27.45376,42.49117],[27.45426,42.49085],[27.45439,42.49077],[27.45439,42.49077],[27.45441,42.49076],[27.45488,42.49064],[27.45526,42.49057],[27.45563,42.49059],[27.45618,42.49064],[27.45692,42.49074],[27.45767,42.49091],[27.45833,42.49104],[27.4594,42.49125],[27.4611,42.49156],[27.46185,42.49133],[27.46323,42.49088],[27.46504,42.49044],[27.46674,42.49017],[27.46818,42.49045],[27.47021,42.49093],[27.47179,42.49133],[27.47337,42.49124],[27.47351,42.49081],[27.47375,42.49073],[27.47401,42.49072],[27.47414,42.49059],[27.47408,42.49072],[27.47408,42.49072],[27.47543,42.4907],[27.47538,42.49133],[27.47201,42.49134],[27.47169,42.49219],[27.47094,42.4931],[27.46952,42.49596],[27.46877,42.49805],[27.46877,42.49805],[27.46732,42.50233],[27.4684,42.5027],[27.4684,42.5027],[27.46887,42.50267],[27.47015,42.503],[27.46861,42.50726],[27.46861,42.50726],[27.46774,42.50924],[27.46297,42.51491],[27.46297,42.51491],[27.46135,42.51693],[27.46224,42.51805],[27.46374,42.5196],[27.46374,42.5196],[27.46547,42.52119],[27.46454,42.52192],[27.46202,42.52297],[27.46426,42.52515],[27.46426,42.52515],[27.46427,42.52514],[27.46477,42.52577],[27.46527,42.52638],[27.4654,42.52656],[27.46532,42.52664],[27.46478,42.52705],[27.46424,42.52751],[27.46424,42.52751],[27.46378,42.52789],[27.46353,42.52815],[27.46326,42.52899],[27.46305,42.52977],[27.46298,42.53008],[27.46298,42.53009],[27.46292,42.53039],[27.46281,42.53035],[27.46171,42.52999],[27.46125,42.52984],[27.45973,42.52928],[27.45952,42.52922],[27.45945,42.52928]]},"properties":{"line":"Б1","dir":"0","mode":"bus"}},{"type":"Feature","geometry":{"type":"LineString","coordinates":[[27.45826,42.52904],[27.45822,42.52897],[27.45824,42.52876],[27.45973,42.52928],[27.46125,42.52984],[27.46171,42.52999],[27.46281,42.53035],[27.46292,42.53039],[27.46304,42.5298],[27.46304,42.5298],[27.46305,42.52977],[27.46326,42.52899],[27.46352,42.52818],[27.46359,42.52807],[27.46454,42.52725],[27.46454,42.52725],[27.4654,42.52656],[27.46446,42.52537],[27.4643,42.52517],[27.46365,42.52448],[27.46365,42.52448],[27.46292,42.52377],[27.46194,42.52301],[27.46187,42.52292],[27.4639,42.52216],[27.46446,42.52191],[27.46467,42.52179],[27.46479,42.52168],[27.46532,42.52129],[27.46523,42.52121],[27.46518,42.52116],[27.46483,42.52082],[27.46483,42.52082],[27.46327,42.51937],[27.4627,42.51886],[27.46221,42.51835],[27.4621,42.51824],[27.46194,42.51811],[27.46174,42.51801],[27.46149,42.51791],[27.4612,42.51779],[27.46089,42.51766],[27.46074,42.51766],[27.4606,42.51763],[27.46046,42.51756],[27.46035,42.51746],[27.46027,42.51734],[27.46026,42.51727],[27.46027,42.51714],[27.46033,42.51702],[27.46043,42.51691],[27.46062,42.51682],[27.4609,42.51674],[27.46097,42.51671],[27.46106,42.51664],[27.46167,42.51597],[27.46244,42.51514],[27.46274,42.51483],[27.46274,42.51483],[27.4634,42.51411],[27.4642,42.51321],[27.46472,42.51267],[27.46544,42.51189],[27.46607,42.51115],[27.46608,42.51111],[27.46684,42.51024],[27.46731,42.50969],[27.46802,42.50859],[27.46817,42.50827],[27.46824,42.5082],[27.46839,42.50782],[27.46839,42.50782],[27.46893,42.50639],[27.46948,42.50502],[27.46987,42.5039],[27.46986,42.5038],[27.47009,42.50314],[27.47015,42.50297],[27.4691,42.50272],[27.46852,42.50261],[27.46851,42.50261],[27.46748,42.50241],[27.46729,42.50244],[27.46719,42.50242],[27.4676,42.50122],[27.46766,42.50117],[27.46789,42.50045],[27.46828,42.49938],[27.46899,42.49738],[27.46932,42.49654],[27.46979,42.49538],[27.47011,42.49464],[27.47011,42.49464],[27.47017,42.49451],[27.47028,42.49426],[27.47031,42.49421],[27.47031,42.4942],[27.47035,42.49411],[27.47039,42.49402],[27.47043,42.49393],[27.4706,42.49352],[27.47066,42.49342],[27.47092,42.49313],[27.47099,42.49305],[27.47107,42.49297],[27.47123,42.49264],[27.47133,42.49244],[27.47136,42.49239],[27.47146,42.49219],[27.47154,42.49202],[27.47171,42.49171],[27.47172,42.49168],[27.47174,42.49165],[27.47187,42.4914],[27.47189,42.49135],[27.47192,42.49129],[27.47238,42.49126],[27.47251,42.49125],[27.47262,42.49125],[27.47274,42.49125],[27.47288,42.49125],[27.47338,42.49126],[27.47355,42.49127],[27.474,42.4913],[27.47439,42.49131],[27.47523,42.49134],[27.47542,42.49135],[27.47542,42.49076],[27.47542,42.49069],[27.47543,42.49062],[27.47543,42.49059],[27.47522,42.4906],[27.47496,42.4906],[27.4744,42.4906],[27.47522,42.4906],[27.47543,42.49059],[27.47543,42.49062],[27.47542,42.49076],[27.47542,42.49135],[27.47523,42.49134],[27.474,42.4913],[27.47338,42.49126],[27.47251,42.49125],[27.47192,42.49129],[27.47165,42.49129],[27.47126,42.49121],[27.47049,42.49106],[27.46898,42.4907],[27.46777,42.49042],[27.46735,42.49031],[27.46681,42.49025],[27.46666,42.49024],[27.46647,42.49025],[27.46546,42.49039],[27.46458,42.49054],[27.4645,42.49058],[27.4636,42.49083],[27.46221,42.49124],[27.46199,42.4913],[27.46154,42.49147],[27.4613,42.49154],[27.46093,42.49157],[27.45971,42.49132],[27.45701,42.49078],[27.45575,42.4906],[27.45546,42.49058],[27.45513,42.49058],[27.45497,42.49061],[27.45459,42.49071],[27.45441,42.49076],[27.4544,42.49077],[27.45386,42.49111],[27.45349,42.49134],[27.45285,42.49178],[27.45192,42.49245],[27.45122,42.49288],[27.45081,42.49316],[27.45041,42.49342],[27.45029,42.49349],[27.45011,42.49333],[27.44961,42.49292],[27.44905,42.49242],[27.44742,42.49095],[27.44395,42.48781],[27.44019,42.48442],[27.43899,42.48324],[27.43788,42.48199],[27.43732,42.48125],[27.43675,42.48041],[27.43659,42.48013],[27.43653,42.48],[27.43623,42.4794],[27.43597,42.47876],[27.43577,42.47823],[27.43559,42.47757],[27.43554,42.47724],[27.43539,42.47698],[27.43536,42.47683],[27.43532,42.47609],[27.43514,42.47437],[27.43508,42.47431],[27.43498,42.47417],[27.43494,42.47406],[27.43491,42.47389],[27.43491,42.47375],[27.43481,42.47361],[27.43466,42.47345],[27.43441,42.47332],[27.43425,42.47327],[27.43342,42.47317],[27.43156,42.47297],[27.43063,42.47288],[27.43062,42.47288],[27.43059,42.47288],[27.42797,42.47261],[27.42738,42.4725],[27.42669,42.47227],[27.42623,42.47205],[27.42596,42.4719],[27.42568,42.47172],[27.42537,42.47147],[27.42504,42.47118],[27.42467,42.47075],[27.42373,42.46947],[27.42352,42.46918],[27.42324,42.46891],[27.42277,42.46854],[27.42254,42.46839],[27.42205,42.46812],[27.42159,42.46793],[27.42102,42.46776],[27.42052,42.46766],[27.41974,42.46755],[27.41797,42.46722],[27.41741,42.46711],[27.41705,42.46701],[27.41665,42.46689],[27.4162,42.46672],[27.41552,42.46639],[27.41491,42.466],[27.41355,42.46487],[27.41307,42.46446],[27.41331,42.46414],[27.41341,42.46399],[27.41346,42.46374],[27.41349,42.46285],[27.41349,42.46285],[27.41352,42.46196],[27.41353,42.46181],[27.41369,42.46141],[27.4138,42.46123],[27.41436,42.4605],[27.41485,42.45987],[27.41559,42.45897],[27.41559,42.45897],[27.41591,42.45858],[27.41703,42.4571],[27.41869,42.45493],[27.41869,42.45493],[27.42022,42.45296],[27.41976,42.45276],[27.41952,42.45257],[27.41939,42.45243],[27.41921,42.45211],[27.41907,42.45181],[27.41893,42.45157],[27.41866,42.45137]]},"properties":{"line":"Б1","dir":"1","mode":"bus"}},{"type":"Feature","geometry":{"type":"LineString","coordinates":[[27.41846,42.45206],[27.41787,42.4519],[27.41795,42.45176],[27.41831,42.45117],[27.41861,42.45134],[27.41893,42.45157],[27.41907,42.45181],[27.41921,42.45211],[27.41939,42.45243],[27.41952,42.45257],[27.41976,42.45276],[27.42022,42.45296],[27.4204,42.45303],[27.41896,42.45486],[27.41896,42.45486],[27.4172,42.45717],[27.41603,42.45863],[27.41588,42.45884],[27.41588,42.45884],[27.41503,42.45992],[27.41434,42.46077],[27.41393,42.46127],[27.41377,42.46163],[27.41371,42.4618],[27.41368,42.46197],[27.41363,42.46243],[27.41362,42.46267],[27.41362,42.46267],[27.41361,42.46354],[27.41358,42.46391],[27.41353,42.46404],[27.41326,42.46445],[27.41501,42.46591],[27.4154,42.46618],[27.41593,42.46648],[27.41659,42.46677],[27.41741,42.46701],[27.41934,42.46735],[27.42022,42.46749],[27.42077,42.4676],[27.42144,42.46777],[27.42181,42.46789],[27.42223,42.46809],[27.42262,42.46832],[27.42292,42.46851],[27.42323,42.46877],[27.42351,42.46901],[27.42378,42.46933],[27.42436,42.47014],[27.42477,42.4707],[27.42519,42.47117],[27.42538,42.47135],[27.42572,42.47162],[27.4259,42.47174],[27.4262,42.47192],[27.42652,42.47207],[27.42678,42.47218],[27.42718,42.47231],[27.42773,42.47246],[27.42821,42.47253],[27.42892,42.47252],[27.42947,42.47249],[27.43025,42.47252],[27.43119,42.47266],[27.43251,42.47289],[27.43251,42.47289],[27.43356,42.47307],[27.43435,42.47318],[27.4351,42.47327],[27.43517,42.47329],[27.43523,42.47325],[27.43528,42.47323],[27.43551,42.47318],[27.4357,42.47317],[27.43586,42.47321],[27.43607,42.47333],[27.43615,42.4734],[27.43622,42.47352],[27.4363,42.47382],[27.43629,42.47405],[27.43624,42.4742],[27.43616,42.47431],[27.4361,42.47438],[27.43598,42.47445],[27.43592,42.47447],[27.43584,42.47455],[27.43576,42.47468],[27.4357,42.47545],[27.4357,42.47601],[27.43575,42.47661],[27.43584,42.47744],[27.43583,42.47755],[27.43579,42.47766],[27.43586,42.47792],[27.43603,42.4785],[27.4362,42.47891],[27.43634,42.47925],[27.43648,42.47957],[27.43662,42.47986],[27.43704,42.48057],[27.43774,42.48157],[27.43827,42.48225],[27.4395,42.48356],[27.44113,42.48509],[27.44288,42.48666],[27.44593,42.48941],[27.44816,42.49143],[27.44948,42.49259],[27.45004,42.49308],[27.45034,42.49315],[27.45068,42.49316],[27.45081,42.49316],[27.45102,42.49302],[27.45192,42.49245],[27.45318,42.49155],[27.45376,42.49117],[27.45426,42.49085],[27.45439,42.49077],[27.45439,42.49077],[27.45441,42.49076],[27.4556,42.49047],[27.46111,42.49148],[27.46452,42.49053],[27.46687,42.49022],[27.46893,42.49066],[27.47056,42.49104],[27.47159,42.49126],[27.47343,42.49123],[27.47346,42.49089],[27.47374,42.49069],[27.47434,42.4907],[27.47414,42.49059],[27.47408,42.49072],[27.47408,42.49072],[27.47541,42.49066],[27.47536,42.49133],[27.47409,42.4913],[27.47359,42.49127],[27.47274,42.49127],[27.47231,42.49129],[27.47195,42.4913],[27.47187,42.49142],[27.4715,42.49215],[27.47111,42.49291],[27.47083,42.49324],[27.47065,42.49347],[27.46995,42.49502],[27.46983,42.49532],[27.46979,42.49538],[27.46952,42.49601],[27.46932,42.49654],[27.46926,42.49667],[27.46899,42.49738],[27.46896,42.49748],[27.46894,42.49753],[27.46875,42.49804],[27.46875,42.49804],[27.46836,42.49916],[27.46811,42.49981],[27.46789,42.50045],[27.46766,42.50117],[27.46768,42.50125],[27.46752,42.50173],[27.46731,42.50236],[27.46748,42.50241],[27.46805,42.5025],[27.46845,42.50259],[27.46845,42.50259],[27.4703,42.50301],[27.4686,42.50726],[27.4686,42.50726],[27.46798,42.50866],[27.46701,42.5102],[27.46295,42.5149],[27.46295,42.5149],[27.46139,42.51697],[27.46136,42.517],[27.46138,42.51704],[27.46142,42.51718],[27.46142,42.51726],[27.46135,42.51742],[27.4612,42.51755],[27.46102,42.51763],[27.46085,42.51766],[27.46071,42.51787],[27.45917,42.51941],[27.45917,42.51941],[27.45861,42.51998],[27.45738,42.52136],[27.45709,42.52169],[27.45678,42.5221],[27.45656,42.52206],[27.45559,42.52172],[27.4546,42.52134],[27.45366,42.52098],[27.45366,42.52098],[27.45336,42.52084],[27.45181,42.52007],[27.45114,42.51968],[27.4508,42.51944],[27.45064,42.51933],[27.44971,42.5186],[27.44953,42.51842],[27.44931,42.51817],[27.44899,42.51779],[27.44869,42.51744],[27.44868,42.51742],[27.4486,42.51738],[27.44822,42.51702],[27.44795,42.51689],[27.44779,42.51687],[27.44696,42.51723],[27.44669,42.51738],[27.44562,42.51785],[27.44456,42.51834],[27.44269,42.51923],[27.44209,42.51951],[27.44209,42.51951],[27.4416,42.51975],[27.44121,42.51983],[27.4408,42.51995],[27.44037,42.52013],[27.43994,42.52034],[27.43994,42.52038],[27.43994,42.52042],[27.43993,42.52052],[27.43981,42.52063],[27.4397,42.52067],[27.43958,42.52068],[27.43947,42.52065],[27.43938,42.5206],[27.43932,42.52052],[27.4393,42.52041],[27.43934,42.52031],[27.43905,42.52003],[27.43884,42.51982],[27.43866,42.51956],[27.43837,42.51901],[27.43819,42.51901],[27.43811,42.51904]]},"properties":{"line":"Б2","dir":"0","mode":"bus"}},{"type":"Feature","geometry":{"type":"LineString","coordinates":[[27.43844,42.51967],[27.4385,42.51975],[27.43855,42.51992],[27.43862,42.52046],[27.43872,42.52072],[27.43882,42.52083],[27.43917,42.52064],[27.43932,42.52052],[27.4393,42.52041],[27.43934,42.52031],[27.4394,42.52025],[27.43949,42.52021],[27.43967,42.52019],[27.43981,42.52023],[27.4399,42.52024],[27.44151,42.51956],[27.44279,42.51908],[27.444,42.51852],[27.44527,42.51793],[27.44527,42.51793],[27.44626,42.51748],[27.44649,42.51735],[27.44671,42.5172],[27.44694,42.51703],[27.44746,42.51677],[27.44781,42.51663],[27.44793,42.51667],[27.44802,42.5167],[27.4481,42.51673],[27.44835,42.51696],[27.44867,42.51734],[27.44868,42.51742],[27.44899,42.51779],[27.44899,42.51779],[27.44931,42.51817],[27.44953,42.51842],[27.44971,42.5186],[27.45004,42.51887],[27.45064,42.51933],[27.45114,42.51968],[27.45181,42.52007],[27.45336,42.52084],[27.45344,42.52088],[27.45344,42.52088],[27.45398,42.52112],[27.45488,42.52145],[27.45603,42.52188],[27.45656,42.52206],[27.45765,42.52077],[27.45898,42.51912],[27.45898,42.51911],[27.46028,42.51737],[27.46026,42.5172],[27.46029,42.51708],[27.46037,42.51696],[27.46047,42.51689],[27.46057,42.51684],[27.46076,42.51679],[27.46096,42.51671],[27.46106,42.51664],[27.46212,42.5155],[27.46274,42.51483],[27.46274,42.51483],[27.4634,42.51411],[27.4642,42.51321],[27.46472,42.51267],[27.46544,42.51189],[27.46572,42.51156],[27.46607,42.51115],[27.46608,42.51111],[27.46684,42.51024],[27.46722,42.50979],[27.46757,42.50928],[27.46793,42.50874],[27.46814,42.50832],[27.46824,42.5082],[27.46839,42.50782],[27.46839,42.50782],[27.46893,42.50639],[27.46948,42.50502],[27.46987,42.5039],[27.46986,42.5038],[27.46989,42.50372],[27.47013,42.50302],[27.47015,42.50297],[27.46982,42.50289],[27.4691,42.50272],[27.46852,42.50261],[27.46851,42.50261],[27.46748,42.50241],[27.46729,42.50244],[27.46719,42.50242],[27.4676,42.50122],[27.46766,42.50117],[27.46789,42.50045],[27.46828,42.49938],[27.46899,42.49738],[27.46932,42.49654],[27.46979,42.49538],[27.47011,42.49463],[27.47011,42.49463],[27.47137,42.49231],[27.47177,42.4915],[27.47186,42.49138],[27.47198,42.49125],[27.47345,42.49122],[27.47359,42.49076],[27.4744,42.4906],[27.47439,42.49071],[27.47537,42.49072],[27.47543,42.49136],[27.47169,42.49124],[27.47029,42.49099],[27.46923,42.49073],[27.46814,42.4905],[27.46686,42.49024],[27.4654,42.49042],[27.46397,42.49072],[27.46133,42.49149],[27.46089,42.49156],[27.45916,42.4912],[27.45785,42.49093],[27.45639,42.49065],[27.45556,42.49058],[27.45518,42.49057],[27.45441,42.49076],[27.4544,42.49077],[27.45386,42.49111],[27.45349,42.49134],[27.45285,42.49178],[27.45192,42.49245],[27.45122,42.49288],[27.45081,42.49316],[27.45041,42.49342],[27.45029,42.49349],[27.45011,42.49333],[27.44961,42.49292],[27.44905,42.49242],[27.44742,42.49095],[27.44395,42.48781],[27.44019,42.48442],[27.43899,42.48324],[27.43788,42.48199],[27.43732,42.48125],[27.43675,42.48041],[27.43659,42.48013],[27.43653,42.48],[27.43623,42.4794],[27.43597,42.47876],[27.43577,42.47823],[27.43559,42.47757],[27.43554,42.47724],[27.43539,42.47698],[27.43536,42.47683],[27.43532,42.47609],[27.43514,42.47437],[27.43508,42.47431],[27.43498,42.47417],[27.43494,42.47406],[27.43491,42.47389],[27.43491,42.47375],[27.43481,42.47361],[27.43466,42.47345],[27.43441,42.47332],[27.43425,42.47327],[27.43342,42.47317],[27.43156,42.47297],[27.43063,42.47288],[27.43062,42.47288],[27.43059,42.47288],[27.42797,42.47261],[27.42738,42.4725],[27.42669,42.47227],[27.42623,42.47205],[27.42596,42.4719],[27.42568,42.47172],[27.42537,42.47147],[27.42504,42.47118],[27.42467,42.47075],[27.42373,42.46947],[27.42352,42.46918],[27.42324,42.46891],[27.42277,42.46854],[27.42254,42.46839],[27.42205,42.46812],[27.42159,42.46793],[27.42102,42.46776],[27.42052,42.46766],[27.41974,42.46755],[27.41797,42.46722],[27.41741,42.46711],[27.41705,42.46701],[27.41665,42.46689],[27.4162,42.46672],[27.41552,42.46639],[27.41491,42.466],[27.41355,42.46487],[27.41307,42.46446],[27.41331,42.46414],[27.41341,42.46399],[27.41346,42.46374],[27.41349,42.46285],[27.41349,42.46285],[27.41352,42.46196],[27.41353,42.46181],[27.41369,42.46141],[27.4138,42.46123],[27.41436,42.4605],[27.41485,42.45987],[27.41559,42.45897],[27.41559,42.45897],[27.41591,42.45858],[27.41703,42.4571],[27.41869,42.45493],[27.41869,42.45493],[27.42022,42.45296],[27.41976,42.45276],[27.41952,42.45257],[27.41939,42.45243],[27.41921,42.45211],[27.41907,42.45181],[27.41893,42.45157],[27.41866,42.45137]]},"properties":{"line":"Б2","dir":"1","mode":"bus"}},{"type":"Feature","geometry":{"type":"LineString","coordinates":[[27.43844,42.51967],[27.4385,42.51975],[27.43855,42.51992],[27.43862,42.52046],[27.43872,42.52072],[27.43882,42.52083],[27.43917,42.52064],[27.43932,42.52052],[27.4393,42.52041],[27.43934,42.52031],[27.4394,42.52025],[27.43949,42.52021],[27.43967,42.52019],[27.43981,42.52023],[27.4399,42.52024],[27.44151,42.51956],[27.44238,42.51924],[27.44263,42.51914],[27.44263,42.51914],[27.44331,42.51884],[27.44402,42.51851],[27.44564,42.51776],[27.44626,42.51748],[27.44649,42.51735],[27.44671,42.5172],[27.44694,42.51703],[27.44746,42.51677],[27.44795,42.51657],[27.44918,42.51603],[27.44991,42.51575],[27.45062,42.51544],[27.45062,42.51544],[27.45188,42.51491],[27.454,42.51397],[27.45452,42.51373],[27.45452,42.51373],[27.45694,42.51261],[27.4574,42.51241],[27.45759,42.5123],[27.45924,42.51152],[27.45924,42.51152],[27.46116,42.51062],[27.46257,42.51001],[27.46368,42.50956],[27.46349,42.50882],[27.46336,42.50828],[27.46328,42.50785],[27.46328,42.5078],[27.4632,42.50743],[27.46299,42.50657],[27.46285,42.506],[27.46278,42.50588],[27.46267,42.50553],[27.46261,42.50537],[27.46258,42.50526],[27.46254,42.5052],[27.46248,42.50515],[27.46238,42.50512],[27.46234,42.50512],[27.46227,42.5051],[27.46221,42.50508],[27.46216,42.50502],[27.46213,42.50496],[27.46213,42.50486],[27.46219,42.50477],[27.46225,42.50473],[27.46212,42.50452],[27.46179,42.5041],[27.46169,42.504],[27.46169,42.504],[27.46129,42.50361],[27.46107,42.50341],[27.46068,42.50301],[27.46054,42.5029],[27.46038,42.50276],[27.45962,42.50208],[27.45762,42.50025],[27.45524,42.49801],[27.45266,42.49558],[27.45174,42.49474],[27.45011,42.49333],[27.44961,42.49292],[27.44905,42.49242],[27.44742,42.49095],[27.44395,42.48781],[27.44019,42.48442],[27.43899,42.48324],[27.43788,42.48199],[27.43732,42.48125],[27.43675,42.48041],[27.43659,42.48013],[27.43653,42.48],[27.43623,42.4794],[27.43597,42.47876],[27.43577,42.47823],[27.43559,42.47757],[27.43554,42.47724],[27.43539,42.47698],[27.43536,42.47683],[27.43532,42.47609],[27.43514,42.47437],[27.43508,42.47431],[27.43498,42.47417],[27.43494,42.47406],[27.43491,42.47389],[27.43491,42.47375],[27.43481,42.47361],[27.43466,42.47345],[27.43441,42.47332],[27.43425,42.47327],[27.43342,42.47317],[27.43156,42.47297],[27.43063,42.47288],[27.43062,42.47288],[27.43059,42.47288],[27.42842,42.47267],[27.42772,42.47258],[27.42738,42.4725],[27.42669,42.47227],[27.42611,42.47198],[27.42578,42.47178],[27.42578,42.47178],[27.42537,42.47147],[27.42504,42.47118],[27.42467,42.47075],[27.42373,42.46947],[27.42352,42.46918],[27.42324,42.46891],[27.42277,42.46854],[27.42243,42.46833],[27.4218,42.46801],[27.42134,42.46786],[27.42078,42.46771],[27.42016,42.4676],[27.41974,42.46755],[27.41978,42.46743],[27.41993,42.46695],[27.42011,42.46644],[27.42024,42.46622],[27.42043,42.46595],[27.42058,42.46582],[27.42022,42.46543],[27.41961,42.46478],[27.41961,42.46478],[27.41924,42.46437],[27.41904,42.46399],[27.41893,42.46375],[27.41891,42.4636],[27.4189,42.46341],[27.41902,42.46285],[27.41862,42.46209],[27.41852,42.46193],[27.41852,42.46193],[27.41832,42.46163],[27.41828,42.46159],[27.4179,42.46142],[27.41742,42.46124],[27.41693,42.46101],[27.41722,42.46067],[27.41778,42.46],[27.41792,42.45982],[27.41826,42.45939],[27.41868,42.45882],[27.41895,42.4585],[27.41895,42.4585],[27.41912,42.45831],[27.41852,42.45801],[27.41711,42.45728],[27.41695,42.45721],[27.41703,42.4571],[27.41881,42.45477],[27.41967,42.45367],[27.42022,42.45296],[27.41989,42.45284],[27.41963,42.45266],[27.41949,42.45254],[27.41936,42.45239],[27.41921,42.45211],[27.41913,42.45191],[27.41907,42.45181],[27.41893,42.45157],[27.41861,42.45134],[27.41788,42.45098],[27.41738,42.45075],[27.41651,42.45049],[27.41601,42.45039],[27.41501,42.45016],[27.41476,42.45012],[27.41448,42.45011],[27.41448,42.45011],[27.4142,42.45014],[27.41408,42.45018],[27.41398,42.45024],[27.4138,42.45041],[27.41374,42.45058],[27.41369,42.45093],[27.41369,42.45119],[27.41369,42.45144],[27.41365,42.45176],[27.4136,42.45201],[27.41336,42.45248],[27.4129,42.45305],[27.4129,42.45305],[27.4123,42.45381],[27.41203,42.45417],[27.41173,42.45446],[27.41131,42.45473],[27.41029,42.45542],[27.40997,42.45559],[27.40937,42.4559],[27.40937,42.4559],[27.40741,42.45695],[27.4058,42.4578],[27.40558,42.4579],[27.40574,42.45806],[27.40596,42.45827],[27.40596,42.45827],[27.40725,42.45946],[27.40856,42.46067],[27.40856,42.46067],[27.40895,42.46101],[27.40932,42.46131],[27.40959,42.4615],[27.40983,42.46162],[27.41047,42.46213],[27.41088,42.46242],[27.41124,42.46273],[27.4123,42.46364],[27.41271,42.46402],[27.41315,42.46436],[27.41365,42.46479]]},"properties":{"line":"Б9","dir":"Захари Стоянов","mode":"bus"}},{"type":"Feature","geometry":{"type":"LineString","coordinates":[[27.4187,42.45195],[27.4187,42.45195],[27.41909,42.4518],[27.41879,42.45142],[27.41825,42.45111],[27.41708,42.45064],[27.41558,42.45026],[27.41449,42.45011],[27.41448,42.45011],[27.4142,42.45014],[27.41408,42.45018],[27.41398,42.45024],[27.4138,42.45041],[27.41374,42.45058],[27.41369,42.45093],[27.41369,42.45124],[27.41368,42.45163],[27.4136,42.45201],[27.41336,42.45248],[27.4129,42.45305],[27.4129,42.45305],[27.41217,42.45397],[27.41194,42.45427],[27.41171,42.45448],[27.41029,42.45542],[27.40937,42.4559],[27.40937,42.4559],[27.4058,42.4578],[27.40558,42.4579],[27.40579,42.45812],[27.40596,42.45827],[27.40596,42.45827],[27.40661,42.45886],[27.40822,42.46036],[27.40856,42.46067],[27.40856,42.46067],[27.40895,42.46101],[27.40932,42.46131],[27.40959,42.4615],[27.40983,42.46162],[27.41047,42.46213],[27.41088,42.46242],[27.41124,42.46273],[27.4123,42.46364],[27.41271,42.46402],[27.41315,42.46436],[27.41365,42.46479],[27.41365,42.46479],[27.41501,42.46591],[27.4154,42.46618],[27.41593,42.46648],[27.41659,42.46677],[27.41741,42.46701],[27.41934,42.46735],[27.42022,42.46749],[27.42077,42.4676],[27.42144,42.46777],[27.42181,42.46789],[27.42223,42.46809],[27.42262,42.46832],[27.42292,42.46851],[27.42323,42.46877],[27.42351,42.46901],[27.42378,42.46933],[27.42436,42.47014],[27.42477,42.4707],[27.42519,42.47117],[27.42535,42.47132],[27.42536,42.47133],[27.4255,42.47145],[27.42585,42.47171],[27.42638,42.47201],[27.42678,42.47218],[27.42748,42.4724],[27.42803,42.47251],[27.42834,42.47254],[27.42934,42.47249],[27.42985,42.47249],[27.4306,42.47256],[27.43135,42.47269],[27.43192,42.47279],[27.43192,42.47279],[27.43297,42.47298],[27.43395,42.47312],[27.43496,42.47325],[27.4351,42.47327],[27.43517,42.47329],[27.43523,42.47325],[27.43528,42.47323],[27.43542,42.47319],[27.43566,42.47317],[27.43577,42.47318],[27.43595,42.47325],[27.43607,42.47333],[27.43615,42.4734],[27.43622,42.47352],[27.43625,42.4736],[27.4363,42.4739],[27.4363,42.47401],[27.43657,42.47431],[27.43658,42.47436],[27.43668,42.47442],[27.43699,42.47469],[27.43725,42.47491],[27.43753,42.47514],[27.43835,42.47579],[27.43895,42.47636],[27.43909,42.47657],[27.43921,42.47688],[27.43921,42.47688],[27.43952,42.47768],[27.43967,42.47813],[27.43983,42.47847],[27.44013,42.4792],[27.44056,42.48021],[27.44085,42.48099],[27.44103,42.48145],[27.44113,42.48164],[27.44114,42.48167],[27.4414,42.48205],[27.44167,42.48238],[27.44196,42.48264],[27.44215,42.48276],[27.443,42.48328],[27.44428,42.48401],[27.44513,42.48454],[27.44632,42.48524],[27.44673,42.4855],[27.44673,42.4855],[27.44725,42.48582],[27.44817,42.48635],[27.44924,42.48696],[27.44988,42.48735],[27.45026,42.48757],[27.45026,42.48757],[27.45142,42.48825],[27.45247,42.48884],[27.45437,42.49],[27.45441,42.49001],[27.45441,42.49001],[27.45525,42.49038],[27.46136,42.49153],[27.46532,42.49041],[27.46532,42.49041],[27.46621,42.49028],[27.46673,42.49024],[27.46735,42.49031],[27.46868,42.49063],[27.47059,42.49108],[27.47165,42.49129],[27.47238,42.49126],[27.47288,42.49125],[27.47437,42.49131],[27.47439,42.49131],[27.47542,42.49135],[27.4761,42.49144],[27.47675,42.4916],[27.47749,42.49179],[27.47775,42.49186],[27.47775,42.49186],[27.47916,42.49225],[27.47968,42.49289],[27.47997,42.493],[27.48088,42.49429],[27.4806,42.49629],[27.47991,42.49885],[27.47802,42.50068],[27.47717,42.50148],[27.47717,42.50148],[27.47478,42.50383],[27.47459,42.50399],[27.47373,42.50482],[27.47373,42.50482],[27.47182,42.50659],[27.47091,42.50746],[27.46934,42.50905],[27.46862,42.50973],[27.46789,42.51042],[27.46725,42.51076],[27.46666,42.51103],[27.46666,42.51103],[27.4664,42.51114],[27.46631,42.51122],[27.46577,42.51167],[27.46507,42.51245],[27.46463,42.51298],[27.4642,42.51344],[27.46361,42.51412],[27.46316,42.51464],[27.46316,42.51464],[27.46143,42.51692],[27.46136,42.517],[27.4614,42.51711],[27.46142,42.51726],[27.46165,42.51759],[27.46169,42.51766],[27.46176,42.51776],[27.462,42.51798],[27.46232,42.51829],[27.46289,42.51883],[27.46308,42.51901],[27.46308,42.51901],[27.46533,42.52108],[27.46545,42.52119],[27.46556,42.52128],[27.46543,42.5214],[27.46508,42.52165],[27.46486,42.52175],[27.46467,42.52179],[27.46446,42.52191],[27.46393,42.52215],[27.46393,42.52215],[27.4639,42.52216],[27.46187,42.52292],[27.46101,42.52315],[27.46009,42.5234],[27.46001,42.52345],[27.45988,42.52357],[27.45967,42.52377],[27.45967,42.52377],[27.45895,42.52444],[27.45887,42.52454],[27.45878,42.52478],[27.45899,42.52618],[27.45899,42.52628],[27.45877,42.52695],[27.45867,42.52718],[27.45813,42.52811],[27.45813,42.52811],[27.45783,42.52859],[27.45952,42.52922],[27.45945,42.52928]]},"properties":{"line":"Б11","dir":"0","mode":"bus"}},{"type":"Feature","geometry":{"type":"LineString","coordinates":[[27.45826,42.52904],[27.45822,42.52897],[27.45824,42.52876],[27.45783,42.52859],[27.4581,42.52817],[27.45825,42.52791],[27.45862,42.52726],[27.45862,42.52726],[27.45873,42.52706],[27.45891,42.52652],[27.45899,42.52623],[27.45886,42.52526],[27.45878,42.52478],[27.45882,42.52463],[27.45885,42.52458],[27.45889,42.52452],[27.4593,42.52411],[27.4593,42.52411],[27.46001,42.52345],[27.46009,42.5234],[27.46187,42.52292],[27.4639,42.52216],[27.46421,42.52202],[27.46467,42.52179],[27.46532,42.52129],[27.465,42.52098],[27.46483,42.52082],[27.46483,42.52082],[27.46327,42.51937],[27.46266,42.51882],[27.46266,42.51881],[27.4621,42.51824],[27.46185,42.51806],[27.46168,42.51799],[27.46091,42.51766],[27.46067,42.51765],[27.46052,42.5176],[27.4604,42.51751],[27.46028,42.51737],[27.46026,42.51729],[27.46026,42.5172],[27.46029,42.51708],[27.46037,42.51696],[27.46047,42.51689],[27.46068,42.51681],[27.46076,42.51679],[27.46096,42.51671],[27.46106,42.51664],[27.46167,42.51597],[27.46212,42.5155],[27.46306,42.51449],[27.4631,42.51445],[27.4631,42.51445],[27.46433,42.51308],[27.46456,42.51285],[27.46495,42.51243],[27.46607,42.51115],[27.46613,42.51114],[27.46638,42.51086],[27.46645,42.5108],[27.46662,42.51072],[27.46684,42.51067],[27.46743,42.51047],[27.46783,42.51027],[27.46804,42.51014],[27.46852,42.50967],[27.46867,42.50952],[27.46867,42.50952],[27.4708,42.50739],[27.47121,42.507],[27.47182,42.50641],[27.47182,42.50641],[27.47347,42.50485],[27.47459,42.50379],[27.47497,42.50341],[27.47497,42.50341],[27.47615,42.50226],[27.47627,42.50211],[27.47762,42.50085],[27.47814,42.50033],[27.47814,42.50033],[27.47871,42.49978],[27.47924,42.49925],[27.47946,42.49904],[27.47965,42.49886],[27.4798,42.49869],[27.47986,42.49861],[27.47993,42.49851],[27.47997,42.49833],[27.48,42.49819],[27.48004,42.49801],[27.48007,42.49778],[27.48011,42.49759],[27.4802,42.49718],[27.48029,42.49667],[27.48037,42.4962],[27.48043,42.49591],[27.4805,42.49556],[27.48058,42.49515],[27.48072,42.49516],[27.48061,42.4959],[27.48055,42.49628],[27.48045,42.49661],[27.48035,42.49715],[27.48033,42.49728],[27.48032,42.49733],[27.48028,42.49755],[27.48019,42.498],[27.48018,42.49803],[27.48012,42.49835],[27.48009,42.49851],[27.48007,42.49859],[27.48005,42.49866],[27.47999,42.49871],[27.47974,42.49899],[27.47938,42.49934],[27.47924,42.49925],[27.47946,42.49904],[27.47965,42.49886],[27.4798,42.49869],[27.47986,42.49861],[27.47993,42.49851],[27.47997,42.49833],[27.48,42.49819],[27.48004,42.49801],[27.48007,42.49778],[27.48011,42.49759],[27.4802,42.49718],[27.48029,42.49667],[27.48037,42.4962],[27.48043,42.49591],[27.4805,42.49556],[27.48058,42.49515],[27.48072,42.49429],[27.48069,42.49413],[27.4806,42.4939],[27.48032,42.49357],[27.47976,42.49297],[27.4796,42.4927],[27.47957,42.49266],[27.47954,42.49263],[27.47931,42.49244],[27.47927,42.49241],[27.47913,42.49231],[27.479,42.49224],[27.47887,42.49218],[27.47884,42.49217],[27.47868,42.49211],[27.47851,42.49207],[27.47835,42.49202],[27.47752,42.4918],[27.47749,42.49179],[27.47727,42.49174],[27.47675,42.4916],[27.4761,42.49144],[27.47542,42.49135],[27.47523,42.49134],[27.47503,42.49133],[27.47523,42.49134],[27.47542,42.49135],[27.4761,42.49144],[27.47675,42.4916],[27.47727,42.49174],[27.47749,42.49179],[27.47752,42.4918],[27.47835,42.49202],[27.47851,42.49207],[27.47868,42.49211],[27.47884,42.49217],[27.47887,42.49218],[27.479,42.49224],[27.47913,42.49231],[27.47927,42.49241],[27.47931,42.49244],[27.47937,42.4925],[27.47937,42.4925],[27.47931,42.49244],[27.47927,42.49241],[27.47913,42.49231],[27.479,42.49224],[27.47887,42.49218],[27.47884,42.49217],[27.47868,42.49211],[27.47851,42.49207],[27.47841,42.49204],[27.47851,42.49207],[27.47868,42.49211],[27.47884,42.49217],[27.47887,42.49218],[27.479,42.49224],[27.47913,42.49231],[27.47927,42.49241],[27.47931,42.49244],[27.47954,42.49263],[27.47957,42.49266],[27.47986,42.49287],[27.48,42.493],[27.48029,42.49333],[27.48041,42.49345],[27.48044,42.49348],[27.48062,42.49368],[27.48074,42.49385],[27.48077,42.49391],[27.48081,42.49399],[27.48087,42.49418],[27.48089,42.49431],[27.48072,42.49516],[27.48066,42.49558],[27.48055,42.49628],[27.48045,42.49661],[27.48035,42.49715],[27.48032,42.49733],[27.48018,42.49803],[27.48005,42.49866],[27.47974,42.49899],[27.47938,42.49934],[27.47924,42.49925],[27.47965,42.49886],[27.47986,42.49861],[27.47993,42.49851],[27.47997,42.49833],[27.48004,42.49801],[27.48027,42.49675],[27.48029,42.49667],[27.48037,42.4962],[27.48043,42.49591],[27.4805,42.49556],[27.48058,42.49515],[27.48072,42.49429],[27.48069,42.49413],[27.4806,42.4939],[27.48032,42.49357],[27.47976,42.49297],[27.4796,42.4927],[27.47957,42.49266],[27.47954,42.49263],[27.47931,42.49244],[27.47927,42.49241],[27.47913,42.49231],[27.479,42.49224],[27.47887,42.49218],[27.47884,42.49217],[27.47868,42.49211],[27.47851,42.49207],[27.47835,42.49202],[27.47752,42.4918],[27.47749,42.49179],[27.47727,42.49174],[27.47675,42.4916],[27.4761,42.49144],[27.47542,42.49135],[27.47523,42.49134],[27.47451,42.49132],[27.47523,42.49134],[27.47542,42.49135],[27.4761,42.49144],[27.47675,42.4916],[27.47727,42.49174],[27.47749,42.49179],[27.47752,42.4918],[27.47835,42.49202],[27.47851,42.49207],[27.47868,42.49211],[27.47884,42.49217],[27.47887,42.49218],[27.479,42.49224],[27.47913,42.49231],[27.47927,42.49241],[27.47931,42.49244],[27.47954,42.49263],[27.47957,42.49266],[27.47986,42.49287],[27.48,42.493],[27.48005,42.49306],[27.48029,42.49333],[27.48041,42.49345],[27.48044,42.49348],[27.48062,42.49368],[27.48062,42.49369],[27.48074,42.49385],[27.48081,42.49399],[27.48087,42.49418],[27.48089,42.49431],[27.48072,42.49516],[27.48058,42.49515],[27.48072,42.49429],[27.48069,42.49413],[27.4806,42.4939],[27.48032,42.49357],[27.47976,42.49297],[27.4796,42.4927],[27.47957,42.49266],[27.47954,42.49263],[27.47933,42.49246],[27.47934,42.49245],[27.47715,42.49154],[27.47117,42.49119],[27.47117,42.49119],[27.47049,42.49106],[27.46898,42.4907],[27.46777,42.49042],[27.46735,42.49031],[27.46681,42.49025],[27.46668,42.49024],[27.46667,42.49024],[27.46621,42.49028],[27.46465,42.49052],[27.4645,42.49058],[27.46239,42.49117],[27.46213,42.49125],[27.46169,42.49143],[27.46129,42.49154],[27.46106,42.49156],[27.46093,42.49157],[27.45982,42.49135],[27.45975,42.49133],[27.45958,42.4913],[27.4582,42.49101],[27.45701,42.49078],[27.45575,42.4906],[27.45522,42.49044],[27.45491,42.49034],[27.45473,42.49019],[27.45437,42.49],[27.45417,42.48988],[27.45417,42.48988],[27.45247,42.48884],[27.45142,42.48825],[27.44988,42.48735],[27.44932,42.48701],[27.44931,42.48702],[27.44931,42.48702],[27.44449,42.48415],[27.44449,42.48415],[27.4445,42.48414],[27.44352,42.48359],[27.44238,42.4829],[27.44196,42.48264],[27.44157,42.48226],[27.44117,42.48171],[27.44103,42.48145],[27.44096,42.48128],[27.44096,42.48127],[27.44072,42.48064],[27.44056,42.48021],[27.44019,42.47936],[27.44003,42.47897],[27.43967,42.47813],[27.43959,42.47789],[27.43959,42.47789],[27.43909,42.47657],[27.43895,42.47636],[27.43835,42.47579],[27.43753,42.47514],[27.43699,42.47469],[27.43668,42.47442],[27.43658,42.47436],[27.43641,42.47432],[27.43633,42.47431],[27.43615,42.47432],[27.43606,42.47441],[27.43592,42.47447],[27.43565,42.47452],[27.43539,42.4745],[27.43526,42.47445],[27.43514,42.47437],[27.43508,42.47431],[27.43498,42.47417],[27.43494,42.47406],[27.43491,42.47389],[27.43491,42.47375],[27.43481,42.47361],[27.43466,42.47345],[27.43441,42.47332],[27.43425,42.47327],[27.43342,42.47317],[27.43156,42.47297],[27.43063,42.47288],[27.43063,42.47288],[27.42842,42.47267],[27.42772,42.47258],[27.42738,42.4725],[27.42669,42.47227],[27.42611,42.47198],[27.42578,42.47178],[27.42578,42.47178],[27.42537,42.47147],[27.42504,42.47118],[27.42467,42.47075],[27.42373,42.46947],[27.42352,42.46918],[27.42324,42.46891],[27.42277,42.46854],[27.42243,42.46833],[27.4218,42.46801],[27.42134,42.46786],[27.42078,42.46771],[27.42016,42.4676],[27.41974,42.46755],[27.41892,42.46742],[27.41741,42.46711],[27.41665,42.46689],[27.41598,42.46663],[27.41551,42.46638],[27.41491,42.466],[27.41463,42.46576],[27.41375,42.46505],[27.41375,42.46505],[27.41164,42.46325],[27.4109,42.46259],[27.41037,42.46217],[27.40971,42.46164],[27.40959,42.4615],[27.40932,42.46131],[27.40895,42.46101],[27.40836,42.46049],[27.40836,42.46049],[27.40678,42.45902],[27.40574,42.45806],[27.40558,42.4579],[27.4058,42.4578],[27.4063,42.45753],[27.40957,42.4558],[27.40957,42.4558],[27.41029,42.45542],[27.41171,42.45448],[27.41194,42.45427],[27.41217,42.45397],[27.413,42.45293],[27.41315,42.45274],[27.41315,42.45274],[27.41336,42.45248],[27.41357,42.45208],[27.41363,42.45193],[27.41369,42.45144],[27.41369,42.45119],[27.41371,42.45072],[27.41378,42.45045],[27.4138,42.45041],[27.41398,42.45024],[27.41415,42.45016],[27.41435,42.45011],[27.41476,42.45012],[27.41501,42.45016],[27.41547,42.45027],[27.41547,42.45027],[27.41601,42.45039],[27.41651,42.45049],[27.41738,42.45075],[27.41788,42.45098],[27.41831,42.45117],[27.4181,42.45151]]},"properties":{"line":"Б11","dir":"1","mode":"bus"}},{"type":"Feature","geometry":{"type":"LineString","coordinates":[[27.41864,42.45194],[27.41866,42.4519],[27.41907,42.45182],[27.41932,42.4523],[27.41957,42.45267],[27.4204,42.45304],[27.42004,42.45348],[27.42004,42.45348],[27.41868,42.45523],[27.4172,42.45717],[27.41786,42.45747],[27.41862,42.45791],[27.41881,42.45801],[27.41881,42.45801],[27.4192,42.45822],[27.41912,42.45831],[27.41868,42.45882],[27.41905,42.45899],[27.41926,42.45913],[27.41936,42.45922],[27.41944,42.45936],[27.41948,42.45945],[27.4195,42.45963],[27.4195,42.45984],[27.4193,42.46028],[27.41922,42.46045],[27.41902,42.46075],[27.41839,42.46152],[27.41832,42.46163],[27.41852,42.46194],[27.41852,42.46194],[27.41888,42.46257],[27.41902,42.46285],[27.4189,42.46341],[27.41893,42.46375],[27.41904,42.46399],[27.41924,42.46437],[27.41962,42.46479],[27.41962,42.46479],[27.42022,42.46543],[27.42058,42.46582],[27.42043,42.46595],[27.42024,42.46622],[27.42011,42.46644],[27.41993,42.46695],[27.41986,42.46717],[27.42022,42.46749],[27.42077,42.4676],[27.42144,42.46777],[27.42181,42.46789],[27.42223,42.46809],[27.42262,42.46832],[27.42292,42.46851],[27.42323,42.46877],[27.42351,42.46901],[27.42378,42.46933],[27.42436,42.47014],[27.42477,42.4707],[27.42519,42.47117],[27.42535,42.47132],[27.42536,42.47133],[27.4255,42.47145],[27.42585,42.47171],[27.42638,42.47201],[27.42678,42.47218],[27.42748,42.4724],[27.42803,42.47251],[27.42834,42.47254],[27.42934,42.47249],[27.42985,42.47249],[27.4306,42.47256],[27.43192,42.47279],[27.43192,42.47279],[27.43208,42.47282],[27.43297,42.47298],[27.43356,42.47307],[27.43395,42.47312],[27.43415,42.47315],[27.43435,42.47318],[27.43479,42.47323],[27.43496,42.47325],[27.43504,42.47326],[27.4351,42.47327],[27.43517,42.47329],[27.43523,42.47325],[27.43525,42.47324],[27.43528,42.47323],[27.43536,42.47321],[27.43542,42.47319],[27.43544,42.47319],[27.43551,42.47318],[27.43558,42.47317],[27.43566,42.47317],[27.4357,42.47317],[27.43574,42.47318],[27.43577,42.47318],[27.43581,42.47319],[27.43586,42.47321],[27.4359,42.47323],[27.43595,42.47325],[27.43603,42.47329],[27.43607,42.47333],[27.43609,42.47334],[27.43612,42.47337],[27.43615,42.4734],[27.4362,42.47347],[27.43622,42.47352],[27.43624,42.47357],[27.43625,42.4736],[27.43627,42.47368],[27.43628,42.47373],[27.4363,42.47382],[27.4363,42.4739],[27.4363,42.47397],[27.4363,42.47401],[27.43643,42.47415],[27.43657,42.47431],[27.43658,42.47433],[27.43658,42.47436],[27.43668,42.47442],[27.43699,42.47469],[27.43716,42.47484],[27.43725,42.47491],[27.43733,42.47498],[27.43753,42.47514],[27.43772,42.47528],[27.43815,42.47563],[27.43834,42.47579],[27.43835,42.47579],[27.43847,42.47589],[27.4388,42.47621],[27.43892,42.47632],[27.43895,42.47636],[27.43898,42.4764],[27.43903,42.47647],[27.43905,42.4765],[27.43909,42.47657],[27.43915,42.47674],[27.43921,42.47688],[27.43921,42.47688],[27.43952,42.47768],[27.43967,42.47813],[27.43983,42.47847],[27.44013,42.4792],[27.44056,42.48021],[27.44085,42.48099],[27.44103,42.48145],[27.44113,42.48164],[27.44114,42.48167],[27.4414,42.48205],[27.44167,42.48238],[27.44196,42.48264],[27.44215,42.48276],[27.443,42.48328],[27.44428,42.48401],[27.44513,42.48454],[27.44632,42.48524],[27.44673,42.4855],[27.44673,42.4855],[27.44725,42.48582],[27.44817,42.48635],[27.44924,42.48696],[27.44988,42.48735],[27.45026,42.48757],[27.45026,42.48757],[27.45142,42.48825],[27.45255,42.48889],[27.45437,42.49],[27.4544,42.49002],[27.4544,42.49002],[27.45454,42.4901],[27.45473,42.49019],[27.45498,42.49027],[27.4554,42.49041],[27.45579,42.49049],[27.4558,42.4905],[27.45611,42.49054],[27.4562,42.49055],[27.45658,42.49061],[27.45729,42.49072],[27.45803,42.49087],[27.45949,42.49117],[27.45954,42.49118],[27.45962,42.4912],[27.45975,42.49122],[27.45989,42.49124],[27.46062,42.49137],[27.46081,42.49141],[27.46105,42.49147],[27.46113,42.49149],[27.46121,42.49151],[27.46124,42.49151],[27.46134,42.4915],[27.46147,42.49147],[27.46158,42.49143],[27.46219,42.4912],[27.46357,42.49079],[27.46447,42.49053],[27.46458,42.49054],[27.46465,42.49052],[27.46532,42.49041],[27.46532,42.49041],[27.46621,42.49028],[27.46673,42.49024],[27.46735,42.49031],[27.46868,42.49063],[27.47059,42.49108],[27.47165,42.49129],[27.47238,42.49126],[27.47288,42.49125],[27.47437,42.49131],[27.47439,42.49131],[27.47542,42.49135],[27.4761,42.49144],[27.47675,42.4916],[27.47749,42.49179],[27.47775,42.49186],[27.47776,42.49186],[27.47889,42.49211],[27.47987,42.49288],[27.48089,42.49458],[27.48,42.49863],[27.47783,42.50079],[27.47717,42.50148],[27.47717,42.50148],[27.47478,42.50383],[27.47459,42.50399],[27.47373,42.50482],[27.47373,42.50482],[27.47182,42.50659],[27.47091,42.50746],[27.46934,42.50905],[27.46862,42.50973],[27.46789,42.51042],[27.46725,42.51076],[27.46666,42.51103],[27.46666,42.51103],[27.4664,42.51114],[27.46631,42.51122],[27.46577,42.51167],[27.46507,42.51245],[27.46463,42.51298],[27.4642,42.51344],[27.46361,42.51412],[27.46316,42.51464],[27.46316,42.51464],[27.46143,42.51692],[27.46136,42.517],[27.4614,42.51711],[27.46142,42.51726],[27.46139,42.51734],[27.46128,42.51749],[27.46111,42.5176],[27.46089,42.51766],[27.46085,42.51766],[27.46079,42.51777],[27.46074,42.51783],[27.45874,42.51984],[27.45874,42.51984],[27.45738,42.52136],[27.45709,42.52169],[27.45669,42.52219],[27.45598,42.52299],[27.45527,42.52387],[27.45475,42.52452],[27.45415,42.52525],[27.45415,42.52525],[27.45414,42.52525],[27.45394,42.52551],[27.4534,42.52618],[27.45314,42.52649],[27.45311,42.52653],[27.4529,42.52677],[27.45281,42.52688],[27.45276,42.52693],[27.45275,42.52696],[27.4526,42.52716],[27.45244,42.52732],[27.45227,42.52749],[27.45225,42.52749],[27.45223,42.5275],[27.45221,42.5275],[27.45214,42.5275],[27.4521,42.5275],[27.45203,42.52748],[27.45196,42.52745],[27.45191,42.52743],[27.45187,42.52741],[27.45183,42.52737],[27.45181,42.52734],[27.45178,42.52729],[27.45178,42.52727],[27.45177,42.52724],[27.45177,42.52722],[27.45177,42.52719],[27.45166,42.52705],[27.45143,42.52677],[27.45137,42.5267],[27.4513,42.52665],[27.45067,42.52631],[27.45065,42.5263],[27.45011,42.52603],[27.44976,42.52586],[27.44904,42.52551],[27.44883,42.5254],[27.44867,42.52532],[27.44864,42.52531],[27.44829,42.52513],[27.4481,42.52503],[27.44784,42.5249],[27.44782,42.52489],[27.44729,42.5247],[27.44673,42.52449],[27.44664,42.52444],[27.44626,42.52425],[27.44615,42.52419],[27.44542,42.52378],[27.44496,42.52355],[27.44391,42.52284],[27.44353,42.52256],[27.44341,42.52249],[27.44341,42.52249],[27.44298,42.5222],[27.44257,42.52198],[27.44206,42.52169],[27.44189,42.52161],[27.44043,42.52088],[27.44001,42.52067],[27.43985,42.52061],[27.43981,42.52063],[27.43978,42.52065],[27.43976,42.52066],[27.43973,42.52067],[27.4397,42.52067],[27.43967,42.52068],[27.43964,42.52068],[27.43961,42.52068],[27.43958,42.52068],[27.43955,42.52068],[27.43952,42.52067],[27.43949,42.52066],[27.43947,42.52065],[27.43944,42.52064],[27.43942,42.52063],[27.4394,42.52061],[27.43938,42.5206],[27.43936,42.52058],[27.43935,42.52056],[27.43933,42.52054],[27.43932,42.52052],[27.43931,42.5205],[27.43931,42.52047],[27.4393,42.52044],[27.4393,42.52041],[27.43931,42.52039],[27.43931,42.52036],[27.43932,42.52033],[27.43934,42.52031],[27.43929,42.52026],[27.43905,42.52003],[27.43884,42.51982],[27.43866,42.51956],[27.43848,42.5192],[27.43837,42.51901],[27.43822,42.51901],[27.43819,42.51901],[27.43816,42.51901],[27.43813,42.51903],[27.43812,42.51904]]},"properties":{"line":"Б12","dir":"0","mode":"bus"}},{"type":"Feature","geometry":{"type":"LineString","coordinates":[[27.43844,42.51967],[27.4385,42.51975],[27.43855,42.51992],[27.43862,42.52046],[27.43872,42.52072],[27.43882,42.52083],[27.43917,42.52064],[27.43932,42.52052],[27.4393,42.52041],[27.43934,42.52031],[27.4394,42.52025],[27.43949,42.52021],[27.43967,42.52019],[27.43981,42.52023],[27.43988,42.52027],[27.43994,42.52036],[27.43994,42.52045],[27.43994,42.5205],[27.44045,42.52075],[27.44098,42.521],[27.44235,42.52173],[27.44313,42.52217],[27.44313,42.52217],[27.44363,42.52245],[27.44373,42.52248],[27.44389,42.52255],[27.44405,42.52264],[27.44414,42.52265],[27.4442,42.52263],[27.44424,42.52257],[27.44429,42.5226],[27.44583,42.52343],[27.44675,42.52392],[27.44676,42.52392],[27.44889,42.52506],[27.44889,42.52506],[27.44924,42.52524],[27.44969,42.52549],[27.45011,42.52571],[27.45041,42.52594],[27.45049,42.52606],[27.45148,42.5265],[27.45163,42.52658],[27.45181,42.52664],[27.452,42.52668],[27.45222,42.52669],[27.45224,42.52668],[27.45225,42.52667],[27.45241,42.52651],[27.45253,42.52636],[27.45285,42.52606],[27.45358,42.52533],[27.45362,42.52529],[27.45373,42.52517],[27.45384,42.52504],[27.45403,42.52483],[27.45427,42.52457],[27.45462,42.5242],[27.45469,42.52413],[27.45469,42.52413],[27.45591,42.5228],[27.45765,42.52077],[27.45865,42.51952],[27.45865,42.51952],[27.4598,42.51802],[27.46018,42.5175],[27.46028,42.51737],[27.46027,42.51734],[27.46026,42.51727],[27.46027,42.51714],[27.46033,42.51702],[27.46043,42.51691],[27.46052,42.51686],[27.46073,42.51679],[27.4609,42.51674],[27.46097,42.51671],[27.46106,42.51664],[27.46167,42.51597],[27.46244,42.51514],[27.4631,42.51445],[27.4631,42.51445],[27.46433,42.51308],[27.46456,42.51285],[27.46495,42.51243],[27.46607,42.51115],[27.46613,42.51114],[27.46638,42.51086],[27.46645,42.5108],[27.46662,42.51072],[27.46684,42.51067],[27.46743,42.51047],[27.46783,42.51027],[27.46804,42.51014],[27.46852,42.50967],[27.46867,42.50952],[27.46867,42.50952],[27.4708,42.50739],[27.47121,42.507],[27.47182,42.50641],[27.47182,42.50641],[27.47347,42.50485],[27.47459,42.50379],[27.47497,42.50341],[27.47497,42.50341],[27.47615,42.50226],[27.47627,42.50211],[27.47762,42.50085],[27.47814,42.50033],[27.47814,42.50033],[27.47965,42.49886],[27.47986,42.49861],[27.47993,42.49851],[27.47997,42.49833],[27.48004,42.49801],[27.48011,42.49759],[27.48043,42.49591],[27.48058,42.49515],[27.48072,42.49429],[27.48069,42.49413],[27.4806,42.4939],[27.48032,42.49357],[27.47976,42.49297],[27.4796,42.4927],[27.47954,42.49263],[27.47937,42.4925],[27.47937,42.4925],[27.47927,42.49241],[27.479,42.49224],[27.47884,42.49217],[27.47851,42.49207],[27.47727,42.49174],[27.4761,42.49144],[27.47523,42.49134],[27.47338,42.49126],[27.47251,42.49125],[27.47192,42.49129],[27.47165,42.49129],[27.47126,42.49121],[27.47117,42.49119],[27.46668,42.49029],[27.46668,42.49024],[27.46621,42.49028],[27.46465,42.49052],[27.4645,42.49058],[27.46239,42.49117],[27.46213,42.49125],[27.46169,42.49143],[27.46129,42.49154],[27.46106,42.49156],[27.46093,42.49157],[27.45982,42.49135],[27.45975,42.49133],[27.45958,42.4913],[27.4582,42.49101],[27.45701,42.49078],[27.45575,42.4906],[27.45522,42.49044],[27.45491,42.49034],[27.45473,42.49019],[27.45437,42.49],[27.45417,42.48988],[27.45416,42.48989],[27.45416,42.48989],[27.44931,42.48702],[27.44931,42.48702],[27.44449,42.48415],[27.44449,42.48415],[27.44449,42.48413],[27.44352,42.48359],[27.44238,42.4829],[27.44196,42.48264],[27.44157,42.48226],[27.44117,42.48171],[27.44112,42.48162],[27.44096,42.48128],[27.44096,42.48127],[27.44072,42.48064],[27.44056,42.48021],[27.44019,42.47936],[27.44003,42.47897],[27.43967,42.47813],[27.43959,42.47789],[27.43959,42.47789],[27.43909,42.47657],[27.43895,42.47636],[27.43835,42.47579],[27.43753,42.47514],[27.43699,42.47469],[27.43668,42.47442],[27.43658,42.47436],[27.43641,42.47432],[27.43633,42.47431],[27.43615,42.47432],[27.43606,42.47441],[27.43592,42.47447],[27.43565,42.47452],[27.43539,42.4745],[27.43526,42.47445],[27.43514,42.47437],[27.43508,42.47431],[27.43498,42.47417],[27.43494,42.47406],[27.43491,42.47389],[27.43491,42.47375],[27.43481,42.47361],[27.43466,42.47345],[27.43441,42.47332],[27.43425,42.47327],[27.43342,42.47317],[27.43156,42.47297],[27.43063,42.47288],[27.43063,42.47288],[27.42842,42.47267],[27.42772,42.47258],[27.42738,42.4725],[27.42669,42.47227],[27.42611,42.47198],[27.42578,42.47178],[27.42578,42.47178],[27.42537,42.47147],[27.42504,42.47118],[27.42467,42.47075],[27.42373,42.46947],[27.42352,42.46918],[27.42324,42.46891],[27.42277,42.46854],[27.42243,42.46833],[27.4218,42.46801],[27.42134,42.46786],[27.42078,42.46771],[27.42016,42.4676],[27.41974,42.46755],[27.41978,42.46743],[27.41993,42.46695],[27.42011,42.46644],[27.42024,42.46622],[27.42043,42.46595],[27.42058,42.46582],[27.42022,42.46543],[27.41961,42.46478],[27.41961,42.46478],[27.41924,42.46437],[27.41904,42.46399],[27.41893,42.46375],[27.41891,42.4636],[27.4189,42.46341],[27.41902,42.46285],[27.41862,42.46209],[27.41852,42.46193],[27.41852,42.46193],[27.41831,42.46161],[27.41869,42.46119],[27.41908,42.46065],[27.41935,42.46021],[27.4195,42.45971],[27.41947,42.45934],[27.41922,42.45909],[27.41869,42.45881],[27.41895,42.4585],[27.41895,42.4585],[27.41912,42.45831],[27.41852,42.45801],[27.41695,42.45721],[27.41967,42.45367],[27.42022,42.45296],[27.41989,42.45284],[27.41976,42.45276],[27.41963,42.45266],[27.41952,42.45257],[27.41949,42.45254],[27.41939,42.45243],[27.41936,42.45239],[27.41921,42.45211],[27.41913,42.45191],[27.41911,42.45187],[27.41907,42.45181],[27.41898,42.45162],[27.41893,42.45157],[27.41881,42.45147],[27.41866,42.45137]]},"properties":{"line":"Б12","dir":"1","mode":"bus"}},{"type":"Feature","geometry":{"type":"LineString","coordinates":[[27.41375,42.46505],[27.41307,42.46446],[27.41259,42.46406],[27.41106,42.46273],[27.40971,42.46164],[27.40959,42.4615],[27.40943,42.46139],[27.40906,42.46112],[27.40836,42.46049],[27.40836,42.46049],[27.40634,42.45862],[27.40558,42.4579],[27.4063,42.45753],[27.4063,42.45753],[27.40957,42.4558],[27.40957,42.4558],[27.41029,42.45542],[27.41171,42.45448],[27.41194,42.45427],[27.41217,42.45397],[27.413,42.45293],[27.41315,42.45274],[27.41315,42.45274],[27.41336,42.45248],[27.41357,42.45208],[27.41363,42.45193],[27.41369,42.45144],[27.41369,42.45093],[27.41374,42.45058],[27.4138,42.45041],[27.41398,42.45024],[27.41408,42.45018],[27.4142,42.45014],[27.4145,42.4501],[27.41494,42.45014],[27.41547,42.45027],[27.41547,42.45027],[27.41601,42.45039],[27.41651,42.45049],[27.41738,42.45075],[27.41788,42.45098],[27.41861,42.45134],[27.41893,42.45157],[27.41907,42.45181],[27.41921,42.45211],[27.41939,42.45243],[27.41952,42.45257],[27.41976,42.45276],[27.42022,42.45296],[27.4204,42.45303],[27.42004,42.45348],[27.42004,42.45348],[27.41868,42.45523],[27.4172,42.45717],[27.41786,42.45747],[27.41862,42.45791],[27.41881,42.45801],[27.41881,42.45801],[27.4192,42.45822],[27.41912,42.45831],[27.41868,42.45882],[27.41905,42.45899],[27.41926,42.45913],[27.41936,42.45922],[27.41944,42.45936],[27.41948,42.45945],[27.4195,42.45974],[27.41947,42.45992],[27.41928,42.46032],[27.41908,42.46066],[27.41882,42.46101],[27.41832,42.46163],[27.41852,42.46194],[27.41852,42.46194],[27.41888,42.46257],[27.41902,42.46285],[27.4189,42.46341],[27.41893,42.46375],[27.41904,42.46399],[27.41924,42.46437],[27.41962,42.46479],[27.41962,42.46479],[27.42022,42.46543],[27.42058,42.46582],[27.42043,42.46595],[27.42024,42.46622],[27.42011,42.46644],[27.41993,42.46695],[27.41986,42.46717],[27.42022,42.46749],[27.42077,42.4676],[27.42144,42.46777],[27.42181,42.46789],[27.42223,42.46809],[27.42262,42.46832],[27.42309,42.46864],[27.42359,42.4691],[27.42426,42.46998],[27.42477,42.4707],[27.42519,42.47117],[27.42535,42.47132],[27.42536,42.47132],[27.42538,42.47135],[27.4255,42.47145],[27.42572,42.47162],[27.42585,42.47171],[27.4259,42.47174],[27.42607,42.47185],[27.4262,42.47192],[27.42638,42.47201],[27.42652,42.47207],[27.42678,42.47218],[27.42718,42.47231],[27.42748,42.4724],[27.42773,42.47246],[27.42801,42.4725],[27.42803,42.47251],[27.42821,42.47253],[27.42834,42.47254],[27.42892,42.47252],[27.42934,42.47249],[27.42947,42.47249],[27.42985,42.47249],[27.43025,42.47252],[27.4306,42.47256],[27.43119,42.47266],[27.43135,42.47269],[27.43192,42.47279],[27.43192,42.47279],[27.43297,42.47298],[27.43395,42.47312],[27.43496,42.47325],[27.4351,42.47327],[27.43517,42.47329],[27.43523,42.47325],[27.43528,42.47323],[27.43542,42.47319],[27.43568,42.47319],[27.43579,42.47321],[27.43598,42.47329],[27.43611,42.47338],[27.43618,42.47344],[27.43623,42.47353],[27.43625,42.4736],[27.4363,42.4739],[27.4363,42.47401],[27.43627,42.47413],[27.4362,42.47427],[27.43615,42.47432],[27.43606,42.47441],[27.43592,42.47447],[27.43576,42.47468],[27.4357,42.47545],[27.4357,42.47601],[27.43584,42.47731],[27.43584,42.4775],[27.43579,42.47766],[27.43603,42.4785],[27.4364,42.47941],[27.43662,42.47986],[27.43704,42.48057],[27.43739,42.48108],[27.43762,42.48141],[27.43774,42.48157],[27.43827,42.48225],[27.4395,42.48356],[27.44192,42.48581],[27.4435,42.48722],[27.44593,42.48941],[27.44802,42.49129],[27.44893,42.49211],[27.45041,42.49342],[27.45222,42.49504],[27.45308,42.49583],[27.45503,42.49767],[27.4574,42.4999],[27.45967,42.50198],[27.46073,42.50291],[27.46139,42.50353],[27.46202,42.5042],[27.46242,42.50471],[27.46248,42.50472],[27.46259,42.5048],[27.46261,42.50486],[27.46261,42.50494],[27.46258,42.50502],[27.4625,42.50508],[27.4624,42.50511],[27.46233,42.50511],[27.46226,42.5051],[27.46223,42.50508],[27.4621,42.50511],[27.4618,42.50523],[27.4618,42.50523],[27.46157,42.5053],[27.46142,42.50536],[27.45945,42.50626],[27.45907,42.50644],[27.45829,42.50678],[27.45727,42.50726],[27.45726,42.50726],[27.45688,42.50747],[27.4564,42.50775],[27.456,42.508],[27.45527,42.50847],[27.45414,42.50914],[27.45413,42.50913],[27.45223,42.51026],[27.45134,42.51068],[27.45037,42.51109],[27.44904,42.51154],[27.44833,42.51177],[27.44645,42.51237],[27.44319,42.51343],[27.44162,42.51392],[27.44162,42.51392],[27.4393,42.51466],[27.43791,42.5151],[27.43773,42.51526],[27.43766,42.51536],[27.43759,42.51548],[27.43763,42.51555],[27.43794,42.51616],[27.43794,42.5163],[27.43795,42.51639],[27.43782,42.51662],[27.43767,42.51685],[27.43763,42.51692],[27.43759,42.51706],[27.43758,42.51714],[27.43757,42.51721],[27.43816,42.51833],[27.43833,42.51865],[27.43881,42.51963],[27.43895,42.51981],[27.4391,42.51998],[27.43937,42.52017],[27.43949,42.52021],[27.43956,42.52019],[27.43963,42.52019],[27.43978,42.52022],[27.43987,42.52026],[27.43992,42.52031],[27.43995,42.52039],[27.43994,42.52049],[27.43992,42.52054],[27.43988,42.52059],[27.43978,42.52065],[27.43967,42.52068],[27.43955,42.52068],[27.43944,42.52064],[27.43936,42.52058],[27.43931,42.5205],[27.43931,42.52039],[27.43932,42.52033],[27.43934,42.52031],[27.43929,42.52026],[27.43884,42.51982],[27.43866,42.51956],[27.43848,42.5192],[27.43837,42.51901],[27.43822,42.51901],[27.43816,42.51901],[27.43811,42.51904]]},"properties":{"line":"Бо","dir":"0","mode":"bus"}},{"type":"Feature","geometry":{"type":"LineString","coordinates":[[27.43844,42.51967],[27.43847,42.51971],[27.4385,42.51975],[27.43851,42.51979],[27.43855,42.51992],[27.4386,42.52043],[27.43862,42.52046],[27.43865,42.52057],[27.43872,42.52072],[27.43882,42.52083],[27.43896,42.52076],[27.43917,42.52064],[27.43923,42.52053],[27.43927,42.52046],[27.43929,42.52039],[27.43929,42.52026],[27.43905,42.52003],[27.43884,42.51982],[27.43866,42.51956],[27.43848,42.5192],[27.43837,42.51901],[27.43829,42.51887],[27.43821,42.5187],[27.4382,42.51868],[27.43789,42.51806],[27.43788,42.51805],[27.43738,42.51709],[27.43724,42.51703],[27.43719,42.51699],[27.4371,42.51694],[27.43688,42.51683],[27.43669,42.51675],[27.43657,42.5167],[27.43637,42.51661],[27.436,42.51645],[27.43571,42.51633],[27.43553,42.51625],[27.43551,42.51624],[27.43546,42.51615],[27.43539,42.51605],[27.43535,42.51597],[27.43535,42.51588],[27.43545,42.51585],[27.43571,42.51577],[27.43601,42.51568],[27.43642,42.51556],[27.43668,42.51548],[27.43692,42.51541],[27.43706,42.51536],[27.43746,42.51523],[27.43791,42.5151],[27.43848,42.51493],[27.43875,42.51477],[27.43898,42.5146],[27.4391,42.51453],[27.4399,42.51425],[27.44061,42.51394],[27.44109,42.51376],[27.44188,42.51352],[27.44228,42.51339],[27.44228,42.51339],[27.44364,42.51298],[27.44452,42.51282],[27.44528,42.51262],[27.44529,42.51262],[27.44875,42.51151],[27.45038,42.51099],[27.45133,42.5106],[27.45167,42.51043],[27.45209,42.51016],[27.45256,42.50987],[27.45346,42.50941],[27.45365,42.50929],[27.45595,42.50793],[27.45621,42.50785],[27.4564,42.50775],[27.45688,42.50747],[27.45738,42.50721],[27.45738,42.50721],[27.45829,42.50678],[27.45907,42.50644],[27.45945,42.50626],[27.46142,42.50536],[27.46157,42.5053],[27.46165,42.50522],[27.46183,42.50512],[27.46192,42.50502],[27.46199,42.50498],[27.46204,42.50488],[27.46209,42.50476],[27.4621,42.50465],[27.46202,42.50449],[27.46199,42.50435],[27.46179,42.5041],[27.46169,42.504],[27.46169,42.504],[27.46129,42.50361],[27.46107,42.50341],[27.46068,42.50301],[27.46054,42.5029],[27.46038,42.50276],[27.45962,42.50208],[27.45762,42.50025],[27.45524,42.49801],[27.45266,42.49558],[27.45174,42.49474],[27.45011,42.49333],[27.44959,42.49291],[27.4485,42.49193],[27.44732,42.49086],[27.44254,42.48654],[27.44019,42.48442],[27.43899,42.48324],[27.43788,42.48199],[27.43732,42.48125],[27.43675,42.48041],[27.43666,42.48025],[27.43659,42.48013],[27.43653,42.48],[27.43623,42.4794],[27.43607,42.479],[27.43577,42.47823],[27.43559,42.47757],[27.43554,42.47724],[27.43539,42.47698],[27.43535,42.4767],[27.43525,42.47533],[27.43514,42.47437],[27.43508,42.47431],[27.43498,42.47417],[27.43494,42.47406],[27.43491,42.47375],[27.43481,42.47361],[27.43466,42.47345],[27.43441,42.47332],[27.43425,42.47327],[27.43342,42.47317],[27.43156,42.47297],[27.43063,42.47288],[27.43062,42.47288],[27.43059,42.47288],[27.42797,42.47261],[27.42738,42.4725],[27.42669,42.47227],[27.42623,42.47205],[27.42596,42.4719],[27.42578,42.47178],[27.42578,42.47178],[27.42537,42.47147],[27.42504,42.47118],[27.42467,42.47075],[27.42373,42.46947],[27.42352,42.46918],[27.42324,42.46891],[27.42277,42.46854],[27.42243,42.46833],[27.4218,42.46801],[27.42134,42.46786],[27.42078,42.46771],[27.42016,42.4676],[27.41974,42.46755],[27.41978,42.46743],[27.41993,42.46695],[27.42011,42.46644],[27.42024,42.46622],[27.42043,42.46595],[27.42058,42.46582],[27.42022,42.46543],[27.41961,42.46478],[27.41961,42.46478],[27.41924,42.46437],[27.41904,42.46399],[27.41893,42.46375],[27.41891,42.4636],[27.4189,42.46341],[27.41902,42.46285],[27.41862,42.46209],[27.41852,42.46193],[27.41852,42.46193],[27.4183,42.46158],[27.41878,42.46099],[27.41943,42.46008],[27.41951,42.45957],[27.41936,42.4592],[27.41871,42.45882],[27.41895,42.4585],[27.41895,42.4585],[27.41912,42.45831],[27.41852,42.45801],[27.41711,42.45728],[27.41695,42.45721],[27.41703,42.4571],[27.41881,42.45477],[27.41967,42.45367],[27.42022,42.45296],[27.41989,42.45284],[27.41963,42.45266],[27.41949,42.45254],[27.41936,42.45239],[27.41921,42.45211],[27.41913,42.45191],[27.41907,42.45181],[27.41893,42.45157],[27.41861,42.45134],[27.41788,42.45098],[27.41738,42.45075],[27.41651,42.45049],[27.41601,42.45039],[27.41501,42.45016],[27.41476,42.45012],[27.41448,42.45011],[27.41448,42.45011],[27.4142,42.45014],[27.41408,42.45018],[27.41398,42.45024],[27.4138,42.45041],[27.41374,42.45058],[27.41369,42.45093],[27.41369,42.45144],[27.41363,42.45193],[27.41357,42.45208],[27.41336,42.45248],[27.413,42.45293],[27.4129,42.45305],[27.4129,42.45305],[27.41217,42.45397],[27.41194,42.45427],[27.41171,42.45448],[27.41029,42.45542],[27.40937,42.4559],[27.40937,42.4559],[27.4058,42.4578],[27.40558,42.4579],[27.40574,42.45806],[27.40596,42.45827],[27.40596,42.45827],[27.40661,42.45886],[27.40822,42.46036],[27.40856,42.46067],[27.40856,42.46067],[27.40895,42.46101],[27.40932,42.46131],[27.40959,42.4615],[27.40983,42.46162],[27.41047,42.46213],[27.41124,42.46273],[27.41271,42.46402],[27.41326,42.46445],[27.41365,42.46479]]},"properties":{"line":"Бо","dir":"1","mode":"bus"}},{"type":"Feature","geometry":{"type":"LineString","coordinates":[[27.43844,42.51967],[27.4385,42.51975],[27.43855,42.51992],[27.43862,42.52046],[27.43872,42.52072],[27.43882,42.52083],[27.43917,42.52064],[27.43932,42.52052],[27.4393,42.52041],[27.43934,42.52031],[27.4394,42.52025],[27.43949,42.52021],[27.43967,42.52019],[27.43981,42.52023],[27.4399,42.52024],[27.44151,42.51955],[27.44238,42.51923],[27.44263,42.51914],[27.4433,42.51884],[27.44478,42.51814],[27.44527,42.51792],[27.44527,42.51792],[27.44527,42.51793],[27.44627,42.51748],[27.44649,42.51735],[27.44671,42.5172],[27.44694,42.51703],[27.44746,42.51677],[27.44781,42.51663],[27.44793,42.51667],[27.44802,42.5167],[27.4481,42.51673],[27.44835,42.51696],[27.44867,42.51734],[27.44868,42.51742],[27.44899,42.51779],[27.44899,42.51779],[27.44953,42.51842],[27.45004,42.51887],[27.4508,42.51944],[27.45114,42.51968],[27.45181,42.52007],[27.45337,42.52083],[27.45345,42.52087],[27.45345,42.52087],[27.45352,42.52091],[27.45375,42.52102],[27.45461,42.52134],[27.45563,42.52169],[27.45655,42.52203],[27.45765,42.52077],[27.45834,42.51992],[27.45898,42.51912],[27.45898,42.51911],[27.46028,42.51737],[27.46026,42.51729],[27.46026,42.5172],[27.46029,42.51708],[27.46037,42.51696],[27.46047,42.51689],[27.46068,42.51681],[27.46076,42.51679],[27.46103,42.5166],[27.46167,42.51597],[27.46244,42.51514],[27.46274,42.51483],[27.46274,42.51483],[27.46363,42.51386],[27.46433,42.51308],[27.46456,42.51285],[27.46495,42.51243],[27.46553,42.51178],[27.46607,42.51115],[27.46608,42.51111],[27.46687,42.5102],[27.46731,42.50969],[27.46757,42.50928],[27.46793,42.50874],[27.46814,42.50832],[27.46824,42.5082],[27.46838,42.50782],[27.46838,42.50782],[27.46901,42.50622],[27.46927,42.50555],[27.46948,42.50502],[27.46987,42.5039],[27.46986,42.5038],[27.46989,42.50372],[27.47013,42.50302],[27.47015,42.50297],[27.46982,42.50289],[27.46866,42.50264],[27.46852,42.50261],[27.46851,42.50261],[27.46748,42.50241],[27.46729,42.50244],[27.46719,42.50242],[27.4676,42.50122],[27.46766,42.50117],[27.46789,42.50045],[27.46828,42.49938],[27.46899,42.49738],[27.46932,42.49654],[27.46979,42.49538],[27.47011,42.49463],[27.47011,42.49463],[27.47031,42.4942],[27.4706,42.49352],[27.47066,42.49342],[27.47092,42.49313],[27.47107,42.49297],[27.47154,42.49202],[27.47187,42.4914],[27.47192,42.49129],[27.47251,42.49125],[27.47338,42.49126],[27.47523,42.49134],[27.47542,42.49135],[27.47542,42.49076],[27.47543,42.49062],[27.47543,42.49059],[27.47522,42.4906],[27.4747,42.4906],[27.4747,42.4906],[27.47522,42.4906],[27.47543,42.49059],[27.47543,42.49062],[27.47542,42.49076],[27.47542,42.49135],[27.47523,42.49134],[27.474,42.4913],[27.47338,42.49126],[27.47251,42.49125],[27.47192,42.49129],[27.47165,42.49129],[27.47126,42.49121],[27.47049,42.49106],[27.46898,42.4907],[27.46777,42.49042],[27.46735,42.49031],[27.46681,42.49025],[27.46668,42.49024],[27.46667,42.49024],[27.46621,42.49028],[27.46465,42.49052],[27.4645,42.49058],[27.46239,42.49117],[27.46213,42.49125],[27.46169,42.49143],[27.46129,42.49154],[27.46106,42.49156],[27.46093,42.49157],[27.45982,42.49135],[27.45975,42.49133],[27.45958,42.4913],[27.4582,42.49101],[27.45701,42.49078],[27.45575,42.4906],[27.45513,42.49058],[27.45484,42.49063],[27.45441,42.49076],[27.4544,42.49077],[27.45386,42.49111],[27.45349,42.49134],[27.45285,42.49178],[27.45192,42.49245],[27.45122,42.49288],[27.45081,42.49316],[27.45041,42.49342],[27.45029,42.49349],[27.45011,42.49333],[27.44961,42.49292],[27.44905,42.49242],[27.44742,42.49095],[27.44395,42.48781],[27.44019,42.48442],[27.43899,42.48324],[27.43788,42.48199],[27.43732,42.48125],[27.43675,42.48041],[27.43659,42.48013],[27.43653,42.48],[27.43623,42.4794],[27.43597,42.47876],[27.43577,42.47823],[27.43559,42.47757],[27.43554,42.47724],[27.43539,42.47698],[27.43536,42.47683],[27.43532,42.47609],[27.43514,42.47437],[27.43508,42.47431],[27.43498,42.47417],[27.43494,42.47406],[27.43491,42.47389],[27.43491,42.47375],[27.43481,42.47361],[27.43466,42.47345],[27.43441,42.47332],[27.43425,42.47327],[27.43342,42.47317],[27.43156,42.47297],[27.43063,42.47288],[27.43062,42.47288],[27.43059,42.47288],[27.42797,42.47261],[27.42738,42.4725],[27.42669,42.47227],[27.42623,42.47205],[27.42596,42.4719],[27.42578,42.47178],[27.42578,42.47178],[27.42537,42.47147],[27.42504,42.47118],[27.42467,42.47075],[27.42373,42.46947],[27.42352,42.46918],[27.42324,42.46891],[27.42277,42.46854],[27.42243,42.46833],[27.4218,42.46801],[27.42134,42.46786],[27.42078,42.46771],[27.42016,42.4676],[27.41974,42.46755],[27.41892,42.46742],[27.41741,42.46711],[27.41665,42.46689],[27.41598,42.46663],[27.41551,42.46638],[27.41491,42.466],[27.41463,42.46576],[27.41375,42.46505],[27.41375,42.46505],[27.41164,42.46325],[27.4109,42.46259],[27.41037,42.46217],[27.40971,42.46164],[27.40959,42.4615],[27.40932,42.46131],[27.40895,42.46101],[27.40836,42.46049],[27.40836,42.46049],[27.40678,42.45902],[27.40574,42.45806],[27.40558,42.4579],[27.4058,42.4578],[27.4063,42.45753],[27.40957,42.4558],[27.40957,42.4558],[27.41029,42.45542],[27.41171,42.45448],[27.41194,42.45427],[27.41217,42.45397],[27.413,42.45293],[27.41315,42.45274],[27.41315,42.45274],[27.41336,42.45248],[27.41357,42.45208],[27.41363,42.45193],[27.41369,42.45144],[27.41369,42.45093],[27.41374,42.45058],[27.4138,42.45041],[27.41398,42.45024],[27.41408,42.45018],[27.4142,42.45014],[27.4145,42.4501],[27.41494,42.45014],[27.41547,42.45027],[27.41547,42.45027],[27.41601,42.45039],[27.41651,42.45049],[27.41738,42.45075],[27.41788,42.45098],[27.41831,42.45117],[27.4181,42.45151]]},"properties":{"line":"Н","dir":"0","mode":"bus"}},{"type":"Feature","geometry":{"type":"LineString","coordinates":[[27.41846,42.45206],[27.41787,42.4519],[27.41795,42.45176],[27.41831,42.45117],[27.41861,42.45134],[27.41893,42.45157],[27.41907,42.45181],[27.41921,42.45211],[27.41939,42.45243],[27.41952,42.45257],[27.41976,42.45276],[27.42022,42.45296],[27.4204,42.45303],[27.41896,42.45486],[27.41896,42.45486],[27.4172,42.45717],[27.41603,42.45863],[27.41588,42.45884],[27.41588,42.45884],[27.41503,42.45992],[27.41434,42.46077],[27.41393,42.46127],[27.41377,42.46163],[27.41371,42.4618],[27.41368,42.46197],[27.41363,42.46243],[27.41362,42.46267],[27.41362,42.46267],[27.41361,42.46354],[27.41358,42.46391],[27.41353,42.46404],[27.41326,42.46445],[27.41501,42.46591],[27.4154,42.46618],[27.41593,42.46648],[27.41659,42.46677],[27.41741,42.46701],[27.41934,42.46735],[27.42022,42.46749],[27.42077,42.4676],[27.42144,42.46777],[27.42181,42.46789],[27.42223,42.46809],[27.42262,42.46832],[27.42292,42.46851],[27.42323,42.46877],[27.42351,42.46901],[27.42378,42.46933],[27.42436,42.47014],[27.42477,42.4707],[27.42519,42.47117],[27.42538,42.47135],[27.42572,42.47162],[27.4259,42.47174],[27.4262,42.47192],[27.42652,42.47207],[27.42678,42.47218],[27.42718,42.47231],[27.42773,42.47246],[27.42821,42.47253],[27.42892,42.47252],[27.42947,42.47249],[27.43025,42.47252],[27.43119,42.47266],[27.43251,42.47289],[27.43251,42.47289],[27.43356,42.47307],[27.43435,42.47318],[27.4351,42.47327],[27.43517,42.47329],[27.43523,42.47325],[27.43528,42.47323],[27.43551,42.47318],[27.4357,42.47317],[27.43586,42.47321],[27.43607,42.47333],[27.43615,42.4734],[27.43622,42.47352],[27.4363,42.47382],[27.43629,42.47405],[27.43624,42.4742],[27.43616,42.47431],[27.4361,42.47438],[27.43598,42.47445],[27.43592,42.47447],[27.43584,42.47455],[27.43576,42.47468],[27.4357,42.47545],[27.4357,42.47601],[27.43575,42.47661],[27.43584,42.47744],[27.43583,42.47755],[27.43579,42.47766],[27.43586,42.47792],[27.43603,42.4785],[27.4362,42.47891],[27.43634,42.47925],[27.43648,42.47957],[27.43662,42.47986],[27.43704,42.48057],[27.43774,42.48157],[27.43827,42.48225],[27.4395,42.48356],[27.44113,42.48509],[27.44288,42.48666],[27.44593,42.48941],[27.44816,42.49143],[27.44948,42.49259],[27.45004,42.49308],[27.45034,42.49315],[27.45068,42.49316],[27.45081,42.49316],[27.45102,42.49302],[27.45192,42.49245],[27.45318,42.49155],[27.45376,42.49117],[27.45426,42.49085],[27.45439,42.49077],[27.45439,42.49077],[27.45441,42.49076],[27.45491,42.49034],[27.45498,42.49027],[27.4554,42.49041],[27.4558,42.4905],[27.45729,42.49072],[27.45962,42.4912],[27.46081,42.49141],[27.46121,42.49151],[27.46134,42.4915],[27.46158,42.49143],[27.46219,42.4912],[27.46357,42.49079],[27.46447,42.49053],[27.46458,42.49054],[27.46532,42.49041],[27.46532,42.49041],[27.46621,42.49028],[27.46673,42.49024],[27.46735,42.49031],[27.46868,42.49063],[27.47059,42.49108],[27.47165,42.49129],[27.47238,42.49126],[27.47288,42.49125],[27.47439,42.49131],[27.47542,42.49135],[27.47542,42.49069],[27.47543,42.49059],[27.47496,42.4906],[27.4747,42.4906],[27.4747,42.4906],[27.47522,42.4906],[27.47543,42.49059],[27.47543,42.49062],[27.47542,42.49076],[27.47542,42.49135],[27.47523,42.49134],[27.474,42.4913],[27.47338,42.49126],[27.47251,42.49125],[27.47192,42.49129],[27.47187,42.4914],[27.4716,42.49191],[27.4716,42.49191],[27.47133,42.49244],[27.47107,42.49297],[27.47099,42.49305],[27.47066,42.49342],[27.47035,42.49411],[27.47017,42.49451],[27.46983,42.49532],[27.46952,42.49601],[27.46875,42.49804],[27.46875,42.49804],[27.46835,42.49918],[27.46809,42.49987],[27.46768,42.50107],[27.46766,42.50117],[27.46768,42.50123],[27.46758,42.50153],[27.46731,42.50236],[27.46754,42.50242],[27.46807,42.50251],[27.46845,42.50259],[27.46845,42.50259],[27.4691,42.50272],[27.46982,42.50289],[27.47029,42.503],[27.46994,42.50383],[27.46987,42.5039],[27.46968,42.50445],[27.46927,42.50555],[27.46888,42.50651],[27.4686,42.50726],[27.46859,42.50726],[27.46824,42.5082],[27.46826,42.50828],[27.46816,42.50855],[27.46808,42.50872],[27.46775,42.50934],[27.46754,42.5097],[27.46712,42.51031],[27.46684,42.51067],[27.4664,42.51114],[27.46608,42.51141],[27.46577,42.51167],[27.46543,42.51205],[27.46479,42.51279],[27.46441,42.51322],[27.46387,42.5138],[27.46355,42.51418],[27.46295,42.5149],[27.46295,42.5149],[27.46139,42.51697],[27.46136,42.517],[27.46138,42.51704],[27.46142,42.51718],[27.46142,42.51726],[27.46135,42.51742],[27.4612,42.51755],[27.46102,42.51763],[27.46085,42.51766],[27.46071,42.51787],[27.45917,42.51941],[27.45917,42.51941],[27.45861,42.51998],[27.45738,42.52136],[27.45709,42.52169],[27.45678,42.5221],[27.45656,42.52206],[27.45559,42.52172],[27.4546,42.52134],[27.45366,42.52098],[27.45365,42.52099],[27.45365,42.52099],[27.45111,42.51965],[27.44941,42.51843],[27.44868,42.51744],[27.44868,42.51742],[27.4486,42.51738],[27.44822,42.51702],[27.44795,42.51689],[27.44779,42.51687],[27.44696,42.51723],[27.44668,42.51738],[27.44545,42.51793],[27.44366,42.51876],[27.44256,42.51928],[27.44209,42.51951],[27.44209,42.51951],[27.4416,42.51975],[27.44121,42.51983],[27.4408,42.51995],[27.44037,42.52013],[27.43994,42.52034],[27.43994,42.52038],[27.43994,42.52042],[27.43993,42.52052],[27.43981,42.52063],[27.4397,42.52067],[27.43958,42.52068],[27.43947,42.52065],[27.43938,42.5206],[27.43932,42.52052],[27.4393,42.52041],[27.43934,42.52031],[27.43905,42.52003],[27.43884,42.51982],[27.43866,42.51956],[27.43837,42.51901],[27.43819,42.51901],[27.43811,42.51904]]},"properties":{"line":"Н","dir":"1","mode":"bus"}},{"type":"Feature","geometry":{"type":"LineString","coordinates":[[27.41844,42.452],[27.41907,42.45179],[27.41906,42.45179],[27.41898,42.45162],[27.41893,42.45157],[27.41881,42.45147],[27.41861,42.45134],[27.41831,42.45117],[27.41788,42.45098],[27.41751,42.45079],[27.41738,42.45075],[27.41651,42.45049],[27.41601,42.45039],[27.41553,42.45028],[27.41501,42.45016],[27.41494,42.45014],[27.41476,42.45012],[27.4145,42.4501],[27.41448,42.45011],[27.4142,42.45014],[27.41408,42.45018],[27.41398,42.45024],[27.4138,42.45041],[27.41374,42.45058],[27.41369,42.45093],[27.41369,42.45124],[27.41368,42.45163],[27.4136,42.45201],[27.41336,42.45248],[27.4129,42.45305],[27.4129,42.45305],[27.41217,42.45397],[27.41194,42.45427],[27.41171,42.45448],[27.41029,42.45542],[27.40937,42.4559],[27.40937,42.4559],[27.4058,42.4578],[27.40558,42.4579],[27.40579,42.45812],[27.40596,42.45827],[27.40596,42.45827],[27.40661,42.45886],[27.40822,42.46036],[27.40856,42.46067],[27.40856,42.46067],[27.40895,42.46101],[27.40932,42.46131],[27.40959,42.4615],[27.40983,42.46162],[27.41047,42.46213],[27.41124,42.46273],[27.41271,42.46402],[27.41326,42.46445],[27.41365,42.46479],[27.41365,42.46479],[27.41501,42.46591],[27.4154,42.46618],[27.41593,42.46648],[27.41659,42.46677],[27.41741,42.46701],[27.41934,42.46735],[27.42022,42.46749],[27.42077,42.4676],[27.42144,42.46777],[27.42181,42.46789],[27.42223,42.46809],[27.42262,42.46832],[27.42309,42.46864],[27.42359,42.4691],[27.42426,42.46998],[27.42477,42.4707],[27.4253,42.47127],[27.42535,42.47132],[27.42536,42.47133],[27.4255,42.47145],[27.42585,42.47171],[27.42638,42.47201],[27.42678,42.47218],[27.42748,42.4724],[27.42803,42.47251],[27.42834,42.47254],[27.42934,42.47249],[27.42985,42.47249],[27.4306,42.47256],[27.43192,42.47279],[27.43192,42.47279],[27.43297,42.47298],[27.43415,42.47315],[27.43504,42.47326],[27.43517,42.47329],[27.43525,42.47324],[27.43544,42.47319],[27.4357,42.47317],[27.43581,42.47319],[27.43603,42.47329],[27.43609,42.47334],[27.4362,42.47347],[27.43625,42.4736],[27.43628,42.47373],[27.4363,42.47401],[27.43657,42.47431],[27.43658,42.47436],[27.43668,42.47442],[27.43699,42.47469],[27.43733,42.47498],[27.43847,42.47589],[27.43898,42.4764],[27.43909,42.47657],[27.43921,42.47688],[27.43921,42.47688],[27.43952,42.47768],[27.43967,42.47813],[27.43983,42.47847],[27.44013,42.4792],[27.44055,42.48018],[27.44119,42.48162],[27.44119,42.48163],[27.44144,42.48204],[27.44171,42.48236],[27.44201,42.48263],[27.44219,42.48275],[27.44304,42.48326],[27.44457,42.48418],[27.44511,42.48453],[27.44621,42.48517],[27.44673,42.4855],[27.44673,42.4855],[27.44786,42.48616],[27.44851,42.48653],[27.44952,42.48712],[27.45026,42.48757],[27.45026,42.48757],[27.45142,42.48825],[27.45255,42.48889],[27.45437,42.49],[27.4544,42.49002],[27.4544,42.49002],[27.45473,42.49019],[27.4554,42.49041],[27.4558,42.4905],[27.45658,42.49061],[27.45803,42.49087],[27.45975,42.49122],[27.461,42.49145],[27.46123,42.49149],[27.46141,42.49149],[27.46162,42.49143],[27.46206,42.49125],[27.46336,42.49086],[27.46447,42.49053],[27.46458,42.49054],[27.46532,42.49041],[27.46533,42.49041],[27.46647,42.49025],[27.46681,42.49025],[27.46735,42.49031],[27.46777,42.49042],[27.47002,42.49094],[27.47166,42.49126],[27.47192,42.49129],[27.4716,42.49191],[27.4716,42.49191],[27.47133,42.49244],[27.47107,42.49297],[27.47099,42.49305],[27.47066,42.49342],[27.47035,42.49411],[27.47017,42.49451],[27.46983,42.49532],[27.46952,42.49601],[27.46877,42.49798],[27.46877,42.49798],[27.46835,42.49918],[27.46809,42.49987],[27.46768,42.50107],[27.46766,42.50117],[27.46768,42.50123],[27.46758,42.50153],[27.46731,42.50236],[27.46729,42.50244],[27.46719,42.50242],[27.46615,42.50223],[27.46191,42.50144],[27.46013,42.50106],[27.46013,42.50106],[27.45925,42.50089],[27.45896,42.50087],[27.45873,42.50091],[27.45857,42.50087],[27.45847,42.50081],[27.45836,42.50069],[27.45831,42.50059],[27.4583,42.50045],[27.45833,42.50028],[27.45836,42.50018],[27.45841,42.50001],[27.45846,42.49995],[27.45848,42.4999],[27.4586,42.49949],[27.4586,42.49949],[27.4593,42.49745],[27.46018,42.49492],[27.46063,42.49362],[27.46063,42.49362],[27.46087,42.49296],[27.4612,42.49202],[27.46124,42.49186],[27.46122,42.49177],[27.46116,42.49169],[27.46106,42.49163],[27.46094,42.49154],[27.45983,42.49133],[27.45971,42.49131],[27.45701,42.49078],[27.45575,42.4906],[27.4553,42.49047],[27.45491,42.49034],[27.45473,42.49019],[27.45454,42.4901],[27.45417,42.48988],[27.45417,42.48988],[27.45288,42.48908],[27.45197,42.48855],[27.45142,42.48825],[27.45087,42.48792],[27.44988,42.48735],[27.44952,42.48712],[27.44932,42.48701],[27.44932,42.48701],[27.44786,42.48616],[27.44725,42.48582],[27.44621,42.48517],[27.44513,42.48454],[27.4445,42.48414],[27.4445,42.48414],[27.44219,42.48275],[27.44201,42.48263],[27.44171,42.48236],[27.44144,42.48204],[27.44123,42.48169],[27.4411,42.48144],[27.44103,42.48126],[27.44101,42.48126],[27.44096,42.48127],[27.44057,42.48023],[27.44019,42.47936],[27.44003,42.47897],[27.43967,42.47813],[27.43959,42.47789],[27.43959,42.47789],[27.43909,42.47657],[27.43892,42.47632],[27.43834,42.47579],[27.43733,42.47498],[27.43699,42.47469],[27.43668,42.47442],[27.43658,42.47436],[27.43641,42.47432],[27.43633,42.47431],[27.43615,42.47432],[27.43606,42.47441],[27.43592,42.47447],[27.43565,42.47452],[27.43539,42.4745],[27.43526,42.47445],[27.43514,42.47437],[27.43508,42.47431],[27.43498,42.47417],[27.43494,42.47406],[27.43491,42.47389],[27.43491,42.47375],[27.43481,42.47361],[27.43466,42.47345],[27.43441,42.47332],[27.43425,42.47327],[27.43342,42.47317],[27.43156,42.47297],[27.43063,42.47288],[27.43062,42.47288],[27.43059,42.47288],[27.42797,42.47261],[27.42738,42.4725],[27.42669,42.47227],[27.42623,42.47205],[27.42596,42.4719],[27.42578,42.47178],[27.42578,42.47178],[27.42537,42.47147],[27.42504,42.47118],[27.42467,42.47075],[27.42373,42.46947],[27.42352,42.46918],[27.42324,42.46891],[27.42277,42.46854],[27.42254,42.46839],[27.42205,42.46812],[27.42159,42.46793],[27.42102,42.46776],[27.42052,42.46766],[27.41974,42.46755],[27.41797,42.46722],[27.41741,42.46711],[27.41705,42.46701],[27.41665,42.46689],[27.4162,42.46672],[27.41552,42.46639],[27.41491,42.466],[27.41375,42.46505],[27.41375,42.46505],[27.41307,42.46446],[27.41259,42.46406],[27.41106,42.46273],[27.40971,42.46164],[27.40959,42.4615],[27.40943,42.46139],[27.40906,42.46112],[27.40836,42.46049],[27.40836,42.46049],[27.40634,42.45862],[27.40558,42.4579],[27.4063,42.45753],[27.4063,42.45753],[27.40957,42.4558],[27.40957,42.4558],[27.41029,42.45542],[27.41171,42.45448],[27.41194,42.45427],[27.41217,42.45397],[27.413,42.45293],[27.41315,42.45274],[27.41315,42.45274],[27.41336,42.45248],[27.41357,42.45208],[27.41363,42.45193],[27.41369,42.45144],[27.41369,42.45093],[27.41374,42.45058],[27.4138,42.45041],[27.41398,42.45024],[27.41408,42.45018],[27.4142,42.45014],[27.4145,42.4501],[27.41494,42.45014],[27.41547,42.45027],[27.41547,42.45027],[27.41601,42.45039],[27.41651,42.45049],[27.41738,42.45075],[27.41788,42.45098],[27.41831,42.45117],[27.4181,42.45151]]},"properties":{"line":"Т1","dir":"Терминал Меден рудник","mode":"bus"}}]}