{"type":"FeatureCollection","features":[{"type":"Feature","geometry":{"type":"Point","coordinates":[27.458618,42.50087]},"properties":{"lines":"3, 6, 7, 7А, 7А1, 8, 81","color":"#0059a9","mode":"bus","arr":["3","6","7","7А","7А1","8","81"],"angle":31.3,"side":-1,"mi":1}},{"type":"Feature","geometry":{"type":"Point","coordinates":[27.45883,42.502278]},"properties":{"lines":"3","color":"#0059a9","mode":"bus","arr":["3"],"angle":-52.5}},{"type":"Feature","geometry":{"type":"Point","coordinates":[27.447901,42.532526]},"properties":{"lines":"3","color":"#0059a9","mode":"bus","arr":["3"],"angle":57.3}},{"type":"Feature","geometry":{"type":"Point","coordinates":[27.449098,42.53114]},"properties":{"lines":"3","color":"#0059a9","mode":"bus","arr":["3"],"angle":60.7,"extra":1,"ei":0}},{"type":"Feature","geometry":{"type":"Point","coordinates":[27.446345,42.534325]},"properties":{"lines":"3","color":"#0059a9","mode":"bus","arr":["3"],"angle":48.8,"extra":1,"ei":1}},{"type":"Feature","geometry":{"type":"Point","coordinates":[27.393765,42.616551]},"properties":{"lines":"3","color":"#0059a9","mode":"bus","arr":["3"],"angle":-80}},{"type":"Feature","geometry":{"type":"Point","coordinates":[27.395178,42.621357]},"properties":{"lines":"3","color":"#0059a9","mode":"bus","arr":["3"],"angle":-82.6,"extra":1,"ei":0}},{"type":"Feature","geometry":{"type":"Point","coordinates":[27.394845,42.619485]},"properties":{"lines":"3","color":"#0059a9","mode":"bus","arr":["3"],"angle":-75.1,"extra":1,"ei":1}},{"type":"Feature","geometry":{"type":"Point","coordinates":[27.394027,42.617704]},"properties":{"lines":"3","color":"#0059a9","mode":"bus","arr":["3"],"angle":-80.7,"extra":1,"ei":2}},{"type":"Feature","geometry":{"type":"Point","coordinates":[27.393151,42.613983]},"properties":{"lines":"3","color":"#0059a9","mode":"bus","arr":["3"],"angle":-80,"extra":1,"ei":3}},{"type":"Feature","geometry":{"type":"Point","coordinates":[27.392707,42.612123]},"properties":{"lines":"3","color":"#0059a9","mode":"bus","arr":["3"],"angle":-80,"extra":1,"ei":4}},{"type":"Feature","geometry":{"type":"Point","coordinates":[27.393089,42.610633]},"properties":{"lines":"3","color":"#0059a9","mode":"bus","arr":["3"],"angle":76.6,"mi":1}},{"type":"Feature","geometry":{"type":"Point","coordinates":[27.458182,42.501791]},"properties":{"lines":"3, 6, 7, 7А, 7А1, 7А2, 8, 11, 12, 81, 82","color":"#0059a9","mode":"bus","arr":["3","6","7","7А","7А1","7А2","8","11","12","81","82"],"angle":77}},{"type":"Feature","geometry":{"type":"Point","coordinates":[27.457641,42.502741]},"properties":{"lines":"3, 6, 7, 7А, 7А2, 8, 11, 82","color":"#0059a9","mode":"bus","arr":["3","6","7","7А","7А2","8","11","82"],"angle":61.3}},{"type":"Feature","geometry":{"type":"Point","coordinates":[27.457255,42.503524]},"properties":{"lines":"11","color":"#0059a9","mode":"bus","arr":["11"],"angle":-76,"mi":2}},{"type":"Feature","geometry":{"type":"Point","coordinates":[27.463196,42.501585]},"properties":{"lines":"3, 6, 7, 7А, 7А1, 8, 81","color":"#0059a9","mode":"bus","arr":["3","6","7","7А","7А1","8","81"],"angle":-13.9,"side":-1}},{"type":"Feature","geometry":{"type":"Point","coordinates":[27.460305,42.501044]},"properties":{"lines":"3, 6, 7, 7А, 7А1, 8, 81","color":"#0059a9","mode":"bus","arr":["3","6","7","7А","7А1","8","81"],"angle":-14.6,"extra":1,"ei":0,"side":-1}},{"type":"Feature","geometry":{"type":"Point","coordinates":[27.465273,42.501969]},"properties":{"lines":"3, 6, 7, 7А, 7А1, 8, 81","color":"#0059a9","mode":"bus","arr":["3","6","7","7А","7А1","8","81"],"angle":-14.2,"extra":1,"ei":1,"side":-1}},{"type":"Feature","geometry":{"type":"Point","coordinates":[27.468739,42.502667]},"properties":{"lines":"3, 6, 8, 81, 82, Б1, Б2, Н","color":"#0059a9","mode":"bus","arr":["3","6","8","81","82","Б1","Б2","Н"],"angle":-15.2}},{"type":"Feature","geometry":{"type":"Point","coordinates":[27.471989,42.503303]},"properties":{"lines":"3, 6, 8, 81, 82","color":"#0059a9","mode":"bus","arr":["3","6","8","81","82"],"angle":-13.9}},{"type":"Feature","geometry":{"type":"Point","coordinates":[27.474205,42.503918]},"properties":{"lines":"3, 6","color":"#0059a9","mode":"bus","arr":["3","6"],"angle":-69.1}},{"type":"Feature","geometry":{"type":"Point","coordinates":[27.470628,42.507561]},"properties":{"lines":"3, 6, 15, 15А, Б11, Б12","color":"#0059a9","mode":"bus","arr":["3","6","15","15А","Б11","Б12"],"angle":54,"side":-1}},{"type":"Feature","geometry":{"type":"Point","coordinates":[27.47341,42.504946]},"properties":{"lines":"3, 6, 15, 15А, Б11, Б12","color":"#0059a9","mode":"bus","arr":["3","6","15","15А","Б11","Б12"],"angle":51.7,"extra":1,"ei":0,"side":-1}},{"type":"Feature","geometry":{"type":"Point","coordinates":[27.471821,42.506427]},"properties":{"lines":"3, 6, 15, 15А, Б11, Б12","color":"#0059a9","mode":"bus","arr":["3","6","15","15А","Б11","Б12"],"angle":51.3,"extra":1,"ei":1,"side":-1}},{"type":"Feature","geometry":{"type":"Point","coordinates":[27.468748,42.509449]},"properties":{"lines":"3, 6, 15, 15А, Б11, Б12","color":"#0059a9","mode":"bus","arr":["3","6","15","15А","Б11","Б12"],"angle":53.9,"extra":1,"ei":2,"side":-1}},{"type":"Feature","geometry":{"type":"Point","coordinates":[27.466859,42.510668]},"properties":{"lines":"3, 6, 15, 15А, Б11, Б12","color":"#0059a9","mode":"bus","arr":["3","6","15","15А","Б11","Б12"],"angle":26.3,"extra":1,"ei":3}},{"type":"Feature","geometry":{"type":"Point","coordinates":[27.467953,42.509011]},"properties":{"lines":"Н","color":"#0059a9","mode":"bus","arr":["Н"],"angle":68.7}},{"type":"Feature","geometry":{"type":"Point","coordinates":[27.466974,42.510476]},"properties":{"lines":"Н","color":"#0059a9","mode":"bus","arr":["Н"],"angle":59.2,"extra":1,"ei":0}},{"type":"Feature","geometry":{"type":"Point","coordinates":[27.468786,42.50696]},"properties":{"lines":"Н","color":"#0059a9","mode":"bus","arr":["Н"],"angle":74.1,"extra":1,"ei":1}},{"type":"Feature","geometry":{"type":"Point","coordinates":[27.465272,42.512251]},"properties":{"lines":"3, 6, 15, 15А, Б11, Б12, Н","color":"#0059a9","mode":"bus","arr":["3","6","15","15А","Б11","Б12","Н"],"angle":57.8}},{"type":"Feature","geometry":{"type":"Point","coordinates":[27.46278,42.515165]},"properties":{"lines":"3, 6, 11, 15, 15А, Б1, Б2, Б11, Б12, Н","color":"#0059a9","mode":"bus","arr":["3","6","11","15","15А","Б1","Б2","Б11","Б12","Н"],"angle":59.8}},{"type":"Feature","geometry":{"type":"Point","coordinates":[27.461209,42.51646]},"properties":{"lines":"3, 6, 11, 15, 15А, Б1, Б2, Б11, Б12, Н","color":"#0059a9","mode":"bus","arr":["3","6","11","15","15А","Б1","Б2","Б11","Б12","Н"],"angle":54.4,"mi":1}},{"type":"Feature","geometry":{"type":"Point","coordinates":[27.463665,42.514077]},"properties":{"lines":"3, 6, 11, 15, 15А, Б1, Б2, Б11, Б12, Н","color":"#0059a9","mode":"bus","arr":["3","6","11","15","15А","Б1","Б2","Б11","Б12","Н"],"angle":57.4,"extra":1,"ei":0}},{"type":"Feature","geometry":{"type":"Point","coordinates":[27.458533,42.519774]},"properties":{"lines":"3, 15, 15А, Б2, Б12, Н","color":"#0059a9","mode":"bus","arr":["3","15","15А","Б2","Б12","Н"],"angle":61,"side":-1}},{"type":"Feature","geometry":{"type":"Point","coordinates":[27.460108,42.518436]},"properties":{"lines":"3, 15, 15А, Б2, Б12, Н","color":"#0059a9","mode":"bus","arr":["3","15","15А","Б2","Б12","Н"],"angle":54.6,"extra":1,"ei":0}},{"type":"Feature","geometry":{"type":"Point","coordinates":[27.457252,42.521286]},"properties":{"lines":"3, 15, 15А, Б2, Б12, Н","color":"#0059a9","mode":"bus","arr":["3","15","15А","Б2","Б12","Н"],"angle":57,"extra":1,"ei":0,"side":-1}},{"type":"Feature","geometry":{"type":"Point","coordinates":[27.455038,42.524137]},"properties":{"lines":"3, 15, 15А, Б12","color":"#0059a9","mode":"bus","arr":["3","15","15А","Б12"],"angle":59.8}},{"type":"Feature","geometry":{"type":"Point","coordinates":[27.453126,42.525776]},"properties":{"lines":"3, 15, 15А, Б12","color":"#0059a9","mode":"bus","arr":["3","15","15А","Б12"],"angle":54.5,"mi":1}},{"type":"Feature","geometry":{"type":"Point","coordinates":[27.456677,42.522216]},"properties":{"lines":"3, 15, 15А, Б12","color":"#0059a9","mode":"bus","arr":["3","15","15А","Б12"],"angle":54.8,"extra":1,"ei":0}},{"type":"Feature","geometry":{"type":"Point","coordinates":[27.442947,42.537835]},"properties":{"lines":"3","color":"#0059a9","mode":"bus","arr":["3"],"angle":57.5,"side":-1,"mi":1}},{"type":"Feature","geometry":{"type":"Point","coordinates":[27.451374,42.528258]},"properties":{"lines":"3","color":"#0059a9","mode":"bus","arr":["3"],"angle":57.2,"extra":1,"ei":0}},{"type":"Feature","geometry":{"type":"Point","coordinates":[27.449985,42.529845]},"properties":{"lines":"3","color":"#0059a9","mode":"bus","arr":["3"],"angle":57.2,"extra":1,"ei":1}},{"type":"Feature","geometry":{"type":"Point","coordinates":[27.445185,42.535412]},"properties":{"lines":"3","color":"#0059a9","mode":"bus","arr":["3"],"angle":57.5,"extra":1,"ei":0}},{"type":"Feature","geometry":{"type":"Point","coordinates":[27.441049,42.540188]},"properties":{"lines":"3","color":"#0059a9","mode":"bus","arr":["3"],"angle":57.5,"extra":1,"ei":1}},{"type":"Feature","geometry":{"type":"Point","coordinates":[27.43967,42.54178]},"properties":{"lines":"3","color":"#0059a9","mode":"bus","arr":["3"],"angle":57.1,"extra":1,"ei":2}},{"type":"Feature","geometry":{"type":"Point","coordinates":[27.438272,42.543363]},"properties":{"lines":"3","color":"#0059a9","mode":"bus","arr":["3"],"angle":56.9,"extra":1,"ei":3}},{"type":"Feature","geometry":{"type":"Point","coordinates":[27.436876,42.544946]},"properties":{"lines":"3","color":"#0059a9","mode":"bus","arr":["3"],"angle":57.2,"extra":1,"ei":4}},{"type":"Feature","geometry":{"type":"Point","coordinates":[27.435489,42.546534]},"properties":{"lines":"3","color":"#0059a9","mode":"bus","arr":["3"],"angle":57.2,"extra":1,"ei":5}},{"type":"Feature","geometry":{"type":"Point","coordinates":[27.434513,42.547485]},"properties":{"lines":"3","color":"#0059a9","mode":"bus","arr":["3"],"angle":57.6,"extra":1,"ei":0,"side":-1}},{"type":"Feature","geometry":{"type":"Point","coordinates":[27.444219,42.536368]},"properties":{"lines":"3","color":"#0059a9","mode":"bus","arr":["3"],"angle":57.4,"extra":1,"ei":1,"side":-1}},{"type":"Feature","geometry":{"type":"Point","coordinates":[27.44698,42.533186]},"properties":{"lines":"3","color":"#0059a9","mode":"bus","arr":["3"],"angle":57.4,"extra":1,"ei":2,"side":-1}},{"type":"Feature","geometry":{"type":"Point","coordinates":[27.44836,42.531595]},"properties":{"lines":"3","color":"#0059a9","mode":"bus","arr":["3"],"angle":57.4,"extra":1,"ei":3,"side":-1}},{"type":"Feature","geometry":{"type":"Point","coordinates":[27.390875,42.597375]},"properties":{"lines":"3","color":"#0059a9","mode":"bus","arr":["3"],"angle":48,"mi":8}},{"type":"Feature","geometry":{"type":"Point","coordinates":[27.433864,42.54842]},"properties":{"lines":"3","color":"#0059a9","mode":"bus","arr":["3"],"angle":57.9,"extra":1,"ei":0}},{"type":"Feature","geometry":{"type":"Point","coordinates":[27.432485,42.550012]},"properties":{"lines":"3","color":"#0059a9","mode":"bus","arr":["3"],"angle":57.4,"extra":1,"ei":1}},{"type":"Feature","geometry":{"type":"Point","coordinates":[27.431106,42.551604]},"properties":{"lines":"3","color":"#0059a9","mode":"bus","arr":["3"],"angle":57.4,"extra":1,"ei":2}},{"type":"Feature","geometry":{"type":"Point","coordinates":[27.429722,42.553193]},"properties":{"lines":"3","color":"#0059a9","mode":"bus","arr":["3"],"angle":57,"extra":1,"ei":3}},{"type":"Feature","geometry":{"type":"Point","coordinates":[27.428334,42.55478]},"properties":{"lines":"3","color":"#0059a9","mode":"bus","arr":["3"],"angle":57.4,"extra":1,"ei":4}},{"type":"Feature","geometry":{"type":"Point","coordinates":[27.426952,42.556371]},"properties":{"lines":"3","color":"#0059a9","mode":"bus","arr":["3"],"angle":57.4,"extra":1,"ei":5}},{"type":"Feature","geometry":{"type":"Point","coordinates":[27.42557,42.557961]},"properties":{"lines":"3","color":"#0059a9","mode":"bus","arr":["3"],"angle":57.4,"extra":1,"ei":6}},{"type":"Feature","geometry":{"type":"Point","coordinates":[27.424188,42.559552]},"properties":{"lines":"3","color":"#0059a9","mode":"bus","arr":["3"],"angle":57.3,"extra":1,"ei":7}},{"type":"Feature","geometry":{"type":"Point","coordinates":[27.422806,42.561142]},"properties":{"lines":"3","color":"#0059a9","mode":"bus","arr":["3"],"angle":57.3,"extra":1,"ei":8}},{"type":"Feature","geometry":{"type":"Point","coordinates":[27.421423,42.562732]},"properties":{"lines":"3","color":"#0059a9","mode":"bus","arr":["3"],"angle":57.3,"extra":1,"ei":9}},{"type":"Feature","geometry":{"type":"Point","coordinates":[27.42004,42.564322]},"properties":{"lines":"3","color":"#0059a9","mode":"bus","arr":["3"],"angle":57.3,"extra":1,"ei":10}},{"type":"Feature","geometry":{"type":"Point","coordinates":[27.418658,42.565912]},"properties":{"lines":"3","color":"#0059a9","mode":"bus","arr":["3"],"angle":57.3,"extra":1,"ei":11}},{"type":"Feature","geometry":{"type":"Point","coordinates":[27.417275,42.567502]},"properties":{"lines":"3","color":"#0059a9","mode":"bus","arr":["3"],"angle":57.3,"extra":1,"ei":12}},{"type":"Feature","geometry":{"type":"Point","coordinates":[27.415881,42.569086]},"properties":{"lines":"3","color":"#0059a9","mode":"bus","arr":["3"],"angle":56.9,"extra":1,"ei":13}},{"type":"Feature","geometry":{"type":"Point","coordinates":[27.414496,42.570675]},"properties":{"lines":"3","color":"#0059a9","mode":"bus","arr":["3"],"angle":57.3,"extra":1,"ei":14}},{"type":"Feature","geometry":{"type":"Point","coordinates":[27.413104,42.572261]},"properties":{"lines":"3","color":"#0059a9","mode":"bus","arr":["3"],"angle":56.5,"extra":1,"ei":15}},{"type":"Feature","geometry":{"type":"Point","coordinates":[27.411718,42.573849]},"properties":{"lines":"3","color":"#0059a9","mode":"bus","arr":["3"],"angle":57.3,"extra":1,"ei":16}},{"type":"Feature","geometry":{"type":"Point","coordinates":[27.410324,42.575433]},"properties":{"lines":"3","color":"#0059a9","mode":"bus","arr":["3"],"angle":56.7,"extra":1,"ei":17}},{"type":"Feature","geometry":{"type":"Point","coordinates":[27.408927,42.577017]},"properties":{"lines":"3","color":"#0059a9","mode":"bus","arr":["3"],"angle":57.4,"extra":1,"ei":18}},{"type":"Feature","geometry":{"type":"Point","coordinates":[27.407546,42.578607]},"properties":{"lines":"3","color":"#0059a9","mode":"bus","arr":["3"],"angle":57.3,"extra":1,"ei":19}},{"type":"Feature","geometry":{"type":"Point","coordinates":[27.40615,42.580191]},"properties":{"lines":"3","color":"#0059a9","mode":"bus","arr":["3"],"angle":57,"extra":1,"ei":20}},{"type":"Feature","geometry":{"type":"Point","coordinates":[27.404753,42.581774]},"properties":{"lines":"3","color":"#0059a9","mode":"bus","arr":["3"],"angle":57,"extra":1,"ei":21}},{"type":"Feature","geometry":{"type":"Point","coordinates":[27.403362,42.58336]},"properties":{"lines":"3","color":"#0059a9","mode":"bus","arr":["3"],"angle":57.4,"extra":1,"ei":22}},{"type":"Feature","geometry":{"type":"Point","coordinates":[27.401988,42.584954]},"properties":{"lines":"3","color":"#0059a9","mode":"bus","arr":["3"],"angle":57.1,"extra":1,"ei":23}},{"type":"Feature","geometry":{"type":"Point","coordinates":[27.400609,42.586546]},"properties":{"lines":"3","color":"#0059a9","mode":"bus","arr":["3"],"angle":58.3,"extra":1,"ei":24}},{"type":"Feature","geometry":{"type":"Point","coordinates":[27.399238,42.588141]},"properties":{"lines":"3","color":"#0059a9","mode":"bus","arr":["3"],"angle":57.5,"extra":1,"ei":25}},{"type":"Feature","geometry":{"type":"Point","coordinates":[27.397841,42.589724]},"properties":{"lines":"3","color":"#0059a9","mode":"bus","arr":["3"],"angle":54.7,"extra":1,"ei":26}},{"type":"Feature","geometry":{"type":"Point","coordinates":[27.396363,42.591267]},"properties":{"lines":"3","color":"#0059a9","mode":"bus","arr":["3"],"angle":54,"extra":1,"ei":27}},{"type":"Feature","geometry":{"type":"Point","coordinates":[27.394924,42.592829]},"properties":{"lines":"3","color":"#0059a9","mode":"bus","arr":["3"],"angle":56.9,"extra":1,"ei":28}},{"type":"Feature","geometry":{"type":"Point","coordinates":[27.393519,42.594408]},"properties":{"lines":"3","color":"#0059a9","mode":"bus","arr":["3"],"angle":56.7,"extra":1,"ei":29}},{"type":"Feature","geometry":{"type":"Point","coordinates":[27.39212,42.59599]},"properties":{"lines":"3","color":"#0059a9","mode":"bus","arr":["3"],"angle":55.9,"extra":1,"ei":30}},{"type":"Feature","geometry":{"type":"Point","coordinates":[27.393555,42.592221]},"properties":{"lines":"3","color":"#0059a9","mode":"bus","arr":["3"],"angle":74.3,"extra":1,"ei":31}},{"type":"Feature","geometry":{"type":"Point","coordinates":[27.394909,42.590682]},"properties":{"lines":"3","color":"#0059a9","mode":"bus","arr":["3"],"angle":31.9,"extra":1,"ei":32}},{"type":"Feature","geometry":{"type":"Point","coordinates":[27.387564,42.600898]},"properties":{"lines":"3","color":"#0059a9","mode":"bus","arr":["3"],"angle":56,"mi":7}},{"type":"Feature","geometry":{"type":"Point","coordinates":[27.385166,42.603536]},"properties":{"lines":"3","color":"#0059a9","mode":"bus","arr":["3"],"angle":56,"extra":1,"ei":0}},{"type":"Feature","geometry":{"type":"Point","coordinates":[27.386591,42.601967]},"properties":{"lines":"3","color":"#0059a9","mode":"bus","arr":["3"],"angle":56.2,"extra":1,"ei":1}},{"type":"Feature","geometry":{"type":"Point","coordinates":[27.389458,42.598836]},"properties":{"lines":"3","color":"#0059a9","mode":"bus","arr":["3"],"angle":55.5,"extra":1,"ei":2}},{"type":"Feature","geometry":{"type":"Point","coordinates":[27.388517,42.6074]},"properties":{"lines":"3","color":"#0059a9","mode":"bus","arr":["3"],"angle":-45.7,"mi":2}},{"type":"Feature","geometry":{"type":"Point","coordinates":[27.385339,42.605001]},"properties":{"lines":"3","color":"#0059a9","mode":"bus","arr":["3"],"angle":-45.7,"extra":1,"ei":0}},{"type":"Feature","geometry":{"type":"Point","coordinates":[27.38713,42.606351]},"properties":{"lines":"3","color":"#0059a9","mode":"bus","arr":["3"],"angle":-45.7,"extra":1,"ei":1}},{"type":"Feature","geometry":{"type":"Point","coordinates":[27.390707,42.609056]},"properties":{"lines":"3","color":"#0059a9","mode":"bus","arr":["3"],"angle":-45.4,"extra":1,"ei":2}},{"type":"Feature","geometry":{"type":"Point","coordinates":[27.392481,42.610418]},"properties":{"lines":"3","color":"#0059a9","mode":"bus","arr":["3"],"angle":-46.4,"extra":1,"ei":3}},{"type":"Feature","geometry":{"type":"Point","coordinates":[27.395773,42.625077]},"properties":{"lines":"3","color":"#0059a9","mode":"bus","arr":["3"],"angle":-83.5,"mi":3}},{"type":"Feature","geometry":{"type":"Point","coordinates":[27.395455,42.626874]},"properties":{"lines":"3","color":"#0059a9","mode":"bus","arr":["3"],"angle":71.1,"extra":1,"ei":0}},{"type":"Feature","geometry":{"type":"Point","coordinates":[27.395475,42.62317]},"properties":{"lines":"3","color":"#0059a9","mode":"bus","arr":["3"],"angle":-83.3,"extra":1,"ei":1}},{"type":"Feature","geometry":{"type":"Point","coordinates":[27.39285,42.627594]},"properties":{"lines":"3","color":"#0059a9","mode":"bus","arr":["3"],"angle":-19.6,"mi":4}},{"type":"Feature","geometry":{"type":"Point","coordinates":[27.394493,42.627862]},"properties":{"lines":"3","color":"#0059a9","mode":"bus","arr":["3"],"angle":6.2,"extra":1,"ei":0}},{"type":"Feature","geometry":{"type":"Point","coordinates":[27.387895,42.627933]},"properties":{"lines":"3","color":"#0059a9","mode":"bus","arr":["3"],"angle":3,"mi":5}},{"type":"Feature","geometry":{"type":"Point","coordinates":[27.385908,42.628004]},"properties":{"lines":"3","color":"#0059a9","mode":"bus","arr":["3"],"angle":2.8,"extra":1,"ei":0}},{"type":"Feature","geometry":{"type":"Point","coordinates":[27.390691,42.627175]},"properties":{"lines":"3","color":"#0059a9","mode":"bus","arr":["3"],"angle":39.3,"extra":1,"ei":1}},{"type":"Feature","geometry":{"type":"Point","coordinates":[27.384431,42.628738]},"properties":{"lines":"3","color":"#0059a9","mode":"bus","arr":["3"],"angle":72.7,"mi":6}},{"type":"Feature","geometry":{"type":"Point","coordinates":[27.46534,42.511982]},"properties":{"lines":"3, 6, 15, 15А, Б1, Б2, Б11, Б12, Н","color":"#0059a9","mode":"bus","arr":["3","6","15","15А","Б1","Б2","Б11","Б12","Н"],"angle":58.2,"side":-1}},{"type":"Feature","geometry":{"type":"Point","coordinates":[27.461786,42.515852]},"properties":{"lines":"3, 6, 15, 15А, Б1, Б2, Б11, Б12, Н","color":"#0059a9","mode":"bus","arr":["3","6","15","15А","Б1","Б2","Б11","Б12","Н"],"angle":55.3,"mi":1}},{"type":"Feature","geometry":{"type":"Point","coordinates":[27.463209,42.514352]},"properties":{"lines":"3, 6, 12, 15, 15А, Б1, Б2, Б11, Б12, Н","color":"#0059a9","mode":"bus","arr":["3","6","12","15","15А","Б1","Б2","Б11","Б12","Н"],"angle":57.1,"side":-1}},{"type":"Feature","geometry":{"type":"Point","coordinates":[27.464131,42.513303]},"properties":{"lines":"3, 6, 12, 15, 15А, Б1, Б2, Б11, Б12, Н","color":"#0059a9","mode":"bus","arr":["3","6","12","15","15А","Б1","Б2","Б11","Б12","Н"],"angle":56.1,"extra":1,"ei":0,"side":-1}},{"type":"Feature","geometry":{"type":"Point","coordinates":[27.466527,42.510796]},"properties":{"lines":"3, 6, 15, 15А, Б11, Б12","color":"#0059a9","mode":"bus","arr":["3","6","15","15А","Б11","Б12"],"angle":28.3,"side":-1,"mi":1}},{"type":"Feature","geometry":{"type":"Point","coordinates":[27.462972,42.501604]},"properties":{"lines":"3, 6, 7, 7А, 7А2, 8, 82, Т1","color":"#0059a9","mode":"bus","arr":["3","6","7","7А","7А2","8","82","Т1"],"tLines":"Т1","ntLines":"3, 6, 7, 7А, 7А2, 8, 82","angle":-14}},{"type":"Feature","geometry":{"type":"Point","coordinates":[27.465958,42.502154]},"properties":{"lines":"3, 6, 7, 7А, 7А2, 8, 82, Т1","color":"#0059a9","mode":"bus","arr":["3","6","7","7А","7А2","8","82","Т1"],"tLines":"Т1","ntLines":"3, 6, 7, 7А, 7А2, 8, 82","angle":-14,"extra":1,"ei":0}},{"type":"Feature","geometry":{"type":"Point","coordinates":[27.460986,42.501238]},"properties":{"lines":"3, 6, 7, 7А, 7А2, 8, 82, Т1","color":"#0059a9","mode":"bus","arr":["3","6","7","7А","7А2","8","82","Т1"],"tLines":"Т1","ntLines":"3, 6, 7, 7А, 7А2, 8, 82","angle":-14.3,"extra":1,"ei":1}},{"type":"Feature","geometry":{"type":"Point","coordinates":[27.458513,42.501088]},"properties":{"lines":"3, 6, 7, 7А, 7А2, 8, 11, 82","color":"#0059a9","mode":"bus","arr":["3","6","7","7А","7А2","8","11","82"],"angle":52.1,"mi":1}},{"type":"Feature","geometry":{"type":"Point","coordinates":[27.458587,42.502577]},"properties":{"lines":"6, 7, 7А, 7А1, 8, 12, 81","color":"#0059a9","mode":"bus","arr":["6","7","7А","7А1","8","12","81"],"angle":-35.6}},{"type":"Feature","geometry":{"type":"Point","coordinates":[27.474169,42.503688]},"properties":{"lines":"6, 8, 81, 82","color":"#0059a9","mode":"bus","arr":["6","8","81","82"],"angle":-11.4,"side":-1}},{"type":"Feature","geometry":{"type":"Point","coordinates":[27.47299,42.505462]},"properties":{"lines":"6, 15, 15А, Б11, Б12","color":"#0059a9","mode":"bus","arr":["6","15","15А","Б11","Б12"],"angle":51.8}},{"type":"Feature","geometry":{"type":"Point","coordinates":[27.473982,42.504539]},"properties":{"lines":"6, 15, 15А, Б11, Б12","color":"#0059a9","mode":"bus","arr":["6","15","15А","Б11","Б12"],"angle":51.7,"extra":1,"ei":0}},{"type":"Feature","geometry":{"type":"Point","coordinates":[27.463259,42.519372]},"properties":{"lines":"6, Б1, Б11","color":"#0059a9","mode":"bus","arr":["6","Б1","Б11"],"angle":-50.7}},{"type":"Feature","geometry":{"type":"Point","coordinates":[27.461589,42.517536]},"properties":{"lines":"6, Б1, Б11","color":"#0059a9","mode":"bus","arr":["6","Б1","Б11"],"angle":-65.5,"mi":1}},{"type":"Feature","geometry":{"type":"Point","coordinates":[27.464411,42.520232]},"properties":{"lines":"6, Б1, Б11","color":"#0059a9","mode":"bus","arr":["6","Б1","Б11"],"angle":-50.9,"extra":1,"ei":0,"side":-1}},{"type":"Feature","geometry":{"type":"Point","coordinates":[27.465787,42.521495]},"properties":{"lines":"6, 12","color":"#0059a9","mode":"bus","arr":["6","12"],"angle":-53.6,"side":-1}},{"type":"Feature","geometry":{"type":"Point","coordinates":[27.467002,42.522723]},"properties":{"lines":"6","color":"#0059a9","mode":"bus","arr":["6"],"angle":-52.2,"side":-1}},{"type":"Feature","geometry":{"type":"Point","coordinates":[27.468533,42.527598]},"properties":{"lines":"6","color":"#0059a9","mode":"bus","arr":["6"],"angle":-85.8,"mi":1}},{"type":"Feature","geometry":{"type":"Point","coordinates":[27.46843,42.525096]},"properties":{"lines":"6","color":"#0059a9","mode":"bus","arr":["6"],"angle":85.4,"extra":1,"ei":0}},{"type":"Feature","geometry":{"type":"Point","coordinates":[27.468959,42.530047]},"properties":{"lines":"6","color":"#0059a9","mode":"bus","arr":["6"],"angle":-72.7,"extra":1,"ei":0}},{"type":"Feature","geometry":{"type":"Point","coordinates":[27.468418,42.526296]},"properties":{"lines":"6","color":"#0059a9","mode":"bus","arr":["6"],"angle":-86.1,"extra":1,"ei":1}},{"type":"Feature","geometry":{"type":"Point","coordinates":[27.472477,42.540664]},"properties":{"lines":"6, 15, 15А","color":"#0059a9","mode":"bus","arr":["6","15","15А"],"angle":-79.9,"side":-1,"mi":3}},{"type":"Feature","geometry":{"type":"Point","coordinates":[27.469645,42.532413]},"properties":{"lines":"6, 15, 15А","color":"#0059a9","mode":"bus","arr":["6","15","15А"],"angle":-69.1,"extra":1,"ei":0,"side":-1}},{"type":"Feature","geometry":{"type":"Point","coordinates":[27.47055,42.534179]},"properties":{"lines":"6, 15, 15А","color":"#0059a9","mode":"bus","arr":["6","15","15А"],"angle":-69.9,"extra":1,"ei":1,"side":-1}},{"type":"Feature","geometry":{"type":"Point","coordinates":[27.47133,42.535975]},"properties":{"lines":"6, 15, 15А","color":"#0059a9","mode":"bus","arr":["6","15","15А"],"angle":-78.1,"extra":1,"ei":2,"side":-1}},{"type":"Feature","geometry":{"type":"Point","coordinates":[27.471793,42.537832]},"properties":{"lines":"6, 15, 15А","color":"#0059a9","mode":"bus","arr":["6","15","15А"],"angle":-79.9,"extra":1,"ei":3,"side":-1}},{"type":"Feature","geometry":{"type":"Point","coordinates":[27.473363,42.543374]},"properties":{"lines":"6, 15, 15А","color":"#0059a9","mode":"bus","arr":["6","15","15А"],"angle":-74.8,"extra":1,"ei":4,"side":-1}},{"type":"Feature","geometry":{"type":"Point","coordinates":[27.47399,42.545205]},"properties":{"lines":"6, 15, 15А","color":"#0059a9","mode":"bus","arr":["6","15","15А"],"angle":-78,"extra":1,"ei":5,"side":-1}},{"type":"Feature","geometry":{"type":"Point","coordinates":[27.474489,42.547058]},"properties":{"lines":"6, 15, 15А","color":"#0059a9","mode":"bus","arr":["6","15","15А"],"angle":-79.2,"extra":1,"ei":6,"side":-1}},{"type":"Feature","geometry":{"type":"Point","coordinates":[27.474981,42.548911]},"properties":{"lines":"6, 15, 15А","color":"#0059a9","mode":"bus","arr":["6","15","15А"],"angle":-75.5,"extra":1,"ei":7}},{"type":"Feature","geometry":{"type":"Point","coordinates":[27.475831,42.550315]},"properties":{"lines":"6, 15, 15А","color":"#0059a9","mode":"bus","arr":["6","15","15А"],"angle":-36.5,"mi":1}},{"type":"Feature","geometry":{"type":"Point","coordinates":[27.474217,42.54828]},"properties":{"lines":"6, 15, 15А","color":"#0059a9","mode":"bus","arr":["6","15","15А"],"angle":69.2}},{"type":"Feature","geometry":{"type":"Point","coordinates":[27.482489,42.55187]},"properties":{"lines":"6, 15, 15А","color":"#0059a9","mode":"bus","arr":["6","15","15А"],"angle":-5.9,"mi":2}},{"type":"Feature","geometry":{"type":"Point","coordinates":[27.476358,42.550579]},"properties":{"lines":"6, 15, 15А","color":"#0059a9","mode":"bus","arr":["6","15","15А"],"angle":-44.6,"extra":1,"ei":0,"side":-1}},{"type":"Feature","geometry":{"type":"Point","coordinates":[27.478597,42.551444]},"properties":{"lines":"6, 15, 15А","color":"#0059a9","mode":"bus","arr":["6","15","15А"],"angle":-12.6,"extra":1,"ei":1,"side":-1}},{"type":"Feature","geometry":{"type":"Point","coordinates":[27.486237,42.552055]},"properties":{"lines":"6, 15, 15А","color":"#0059a9","mode":"bus","arr":["6","15","15А"],"angle":-6.3,"extra":1,"ei":2,"side":-1}},{"type":"Feature","geometry":{"type":"Point","coordinates":[27.504293,42.553408]},"properties":{"lines":"15, 15А","color":"#0059a9","mode":"bus","arr":["15","15А"],"angle":-6.1,"side":-1}},{"type":"Feature","geometry":{"type":"Point","coordinates":[27.473921,42.548928]},"properties":{"lines":"15, 15А","color":"#0059a9","mode":"bus","arr":["15","15А"],"angle":-26.7}},{"type":"Feature","geometry":{"type":"Point","coordinates":[27.487651,42.552147]},"properties":{"lines":"15, 15А","color":"#0059a9","mode":"bus","arr":["15","15А"],"angle":-4.9,"extra":1,"ei":0}},{"type":"Feature","geometry":{"type":"Point","coordinates":[27.4902,42.552335]},"properties":{"lines":"15, 15А","color":"#0059a9","mode":"bus","arr":["15","15А"],"angle":-5.8,"extra":1,"ei":1,"side":-1}},{"type":"Feature","geometry":{"type":"Point","coordinates":[27.492749,42.552529]},"properties":{"lines":"15, 15А","color":"#0059a9","mode":"bus","arr":["15","15А"],"angle":-5.9,"extra":1,"ei":2,"side":-1}},{"type":"Feature","geometry":{"type":"Point","coordinates":[27.495298,42.552724]},"properties":{"lines":"15, 15А","color":"#0059a9","mode":"bus","arr":["15","15А"],"angle":-5.9,"extra":1,"ei":3,"side":-1}},{"type":"Feature","geometry":{"type":"Point","coordinates":[27.497846,42.552919]},"properties":{"lines":"15, 15А","color":"#0059a9","mode":"bus","arr":["15","15А"],"angle":-5.9,"extra":1,"ei":4,"side":-1}},{"type":"Feature","geometry":{"type":"Point","coordinates":[27.500395,42.553115]},"properties":{"lines":"15, 15А","color":"#0059a9","mode":"bus","arr":["15","15А"],"angle":-6.2,"extra":1,"ei":5,"side":-1}},{"type":"Feature","geometry":{"type":"Point","coordinates":[27.508037,42.553716]},"properties":{"lines":"15, 15А","color":"#0059a9","mode":"bus","arr":["15","15А"],"angle":-9.8,"extra":1,"ei":6,"side":-1}},{"type":"Feature","geometry":{"type":"Point","coordinates":[27.51042,42.554368]},"properties":{"lines":"15, 15А","color":"#0059a9","mode":"bus","arr":["15","15А"],"angle":-32.1,"extra":1,"ei":7,"side":-1}},{"type":"Feature","geometry":{"type":"Point","coordinates":[27.512254,42.555667]},"properties":{"lines":"15, 15А","color":"#0059a9","mode":"bus","arr":["15","15А"],"angle":-55.1,"extra":1,"ei":8,"side":-1}},{"type":"Feature","geometry":{"type":"Point","coordinates":[27.513675,42.557238]},"properties":{"lines":"15, 15А","color":"#0059a9","mode":"bus","arr":["15","15А"],"angle":-57.1,"extra":1,"ei":9,"side":-1}},{"type":"Feature","geometry":{"type":"Point","coordinates":[27.514953,42.558871]},"properties":{"lines":"15, 15А","color":"#0059a9","mode":"bus","arr":["15","15А"],"angle":-67.6,"extra":1,"ei":10,"side":-1}},{"type":"Feature","geometry":{"type":"Point","coordinates":[27.515845,42.560641]},"properties":{"lines":"15, 15А","color":"#0059a9","mode":"bus","arr":["15","15А"],"angle":-70.8,"extra":1,"ei":11,"side":-1}},{"type":"Feature","geometry":{"type":"Point","coordinates":[27.487675,42.551999]},"properties":{"lines":"6","color":"#0059a9","mode":"bus","arr":["6"],"angle":14.2,"side":-1,"mi":1}},{"type":"Feature","geometry":{"type":"Point","coordinates":[27.496773,42.605159]},"properties":{"lines":"6","color":"#0059a9","mode":"bus","arr":["6"],"angle":66.9,"mi":5}},{"type":"Feature","geometry":{"type":"Point","coordinates":[27.508861,42.584615]},"properties":{"lines":"6","color":"#0059a9","mode":"bus","arr":["6"],"angle":61,"extra":1,"ei":0}},{"type":"Feature","geometry":{"type":"Point","coordinates":[27.507615,42.586265]},"properties":{"lines":"6","color":"#0059a9","mode":"bus","arr":["6"],"angle":60.9,"extra":1,"ei":1}},{"type":"Feature","geometry":{"type":"Point","coordinates":[27.506374,42.587917]},"properties":{"lines":"6","color":"#0059a9","mode":"bus","arr":["6"],"angle":61.1,"extra":1,"ei":2}},{"type":"Feature","geometry":{"type":"Point","coordinates":[27.505139,42.589572]},"properties":{"lines":"6","color":"#0059a9","mode":"bus","arr":["6"],"angle":60.9,"extra":1,"ei":3}},{"type":"Feature","geometry":{"type":"Point","coordinates":[27.503944,42.591241]},"properties":{"lines":"6","color":"#0059a9","mode":"bus","arr":["6"],"angle":67.3,"extra":1,"ei":4}},{"type":"Feature","geometry":{"type":"Point","coordinates":[27.503029,42.593005]},"properties":{"lines":"6","color":"#0059a9","mode":"bus","arr":["6"],"angle":69.2,"extra":1,"ei":5}},{"type":"Feature","geometry":{"type":"Point","coordinates":[27.50212,42.594771]},"properties":{"lines":"6","color":"#0059a9","mode":"bus","arr":["6"],"angle":69.2,"extra":1,"ei":6}},{"type":"Feature","geometry":{"type":"Point","coordinates":[27.501212,42.596537]},"properties":{"lines":"6","color":"#0059a9","mode":"bus","arr":["6"],"angle":69.3,"extra":1,"ei":7}},{"type":"Feature","geometry":{"type":"Point","coordinates":[27.500308,42.598304]},"properties":{"lines":"6","color":"#0059a9","mode":"bus","arr":["6"],"angle":69.3,"extra":1,"ei":8}},{"type":"Feature","geometry":{"type":"Point","coordinates":[27.499405,42.600071]},"properties":{"lines":"6","color":"#0059a9","mode":"bus","arr":["6"],"angle":69.4,"extra":1,"ei":9}},{"type":"Feature","geometry":{"type":"Point","coordinates":[27.498501,42.601839]},"properties":{"lines":"6","color":"#0059a9","mode":"bus","arr":["6"],"angle":69.1,"extra":1,"ei":10}},{"type":"Feature","geometry":{"type":"Point","coordinates":[27.497606,42.603608]},"properties":{"lines":"6","color":"#0059a9","mode":"bus","arr":["6"],"angle":68.6,"extra":1,"ei":11}},{"type":"Feature","geometry":{"type":"Point","coordinates":[27.495749,42.607127]},"properties":{"lines":"6","color":"#0059a9","mode":"bus","arr":["6"],"angle":69.4,"extra":1,"ei":12}},{"type":"Feature","geometry":{"type":"Point","coordinates":[27.494819,42.608887]},"properties":{"lines":"6","color":"#0059a9","mode":"bus","arr":["6"],"angle":68.4,"extra":1,"ei":13}},{"type":"Feature","geometry":{"type":"Point","coordinates":[27.493885,42.610646]},"properties":{"lines":"6","color":"#0059a9","mode":"bus","arr":["6"],"angle":69.8,"extra":1,"ei":14}},{"type":"Feature","geometry":{"type":"Point","coordinates":[27.492983,42.612413]},"properties":{"lines":"6","color":"#0059a9","mode":"bus","arr":["6"],"angle":76.8,"extra":1,"ei":15}},{"type":"Feature","geometry":{"type":"Point","coordinates":[27.492762,42.614286]},"properties":{"lines":"6","color":"#0059a9","mode":"bus","arr":["6"],"angle":77,"extra":1,"ei":16}},{"type":"Feature","geometry":{"type":"Point","coordinates":[27.49213,42.616117]},"properties":{"lines":"6","color":"#0059a9","mode":"bus","arr":["6"],"angle":75.8,"extra":1,"ei":17}},{"type":"Feature","geometry":{"type":"Point","coordinates":[27.491573,42.617958]},"properties":{"lines":"6","color":"#0059a9","mode":"bus","arr":["6"],"angle":82.9,"extra":1,"ei":18}},{"type":"Feature","geometry":{"type":"Point","coordinates":[27.491371,42.61984]},"properties":{"lines":"6","color":"#0059a9","mode":"bus","arr":["6"],"angle":85.5,"extra":1,"ei":19}},{"type":"Feature","geometry":{"type":"Point","coordinates":[27.490711,42.621657]},"properties":{"lines":"6","color":"#0059a9","mode":"bus","arr":["6"],"angle":70.3,"extra":1,"ei":20}},{"type":"Feature","geometry":{"type":"Point","coordinates":[27.489964,42.623462]},"properties":{"lines":"6","color":"#0059a9","mode":"bus","arr":["6"],"angle":73.7,"extra":1,"ei":21}},{"type":"Feature","geometry":{"type":"Point","coordinates":[27.48927,42.625279]},"properties":{"lines":"6","color":"#0059a9","mode":"bus","arr":["6"],"angle":73.4,"extra":1,"ei":22}},{"type":"Feature","geometry":{"type":"Point","coordinates":[27.488274,42.627009]},"properties":{"lines":"6","color":"#0059a9","mode":"bus","arr":["6"],"angle":61.2,"extra":1,"ei":23}},{"type":"Feature","geometry":{"type":"Point","coordinates":[27.489249,42.611831]},"properties":{"lines":"6","color":"#0059a9","mode":"bus","arr":["6"],"angle":-45.8,"mi":3}},{"type":"Feature","geometry":{"type":"Point","coordinates":[27.491324,42.553042]},"properties":{"lines":"6","color":"#0059a9","mode":"bus","arr":["6"],"angle":-65.6}},{"type":"Feature","geometry":{"type":"Point","coordinates":[27.473682,42.55026]},"properties":{"lines":"6","color":"#0059a9","mode":"bus","arr":["6"],"angle":-24.6}},{"type":"Feature","geometry":{"type":"Point","coordinates":[27.474307,42.546599]},"properties":{"lines":"6","color":"#0059a9","mode":"bus","arr":["6"],"angle":-84.7,"mi":1}},{"type":"Feature","geometry":{"type":"Point","coordinates":[27.497371,42.56742]},"properties":{"lines":"6","color":"#0059a9","mode":"bus","arr":["6"],"angle":-64.2}},{"type":"Feature","geometry":{"type":"Point","coordinates":[27.490156,42.55154]},"properties":{"lines":"6","color":"#0059a9","mode":"bus","arr":["6"],"angle":-8.3,"extra":1,"ei":0}},{"type":"Feature","geometry":{"type":"Point","coordinates":[27.491749,42.55283]},"properties":{"lines":"6","color":"#0059a9","mode":"bus","arr":["6"],"angle":-85.3,"extra":1,"ei":1}},{"type":"Feature","geometry":{"type":"Point","coordinates":[27.490955,42.554601]},"properties":{"lines":"6","color":"#0059a9","mode":"bus","arr":["6"],"angle":66.2,"extra":1,"ei":2}},{"type":"Feature","geometry":{"type":"Point","coordinates":[27.490638,42.556451]},"properties":{"lines":"6","color":"#0059a9","mode":"bus","arr":["6"],"angle":-84.6,"extra":1,"ei":3}},{"type":"Feature","geometry":{"type":"Point","coordinates":[27.491411,42.558236]},"properties":{"lines":"6","color":"#0059a9","mode":"bus","arr":["6"],"angle":-64.5,"extra":1,"ei":4}},{"type":"Feature","geometry":{"type":"Point","coordinates":[27.492516,42.55994]},"properties":{"lines":"6","color":"#0059a9","mode":"bus","arr":["6"],"angle":-64.5,"extra":1,"ei":5}},{"type":"Feature","geometry":{"type":"Point","coordinates":[27.493621,42.561644]},"properties":{"lines":"6","color":"#0059a9","mode":"bus","arr":["6"],"angle":-64.5,"extra":1,"ei":6}},{"type":"Feature","geometry":{"type":"Point","coordinates":[27.494724,42.563348]},"properties":{"lines":"6","color":"#0059a9","mode":"bus","arr":["6"],"angle":-64.5,"extra":1,"ei":7}},{"type":"Feature","geometry":{"type":"Point","coordinates":[27.495831,42.565052]},"properties":{"lines":"6","color":"#0059a9","mode":"bus","arr":["6"],"angle":-64.4,"extra":1,"ei":8}},{"type":"Feature","geometry":{"type":"Point","coordinates":[27.499168,42.570156]},"properties":{"lines":"6","color":"#0059a9","mode":"bus","arr":["6"],"angle":-64.1,"extra":1,"ei":9}},{"type":"Feature","geometry":{"type":"Point","coordinates":[27.500288,42.571854]},"properties":{"lines":"6","color":"#0059a9","mode":"bus","arr":["6"],"angle":-64,"extra":1,"ei":10}},{"type":"Feature","geometry":{"type":"Point","coordinates":[27.501424,42.573547]},"properties":{"lines":"6","color":"#0059a9","mode":"bus","arr":["6"],"angle":-64.1,"extra":1,"ei":11}},{"type":"Feature","geometry":{"type":"Point","coordinates":[27.502545,42.575245]},"properties":{"lines":"6","color":"#0059a9","mode":"bus","arr":["6"],"angle":-64,"extra":1,"ei":12}},{"type":"Feature","geometry":{"type":"Point","coordinates":[27.50367,42.576942]},"properties":{"lines":"6","color":"#0059a9","mode":"bus","arr":["6"],"angle":-64,"extra":1,"ei":13}},{"type":"Feature","geometry":{"type":"Point","coordinates":[27.504802,42.578636]},"properties":{"lines":"6","color":"#0059a9","mode":"bus","arr":["6"],"angle":-62,"extra":1,"ei":14}},{"type":"Feature","geometry":{"type":"Point","coordinates":[27.506193,42.580221]},"properties":{"lines":"6","color":"#0059a9","mode":"bus","arr":["6"],"angle":-55.8,"extra":1,"ei":15}},{"type":"Feature","geometry":{"type":"Point","coordinates":[27.507631,42.581784]},"properties":{"lines":"6","color":"#0059a9","mode":"bus","arr":["6"],"angle":-55.8,"extra":1,"ei":16}},{"type":"Feature","geometry":{"type":"Point","coordinates":[27.50907,42.583347]},"properties":{"lines":"6","color":"#0059a9","mode":"bus","arr":["6"],"angle":-55.8,"extra":1,"ei":17}},{"type":"Feature","geometry":{"type":"Point","coordinates":[27.490566,42.612767]},"properties":{"lines":"6","color":"#0059a9","mode":"bus","arr":["6"],"angle":-15.7,"mi":2}},{"type":"Feature","geometry":{"type":"Point","coordinates":[27.488007,42.613048]},"properties":{"lines":"6","color":"#0059a9","mode":"bus","arr":["6"],"angle":80.8,"mi":1}},{"type":"Feature","geometry":{"type":"Point","coordinates":[27.485947,42.615715]},"properties":{"lines":"6","color":"#0059a9","mode":"bus","arr":["6"],"angle":46.8}},{"type":"Feature","geometry":{"type":"Point","coordinates":[27.485511,42.622286]},"properties":{"lines":"6","color":"#0059a9","mode":"bus","arr":["6"],"angle":-77.5,"mi":4}},{"type":"Feature","geometry":{"type":"Point","coordinates":[27.484652,42.617729]},"properties":{"lines":"6","color":"#0059a9","mode":"bus","arr":["6"],"angle":87.8,"extra":1,"ei":0}},{"type":"Feature","geometry":{"type":"Point","coordinates":[27.484821,42.619607]},"properties":{"lines":"6","color":"#0059a9","mode":"bus","arr":["6"],"angle":-79.1,"extra":1,"ei":1}},{"type":"Feature","geometry":{"type":"Point","coordinates":[27.485846,42.625184]},"properties":{"lines":"6","color":"#0059a9","mode":"bus","arr":["6"],"angle":82.2,"extra":1,"ei":2}},{"type":"Feature","geometry":{"type":"Point","coordinates":[27.485622,42.627062]},"properties":{"lines":"6","color":"#0059a9","mode":"bus","arr":["6"],"angle":88.4,"extra":1,"ei":3}},{"type":"Feature","geometry":{"type":"Point","coordinates":[27.486893,42.627634]},"properties":{"lines":"6","color":"#0059a9","mode":"bus","arr":["6"],"angle":14,"mi":6}},{"type":"Feature","geometry":{"type":"Point","coordinates":[27.466415,42.522281]},"properties":{"lines":"6, 11, 12","color":"#0059a9","mode":"bus","arr":["6","11","12"],"angle":-51.4}},{"type":"Feature","geometry":{"type":"Point","coordinates":[27.465507,42.503535]},"properties":{"lines":"7, 7А, 7А1, 7А2, 9, 92","color":"#0059a9","mode":"bus","arr":["7","7А","7А1","7А2","9","92"],"angle":31.7}},{"type":"Feature","geometry":{"type":"Point","coordinates":[27.462959,42.504699]},"properties":{"lines":"7","color":"#0059a9","mode":"bus","arr":["7"],"angle":31.9}},{"type":"Feature","geometry":{"type":"Point","coordinates":[27.451109,42.510819]},"properties":{"lines":"7, Бо","color":"#0059a9","mode":"bus","arr":["7","Бо"],"angle":30.5}},{"type":"Feature","geometry":{"type":"Point","coordinates":[27.461093,42.505532]},"properties":{"lines":"7, Бо","color":"#0059a9","mode":"bus","arr":["7","Бо"],"angle":31,"extra":1,"ei":0}},{"type":"Feature","geometry":{"type":"Point","coordinates":[27.458897,42.506504]},"properties":{"lines":"7, Бо","color":"#0059a9","mode":"bus","arr":["7","Бо"],"angle":30.8,"extra":1,"ei":1}},{"type":"Feature","geometry":{"type":"Point","coordinates":[27.456766,42.507549]},"properties":{"lines":"7, Бо","color":"#0059a9","mode":"bus","arr":["7","Бо"],"angle":38.5,"extra":1,"ei":2}},{"type":"Feature","geometry":{"type":"Point","coordinates":[27.45479,42.508751]},"properties":{"lines":"7, Бо","color":"#0059a9","mode":"bus","arr":["7","Бо"],"angle":38.9,"extra":1,"ei":3}},{"type":"Feature","geometry":{"type":"Point","coordinates":[27.452807,42.509946]},"properties":{"lines":"7, Бо","color":"#0059a9","mode":"bus","arr":["7","Бо"],"angle":39.8,"extra":1,"ei":4}},{"type":"Feature","geometry":{"type":"Point","coordinates":[27.44835,42.511776]},"properties":{"lines":"7, Бо","color":"#0059a9","mode":"bus","arr":["7","Бо"],"angle":23.9,"extra":1,"ei":5}},{"type":"Feature","geometry":{"type":"Point","coordinates":[27.446004,42.512534]},"properties":{"lines":"7, Бо","color":"#0059a9","mode":"bus","arr":["7","Бо"],"angle":23.9,"extra":1,"ei":6}},{"type":"Feature","geometry":{"type":"Point","coordinates":[27.443658,42.513294]},"properties":{"lines":"7, Бо","color":"#0059a9","mode":"bus","arr":["7","Бо"],"angle":23,"extra":1,"ei":7}},{"type":"Feature","geometry":{"type":"Point","coordinates":[27.4413,42.514032]},"properties":{"lines":"7, Бо","color":"#0059a9","mode":"bus","arr":["7","Бо"],"angle":22.7,"extra":1,"ei":8}},{"type":"Feature","geometry":{"type":"Point","coordinates":[27.438937,42.514762]},"properties":{"lines":"7, Бо","color":"#0059a9","mode":"bus","arr":["7","Бо"],"angle":23,"extra":1,"ei":9}},{"type":"Feature","geometry":{"type":"Point","coordinates":[27.43769,42.515282]},"properties":{"lines":"7, Бо","color":"#0059a9","mode":"bus","arr":["7","Бо"],"angle":67.8,"mi":1}},{"type":"Feature","geometry":{"type":"Point","coordinates":[27.435401,42.516058]},"properties":{"lines":"7, Бо","color":"#0059a9","mode":"bus","arr":["7","Бо"],"angle":-75.1,"side":-1}},{"type":"Feature","geometry":{"type":"Point","coordinates":[27.437981,42.516364]},"properties":{"lines":"7, 7А, Бо","color":"#0059a9","mode":"bus","arr":["7","7А","Бо"],"angle":81.4,"mi":1}},{"type":"Feature","geometry":{"type":"Point","coordinates":[27.43663,42.51671]},"properties":{"lines":"7, 7А, Бо","color":"#0059a9","mode":"bus","arr":["7","7А","Бо"],"angle":-31.6}},{"type":"Feature","geometry":{"type":"Point","coordinates":[27.436727,42.515564]},"properties":{"lines":"7А2","color":"#0059a9","mode":"bus","arr":["7А2"],"angle":-69.1,"side":-1,"mi":1}},{"type":"Feature","geometry":{"type":"Point","coordinates":[27.43839,42.518818]},"properties":{"lines":"7, 7А, 7А2, Бо","color":"#0059a9","mode":"bus","arr":["7","7А","7А2","Бо"],"angle":-69.6,"side":-1}},{"type":"Feature","geometry":{"type":"Point","coordinates":[27.438808,42.519785]},"properties":{"lines":"7, 7А, 7А1, 7А2, 9, 11, 12, 92, Б2, Б12, Бо, Н","color":"#0059a9","mode":"bus","arr":["7","7А","7А1","7А2","9","11","12","92","Б2","Б12","Бо","Н"],"angle":-59.3}},{"type":"Feature","geometry":{"type":"Point","coordinates":[27.437964,42.518248]},"properties":{"lines":"7, 7А, 7А1, Бо","color":"#0059a9","mode":"bus","arr":["7","7А","7А1","Бо"],"angle":-69.5}},{"type":"Feature","geometry":{"type":"Point","coordinates":[27.436385,42.515232]},"properties":{"lines":"7А1","color":"#0059a9","mode":"bus","arr":["7А1"],"angle":-69}},{"type":"Feature","geometry":{"type":"Point","coordinates":[27.437041,42.516476]},"properties":{"lines":"7А1","color":"#0059a9","mode":"bus","arr":["7А1"],"angle":-68.5,"extra":1,"ei":0}},{"type":"Feature","geometry":{"type":"Point","coordinates":[27.43821,42.519362]},"properties":{"lines":"7, 7А, 7А1, 7А2, 92","color":"#0059a9","mode":"bus","arr":["7","7А","7А1","7А2","92"],"angle":-61.7}},{"type":"Feature","geometry":{"type":"Point","coordinates":[27.438606,42.520261]},"properties":{"lines":"7, 7А, 7А1, 7А2, 9, 11, 12, 92, Б2, Б9, Б12, Бо, Н","color":"#0059a9","mode":"bus","arr":["7","7А","7А1","7А2","9","11","12","92","Б2","Б9","Б12","Бо","Н"],"angle":-84.3}},{"type":"Feature","geometry":{"type":"Point","coordinates":[27.439189,42.520664]},"properties":{"lines":"7, 7А, 7А1, 7А2, 9, 11, 12, 92, Б2, Б9, Б12, Бо, Н","color":"#0059a9","mode":"bus","arr":["7","7А","7А1","7А2","9","11","12","92","Б2","Б9","Б12","Бо","Н"],"angle":48.8,"mi":1}},{"type":"Feature","geometry":{"type":"Point","coordinates":[27.435175,42.516104]},"properties":{"lines":"7, 7А","color":"#0059a9","mode":"bus","arr":["7","7А"],"angle":-18.5}},{"type":"Feature","geometry":{"type":"Point","coordinates":[27.422887,42.519583]},"properties":{"lines":"7, 7А","color":"#0059a9","mode":"bus","arr":["7","7А"],"angle":19.4}},{"type":"Feature","geometry":{"type":"Point","coordinates":[27.433573,42.516357]},"properties":{"lines":"7, 7А","color":"#0059a9","mode":"bus","arr":["7","7А"],"angle":19.1,"extra":1,"ei":0}},{"type":"Feature","geometry":{"type":"Point","coordinates":[27.431151,42.516973]},"properties":{"lines":"7, 7А","color":"#0059a9","mode":"bus","arr":["7","7А"],"angle":20.3,"extra":1,"ei":1}},{"type":"Feature","geometry":{"type":"Point","coordinates":[27.428779,42.517686]},"properties":{"lines":"7, 7А","color":"#0059a9","mode":"bus","arr":["7","7А"],"angle":23.2,"extra":1,"ei":2}},{"type":"Feature","geometry":{"type":"Point","coordinates":[27.426424,42.51843]},"properties":{"lines":"7, 7А","color":"#0059a9","mode":"bus","arr":["7","7А"],"angle":21.8,"extra":1,"ei":3}},{"type":"Feature","geometry":{"type":"Point","coordinates":[27.410935,42.520256]},"properties":{"lines":"7, 7А","color":"#0059a9","mode":"bus","arr":["7","7А"],"angle":21.4,"extra":1,"ei":0}},{"type":"Feature","geometry":{"type":"Point","coordinates":[27.41332,42.519566]},"properties":{"lines":"7, 7А","color":"#0059a9","mode":"bus","arr":["7","7А"],"angle":20.1,"extra":1,"ei":1}},{"type":"Feature","geometry":{"type":"Point","coordinates":[27.415803,42.519139]},"properties":{"lines":"7, 7А","color":"#0059a9","mode":"bus","arr":["7","7А"],"angle":1.4,"extra":1,"ei":2}},{"type":"Feature","geometry":{"type":"Point","coordinates":[27.41833,42.519424]},"properties":{"lines":"7, 7А","color":"#0059a9","mode":"bus","arr":["7","7А"],"angle":-11.9,"extra":1,"ei":3}},{"type":"Feature","geometry":{"type":"Point","coordinates":[27.420842,42.519793]},"properties":{"lines":"7, 7А","color":"#0059a9","mode":"bus","arr":["7","7А"],"angle":-5.9,"extra":1,"ei":4}},{"type":"Feature","geometry":{"type":"Point","coordinates":[27.435111,42.515787]},"properties":{"lines":"7, 7А","color":"#0059a9","mode":"bus","arr":["7","7А"],"angle":-1.7,"extra":1,"ei":5}},{"type":"Feature","geometry":{"type":"Point","coordinates":[27.409035,42.520813]},"properties":{"lines":"7, 7А1, 7А2","color":"#0059a9","mode":"bus","arr":["7","7А1","7А2"],"angle":22.1}},{"type":"Feature","geometry":{"type":"Point","coordinates":[27.40801,42.521111]},"properties":{"lines":"7, 7А2","color":"#0059a9","mode":"bus","arr":["7","7А2"],"angle":20.3}},{"type":"Feature","geometry":{"type":"Point","coordinates":[27.398012,42.522961]},"properties":{"lines":"7","color":"#0059a9","mode":"bus","arr":["7"],"angle":12}},{"type":"Feature","geometry":{"type":"Point","coordinates":[27.386122,42.521704]},"properties":{"lines":"7","color":"#0059a9","mode":"bus","arr":["7"],"angle":-28.8,"mi":1}},{"type":"Feature","geometry":{"type":"Point","coordinates":[27.406483,42.521507]},"properties":{"lines":"7","color":"#0059a9","mode":"bus","arr":["7"],"angle":14.7,"extra":1,"ei":0}},{"type":"Feature","geometry":{"type":"Point","coordinates":[27.403993,42.521952]},"properties":{"lines":"7","color":"#0059a9","mode":"bus","arr":["7"],"angle":12.9,"extra":1,"ei":1}},{"type":"Feature","geometry":{"type":"Point","coordinates":[27.401495,42.522372]},"properties":{"lines":"7","color":"#0059a9","mode":"bus","arr":["7"],"angle":12.9,"extra":1,"ei":2}},{"type":"Feature","geometry":{"type":"Point","coordinates":[27.393914,42.522951]},"properties":{"lines":"7","color":"#0059a9","mode":"bus","arr":["7"],"angle":-3.3,"extra":1,"ei":3}},{"type":"Feature","geometry":{"type":"Point","coordinates":[27.391356,42.522839]},"properties":{"lines":"7","color":"#0059a9","mode":"bus","arr":["7"],"angle":-3.7,"extra":1,"ei":4}},{"type":"Feature","geometry":{"type":"Point","coordinates":[27.388797,42.522767]},"properties":{"lines":"7","color":"#0059a9","mode":"bus","arr":["7"],"angle":2.6,"extra":1,"ei":5}},{"type":"Feature","geometry":{"type":"Point","coordinates":[27.373225,42.517087]},"properties":{"lines":"7","color":"#0059a9","mode":"bus","arr":["7"],"angle":-28.5,"mi":4}},{"type":"Feature","geometry":{"type":"Point","coordinates":[27.382246,42.520116]},"properties":{"lines":"7","color":"#0059a9","mode":"bus","arr":["7"],"angle":-29.2,"extra":1,"ei":0}},{"type":"Feature","geometry":{"type":"Point","coordinates":[27.380009,42.519196]},"properties":{"lines":"7","color":"#0059a9","mode":"bus","arr":["7"],"angle":-27.7,"extra":1,"ei":1}},{"type":"Feature","geometry":{"type":"Point","coordinates":[27.377672,42.518426]},"properties":{"lines":"7","color":"#0059a9","mode":"bus","arr":["7"],"angle":-20.3,"extra":1,"ei":2}},{"type":"Feature","geometry":{"type":"Point","coordinates":[27.375278,42.517754]},"properties":{"lines":"7","color":"#0059a9","mode":"bus","arr":["7"],"angle":-21.3,"extra":1,"ei":3}},{"type":"Feature","geometry":{"type":"Point","coordinates":[27.370496,42.51654]},"properties":{"lines":"7","color":"#0059a9","mode":"bus","arr":["7"],"angle":-4.6,"extra":1,"ei":4}},{"type":"Feature","geometry":{"type":"Point","coordinates":[27.367941,42.516401]},"properties":{"lines":"7","color":"#0059a9","mode":"bus","arr":["7"],"angle":-4.6,"extra":1,"ei":5}},{"type":"Feature","geometry":{"type":"Point","coordinates":[27.365385,42.516266]},"properties":{"lines":"7","color":"#0059a9","mode":"bus","arr":["7"],"angle":-4.4,"extra":1,"ei":6}},{"type":"Feature","geometry":{"type":"Point","coordinates":[27.36283,42.51613]},"properties":{"lines":"7","color":"#0059a9","mode":"bus","arr":["7"],"angle":-3.4,"extra":1,"ei":7}},{"type":"Feature","geometry":{"type":"Point","coordinates":[27.371708,42.518031]},"properties":{"lines":"7","color":"#0059a9","mode":"bus","arr":["7"],"angle":78.7,"mi":1}},{"type":"Feature","geometry":{"type":"Point","coordinates":[27.365654,42.519802]},"properties":{"lines":"7","color":"#0059a9","mode":"bus","arr":["7"],"angle":-7.9}},{"type":"Feature","geometry":{"type":"Point","coordinates":[27.370119,42.519625]},"properties":{"lines":"7","color":"#0059a9","mode":"bus","arr":["7"],"angle":13.2,"extra":1,"ei":0}},{"type":"Feature","geometry":{"type":"Point","coordinates":[27.367623,42.520006]},"properties":{"lines":"7","color":"#0059a9","mode":"bus","arr":["7"],"angle":-4,"extra":1,"ei":1}},{"type":"Feature","geometry":{"type":"Point","coordinates":[27.362545,42.519502]},"properties":{"lines":"7","color":"#0059a9","mode":"bus","arr":["7"],"angle":-7.9,"extra":1,"ei":2}},{"type":"Feature","geometry":{"type":"Point","coordinates":[27.360028,42.519702]},"properties":{"lines":"7","color":"#0059a9","mode":"bus","arr":["7"],"angle":11.7,"extra":1,"ei":3}},{"type":"Feature","geometry":{"type":"Point","coordinates":[27.359557,42.51854]},"properties":{"lines":"7","color":"#0059a9","mode":"bus","arr":["7"],"angle":-78.4,"mi":3}},{"type":"Feature","geometry":{"type":"Point","coordinates":[27.360696,42.516719]},"properties":{"lines":"7","color":"#0059a9","mode":"bus","arr":["7"],"angle":29.6,"mi":2}},{"type":"Feature","geometry":{"type":"Point","coordinates":[27.40952,42.524933]},"properties":{"lines":"7, 7А, 7А1, 7А2","color":"#0059a9","mode":"bus","arr":["7","7А","7А1","7А2"],"angle":86.7,"mi":1}},{"type":"Feature","geometry":{"type":"Point","coordinates":[27.409733,42.521545]},"properties":{"lines":"7, 7А, 7А1, 7А2","color":"#0059a9","mode":"bus","arr":["7","7А","7А1","7А2"],"angle":89.7,"extra":1,"ei":0}},{"type":"Feature","geometry":{"type":"Point","coordinates":[27.409638,42.523432]},"properties":{"lines":"7, 7А, 7А1, 7А2","color":"#0059a9","mode":"bus","arr":["7","7А","7А1","7А2"],"angle":87.1,"extra":1,"ei":1}},{"type":"Feature","geometry":{"type":"Point","coordinates":[27.409341,42.527203]},"properties":{"lines":"7, 7А, 7А1, 7А2","color":"#0059a9","mode":"bus","arr":["7","7А","7А1","7А2"],"angle":86.8,"extra":1,"ei":2}},{"type":"Feature","geometry":{"type":"Point","coordinates":[27.409199,42.529089]},"properties":{"lines":"7, 7А, 7А1, 7А2","color":"#0059a9","mode":"bus","arr":["7","7А","7А1","7А2"],"angle":86.8,"extra":1,"ei":3}},{"type":"Feature","geometry":{"type":"Point","coordinates":[27.40898,42.533573]},"properties":{"lines":"7, 7А, 7А1, 7А2","color":"#0059a9","mode":"bus","arr":["7","7А","7А1","7А2"],"angle":88}},{"type":"Feature","geometry":{"type":"Point","coordinates":[27.409141,42.530207]},"properties":{"lines":"7, 7А, 7А1, 7А2","color":"#0059a9","mode":"bus","arr":["7","7А","7А1","7А2"],"angle":88,"extra":1,"ei":0}},{"type":"Feature","geometry":{"type":"Point","coordinates":[27.409051,42.532094]},"properties":{"lines":"7, 7А, 7А1, 7А2","color":"#0059a9","mode":"bus","arr":["7","7А","7А1","7А2"],"angle":88,"extra":1,"ei":1}},{"type":"Feature","geometry":{"type":"Point","coordinates":[27.408871,42.535869]},"properties":{"lines":"7, 7А, 7А1, 7А2","color":"#0059a9","mode":"bus","arr":["7","7А","7А1","7А2"],"angle":88,"extra":1,"ei":2}},{"type":"Feature","geometry":{"type":"Point","coordinates":[27.408781,42.537756]},"properties":{"lines":"7, 7А, 7А1, 7А2","color":"#0059a9","mode":"bus","arr":["7","7А","7А1","7А2"],"angle":88,"extra":1,"ei":3}},{"type":"Feature","geometry":{"type":"Point","coordinates":[27.436447,42.515547]},"properties":{"lines":"7, 7А, Бо","color":"#0059a9","mode":"bus","arr":["7","7А","Бо"],"angle":23.1,"mi":2}},{"type":"Feature","geometry":{"type":"Point","coordinates":[27.460591,42.505668]},"properties":{"lines":"7, 11","color":"#0059a9","mode":"bus","arr":["7","11"],"angle":31,"side":-1}},{"type":"Feature","geometry":{"type":"Point","coordinates":[27.461353,42.50533]},"properties":{"lines":"7, 11, Бо","color":"#0059a9","mode":"bus","arr":["7","11","Бо"],"angle":31.1,"side":-1}},{"type":"Feature","geometry":{"type":"Point","coordinates":[27.463028,42.504579]},"properties":{"lines":"7, 7А, 7А2, 9","color":"#0059a9","mode":"bus","arr":["7","7А","7А2","9"],"angle":27.2,"side":-1}},{"type":"Feature","geometry":{"type":"Point","coordinates":[27.462815,42.504824]},"properties":{"lines":"7А, 7А1, 9, 92","color":"#0059a9","mode":"bus","arr":["7А","7А1","9","92"],"angle":52.8}},{"type":"Feature","geometry":{"type":"Point","coordinates":[27.462791,42.505594]},"properties":{"lines":"7А, 7А1, 9, 11, 92","color":"#0059a9","mode":"bus","arr":["7А","7А1","9","11","92"],"angle":-81.4,"side":-1}},{"type":"Feature","geometry":{"type":"Point","coordinates":[27.463276,42.507761]},"properties":{"lines":"7А, 7А1, 7А2, 9, 11, 12, 92, Б9","color":"#0059a9","mode":"bus","arr":["7А","7А1","7А2","9","11","12","92","Б9"],"angle":-80.2}},{"type":"Feature","geometry":{"type":"Point","coordinates":[27.460764,42.510858]},"properties":{"lines":"7А, 7А1, 7А2, 9, 92, Б9","color":"#0059a9","mode":"bus","arr":["7А","7А1","7А2","9","92","Б9"],"angle":32.7}},{"type":"Feature","geometry":{"type":"Point","coordinates":[27.462604,42.510037]},"properties":{"lines":"7А, 7А1, 7А2, 9, 92, Б9","color":"#0059a9","mode":"bus","arr":["7А","7А1","7А2","9","92","Б9"],"angle":29.2,"extra":1,"ei":0}},{"type":"Feature","geometry":{"type":"Point","coordinates":[27.45827,42.51205]},"properties":{"lines":"7А, 7А1, 7А2, 9, 92, Б9","color":"#0059a9","mode":"bus","arr":["7А","7А1","7А2","9","92","Б9"],"angle":33.4,"extra":1,"ei":1}},{"type":"Feature","geometry":{"type":"Point","coordinates":[27.452534,42.5147]},"properties":{"lines":"7А, 7А1, 9, 11, 92","color":"#0059a9","mode":"bus","arr":["7А","7А1","9","11","92"],"angle":32}},{"type":"Feature","geometry":{"type":"Point","coordinates":[27.456252,42.51302]},"properties":{"lines":"7А, 7А1, 9, 11, 92","color":"#0059a9","mode":"bus","arr":["7А","7А1","9","11","92"],"angle":31.7,"extra":1,"ei":0}},{"type":"Feature","geometry":{"type":"Point","coordinates":[27.454079,42.51402]},"properties":{"lines":"7А, 7А1, 9, 11, 92","color":"#0059a9","mode":"bus","arr":["7А","7А1","9","11","92"],"angle":31.9,"extra":1,"ei":1}},{"type":"Feature","geometry":{"type":"Point","coordinates":[27.449705,42.515988]},"properties":{"lines":"7А, 7А1, 9, 11, 92","color":"#0059a9","mode":"bus","arr":["7А","7А1","9","11","92"],"angle":31.4,"extra":1,"ei":2}},{"type":"Feature","geometry":{"type":"Point","coordinates":[27.443863,42.51865]},"properties":{"lines":"7А, 7А1, 9, 11, 92, Б2, Н","color":"#0059a9","mode":"bus","arr":["7А","7А1","9","11","92","Б2","Н"],"angle":33}},{"type":"Feature","geometry":{"type":"Point","coordinates":[27.446636,42.517373]},"properties":{"lines":"7А, 7А1, 9, 11, 92, Б2, Н","color":"#0059a9","mode":"bus","arr":["7А","7А1","9","11","92","Б2","Н"],"angle":33.6,"extra":1,"ei":0}},{"type":"Feature","geometry":{"type":"Point","coordinates":[27.442304,42.519391]},"properties":{"lines":"7А, 7А1, 9, 11, 92, Б2, Н","color":"#0059a9","mode":"bus","arr":["7А","7А1","9","11","92","Б2","Н"],"angle":32.6,"extra":1,"ei":1}},{"type":"Feature","geometry":{"type":"Point","coordinates":[27.440069,42.520296]},"properties":{"lines":"7А, 7А1, 9, 11, 92, Б2, Н","color":"#0059a9","mode":"bus","arr":["7А","7А1","9","11","92","Б2","Н"],"angle":36.9,"extra":1,"ei":2}},{"type":"Feature","geometry":{"type":"Point","coordinates":[27.443969,42.51852]},"properties":{"lines":"7А, 7А2, 9, 12, Б2, Б9, Н","color":"#0059a9","mode":"bus","arr":["7А","7А2","9","12","Б2","Б9","Н"],"angle":32.8,"side":-1}},{"type":"Feature","geometry":{"type":"Point","coordinates":[27.440968,42.519782]},"properties":{"lines":"7А, 7А2, 9, 12, Б2, Б9, Н","color":"#0059a9","mode":"bus","arr":["7А","7А2","9","12","Б2","Б9","Н"],"angle":31.9,"extra":1,"ei":0,"side":-1}},{"type":"Feature","geometry":{"type":"Point","coordinates":[27.445377,42.517866]},"properties":{"lines":"7А, 7А2, 9, 12, Б2, Б9, Н","color":"#0059a9","mode":"bus","arr":["7А","7А2","9","12","Б2","Б9","Н"],"angle":31.7,"extra":1,"ei":1,"side":-1}},{"type":"Feature","geometry":{"type":"Point","coordinates":[27.447468,42.516785]},"properties":{"lines":"7А, 7А2, 9, 12, Б2, Б9, Н","color":"#0059a9","mode":"bus","arr":["7А","7А2","9","12","Б2","Б9","Н"],"angle":31.1,"extra":1,"ei":2,"side":-1}},{"type":"Feature","geometry":{"type":"Point","coordinates":[27.452535,42.514601]},"properties":{"lines":"7А, 7А2, 9, 12, Б9","color":"#0059a9","mode":"bus","arr":["7А","7А2","9","12","Б9"],"angle":30.3,"side":-1}},{"type":"Feature","geometry":{"type":"Point","coordinates":[27.449,42.516097]},"properties":{"lines":"7А, 7А2, 9, 12, Б9","color":"#0059a9","mode":"bus","arr":["7А","7А2","9","12","Б9"],"angle":29.6,"extra":1,"ei":0,"side":-1}},{"type":"Feature","geometry":{"type":"Point","coordinates":[27.455613,42.513211]},"properties":{"lines":"7А, 7А2, 9, 12, Б9","color":"#0059a9","mode":"bus","arr":["7А","7А2","9","12","Б9"],"angle":32.1,"extra":1,"ei":1,"side":-1}},{"type":"Feature","geometry":{"type":"Point","coordinates":[27.462641,42.5055]},"properties":{"lines":"7А, 7А2, 9, 12, Б9","color":"#0059a9","mode":"bus","arr":["7А","7А2","9","12","Б9"],"angle":-72}},{"type":"Feature","geometry":{"type":"Point","coordinates":[27.432648,42.511738]},"properties":{"lines":"7А1","color":"#0059a9","mode":"bus","arr":["7А1"],"angle":-5.2,"mi":1}},{"type":"Feature","geometry":{"type":"Point","coordinates":[27.434516,42.512348]},"properties":{"lines":"7А1","color":"#0059a9","mode":"bus","arr":["7А1"],"angle":-42.8,"extra":1,"ei":0}},{"type":"Feature","geometry":{"type":"Point","coordinates":[27.429606,42.511767]},"properties":{"lines":"7А1","color":"#0059a9","mode":"bus","arr":["7А1"],"angle":1.1,"extra":1,"ei":1}},{"type":"Feature","geometry":{"type":"Point","coordinates":[27.407732,42.52091]},"properties":{"lines":"7А1","color":"#0059a9","mode":"bus","arr":["7А1"],"angle":-42,"side":-1}},{"type":"Feature","geometry":{"type":"Point","coordinates":[27.424417,42.511872]},"properties":{"lines":"7А1, 7А2","color":"#0059a9","mode":"bus","arr":["7А1","7А2"],"angle":1.9}},{"type":"Feature","geometry":{"type":"Point","coordinates":[27.428008,42.511798]},"properties":{"lines":"7А1, 7А2","color":"#0059a9","mode":"bus","arr":["7А1","7А2"],"angle":1.6,"extra":1,"ei":0}},{"type":"Feature","geometry":{"type":"Point","coordinates":[27.420326,42.511981]},"properties":{"lines":"7А1, 7А2","color":"#0059a9","mode":"bus","arr":["7А1","7А2"],"angle":2,"extra":1,"ei":1}},{"type":"Feature","geometry":{"type":"Point","coordinates":[27.40845,42.513196]},"properties":{"lines":"7А1, 7А2","color":"#0059a9","mode":"bus","arr":["7А1","7А2"],"angle":-70}},{"type":"Feature","geometry":{"type":"Point","coordinates":[27.418266,42.512032]},"properties":{"lines":"7А1, 7А2","color":"#0059a9","mode":"bus","arr":["7А1","7А2"],"angle":1.8,"extra":1,"ei":0}},{"type":"Feature","geometry":{"type":"Point","coordinates":[27.415705,42.512091]},"properties":{"lines":"7А1, 7А2","color":"#0059a9","mode":"bus","arr":["7А1","7А2"],"angle":1.8,"extra":1,"ei":1}},{"type":"Feature","geometry":{"type":"Point","coordinates":[27.413144,42.512154]},"properties":{"lines":"7А1, 7А2","color":"#0059a9","mode":"bus","arr":["7А1","7А2"],"angle":2,"extra":1,"ei":2}},{"type":"Feature","geometry":{"type":"Point","coordinates":[27.410583,42.512211]},"properties":{"lines":"7А1, 7А2","color":"#0059a9","mode":"bus","arr":["7А1","7А2"],"angle":1.7,"extra":1,"ei":3}},{"type":"Feature","geometry":{"type":"Point","coordinates":[27.409013,42.514312]},"properties":{"lines":"7А1, 7А2","color":"#0059a9","mode":"bus","arr":["7А1","7А2"],"angle":-67.9,"extra":1,"ei":4}},{"type":"Feature","geometry":{"type":"Point","coordinates":[27.409763,42.516116]},"properties":{"lines":"7А1, 7А2","color":"#0059a9","mode":"bus","arr":["7А1","7А2"],"angle":-75.8,"extra":1,"ei":5}},{"type":"Feature","geometry":{"type":"Point","coordinates":[27.410466,42.51793]},"properties":{"lines":"7А1, 7А2","color":"#0059a9","mode":"bus","arr":["7А1","7А2"],"angle":-72.6,"extra":1,"ei":6}},{"type":"Feature","geometry":{"type":"Point","coordinates":[27.409189,42.519214]},"properties":{"lines":"7А1, 7А2","color":"#0059a9","mode":"bus","arr":["7А1","7А2"],"angle":13.9,"extra":1,"ei":7}},{"type":"Feature","geometry":{"type":"Point","coordinates":[27.4073,42.520056]},"properties":{"lines":"7А1, 7А2","color":"#0059a9","mode":"bus","arr":["7А1","7А2"],"angle":-81.3,"extra":1,"ei":8}},{"type":"Feature","geometry":{"type":"Point","coordinates":[27.407492,42.520864]},"properties":{"lines":"7А2","color":"#0059a9","mode":"bus","arr":["7А2"],"angle":-77.6}},{"type":"Feature","geometry":{"type":"Point","coordinates":[27.435381,42.51286]},"properties":{"lines":"7А2","color":"#0059a9","mode":"bus","arr":["7А2"],"angle":-86.5,"side":-1}},{"type":"Feature","geometry":{"type":"Point","coordinates":[27.431734,42.511595]},"properties":{"lines":"7А2","color":"#0059a9","mode":"bus","arr":["7А2"],"angle":2,"side":-1,"mi":2}},{"type":"Feature","geometry":{"type":"Point","coordinates":[27.475449,42.503006]},"properties":{"lines":"8, 15, 15А, 81, Б11, Б12","color":"#0059a9","mode":"bus","arr":["8","15","15А","81","Б11","Б12"],"angle":52.6}},{"type":"Feature","geometry":{"type":"Point","coordinates":[27.476701,42.50179]},"properties":{"lines":"15А","color":"#0059a9","mode":"bus","arr":["15А"],"angle":52.8}},{"type":"Feature","geometry":{"type":"Point","coordinates":[27.478206,42.500303]},"properties":{"lines":"8, 11, 15, 15А, 81, Б11, Б12","color":"#0059a9","mode":"bus","arr":["8","11","15","15А","81","Б11","Б12"],"angle":53.4,"side":-1}},{"type":"Feature","geometry":{"type":"Point","coordinates":[27.475351,42.502966]},"properties":{"lines":"11","color":"#0059a9","mode":"bus","arr":["11"],"angle":52.4,"side":-1}},{"type":"Feature","geometry":{"type":"Point","coordinates":[27.462709,42.530677]},"properties":{"lines":"11","color":"#0059a9","mode":"bus","arr":["11"],"angle":61.4,"mi":3}},{"type":"Feature","geometry":{"type":"Point","coordinates":[27.461509,42.491659]},"properties":{"lines":"11","color":"#0059a9","mode":"bus","arr":["11"],"angle":52.6,"mi":6}},{"type":"Feature","geometry":{"type":"Point","coordinates":[27.458581,42.500704]},"properties":{"lines":"11","color":"#0059a9","mode":"bus","arr":["11"],"angle":-64.7,"side":-1}},{"type":"Feature","geometry":{"type":"Point","coordinates":[27.459931,42.50566]},"properties":{"lines":"11","color":"#0059a9","mode":"bus","arr":["11"],"angle":-58.2,"mi":5}},{"type":"Feature","geometry":{"type":"Point","coordinates":[27.476628,42.501733]},"properties":{"lines":"8, 11, 15, 81, Б11, Б12","color":"#0059a9","mode":"bus","arr":["8","11","15","81","Б11","Б12"],"angle":53,"side":-1}},{"type":"Feature","geometry":{"type":"Point","coordinates":[27.479893,42.49882]},"properties":{"lines":"8, 15, 15А, Б11, Б12","color":"#0059a9","mode":"bus","arr":["8","15","15А","Б11","Б12"],"angle":55.6}},{"type":"Feature","geometry":{"type":"Point","coordinates":[27.480364,42.496876]},"properties":{"lines":"8, 12, 15, 15А, 82, Б11, Б12","color":"#0059a9","mode":"bus","arr":["8","12","15","15А","82","Б11","Б12"],"angle":83.7}},{"type":"Feature","geometry":{"type":"Point","coordinates":[27.48079,42.493903]},"properties":{"lines":"8, 12, 15, 15А, 82, Б11","color":"#0059a9","mode":"bus","arr":["8","12","15","15А","82","Б11"],"angle":-69.5,"side":-1}},{"type":"Feature","geometry":{"type":"Point","coordinates":[27.477761,42.491886]},"properties":{"lines":"8, 11, 12, 15, 15А, 81, 82, Б11, Б12","color":"#0059a9","mode":"bus","arr":["8","11","12","15","15А","81","82","Б11","Б12"],"angle":-19.3}},{"type":"Feature","geometry":{"type":"Point","coordinates":[27.478293,42.491679]},"properties":{"lines":"8","color":"#0059a9","mode":"bus","arr":["8"],"angle":-77.1,"mi":2}},{"type":"Feature","geometry":{"type":"Point","coordinates":[27.477186,42.491007]},"properties":{"lines":"8","color":"#0059a9","mode":"bus","arr":["8"],"angle":-22.7}},{"type":"Feature","geometry":{"type":"Point","coordinates":[27.477477,42.491289]},"properties":{"lines":"8","color":"#0059a9","mode":"bus","arr":["8"],"angle":-85.1,"mi":1}},{"type":"Feature","geometry":{"type":"Point","coordinates":[27.475816,42.490697]},"properties":{"lines":"8","color":"#0059a9","mode":"bus","arr":["8"],"angle":1.8,"mi":3}},{"type":"Feature","geometry":{"type":"Point","coordinates":[27.474151,42.490721]},"properties":{"lines":"8, 11, 12, 17, Б1, Б2","color":"#0059a9","mode":"bus","arr":["8","11","12","17","Б1","Б2"],"angle":0.2}},{"type":"Feature","geometry":{"type":"Point","coordinates":[27.472657,42.491242]},"properties":{"lines":"8, 11, 12, 17, 81, 82, Б1, Б2, Б11, Б12, Н","color":"#0059a9","mode":"bus","arr":["8","11","12","17","81","82","Б1","Б2","Б11","Б12","Н"],"angle":2.1}},{"type":"Feature","geometry":{"type":"Point","coordinates":[27.466805,42.490283]},"properties":{"lines":"8, 9, 11, 12, 17, 81, 82, 92, Б1, Б2, Б11, Б12, Н, Т1","color":"#0059a9","mode":"bus","arr":["8","9","11","12","17","81","82","92","Б1","Б2","Б11","Б12","Н","Т1"],"tLines":"Т1","ntLines":"8, 9, 11, 12, 17, 81, 82, 92, Б1, Б2, Б11, Б12, Н","angle":-4}},{"type":"Feature","geometry":{"type":"Point","coordinates":[27.470691,42.491105]},"properties":{"lines":"8, 9, 11, 12, 17, 81, 82, 92, Б1, Б2, Б11, Б12, Н, Т1","color":"#0059a9","mode":"bus","arr":["8","9","11","12","17","81","82","92","Б1","Б2","Б11","Б12","Н","Т1"],"tLines":"Т1","ntLines":"8, 9, 11, 12, 17, 81, 82, 92, Б1, Б2, Б11, Б12, Н","angle":-16.1,"extra":1,"ei":0}},{"type":"Feature","geometry":{"type":"Point","coordinates":[27.463301,42.490927]},"properties":{"lines":"8, 9, 11, 12, 17, 81, 82, 92, Б1, Б2, Б11, Б12, Н, Т1","color":"#0059a9","mode":"bus","arr":["8","9","11","12","17","81","82","92","Б1","Б2","Б11","Б12","Н","Т1"],"tLines":"Т1","ntLines":"8, 9, 11, 12, 17, 81, 82, 92, Б1, Б2, Б11, Б12, Н","angle":22.7,"extra":1,"ei":1}},{"type":"Feature","geometry":{"type":"Point","coordinates":[27.458015,42.490885]},"properties":{"lines":"8, 9, 17, 82, 92, Б11, Б12, Н, Т1","color":"#0059a9","mode":"bus","arr":["8","9","17","82","92","Б11","Б12","Н","Т1"],"tLines":"Т1","ntLines":"8, 9, 17, 82, 92, Б11, Б12, Н","angle":-14.8,"side":-1}},{"type":"Feature","geometry":{"type":"Point","coordinates":[27.459899,42.491252]},"properties":{"lines":"8, 9, 17, 82, 92, Б11, Б12, Н, Т1","color":"#0059a9","mode":"bus","arr":["8","9","17","82","92","Б11","Б12","Н","Т1"],"tLines":"Т1","ntLines":"8, 9, 17, 82, 92, Б11, Б12, Н","angle":-14.8,"extra":1,"ei":0,"side":-1}},{"type":"Feature","geometry":{"type":"Point","coordinates":[27.454947,42.490295]},"properties":{"lines":"8, 9, 17, 82, 92, Б11, Б12, Н, Т1","color":"#0059a9","mode":"bus","arr":["8","9","17","82","92","Б11","Б12","Н","Т1"],"tLines":"Т1","ntLines":"8, 9, 17, 82, 92, Б11, Б12, Н","angle":-21.8,"extra":1,"ei":1,"side":-1}},{"type":"Feature","geometry":{"type":"Point","coordinates":[27.447951,42.486225]},"properties":{"lines":"8, 17, 81, 82, Б11, Б12, Т1","color":"#0059a9","mode":"bus","arr":["8","17","81","82","Б11","Б12","Т1"],"tLines":"Т1","ntLines":"8, 17, 81, 82, Б11, Б12","angle":-39}},{"type":"Feature","geometry":{"type":"Point","coordinates":[27.453722,42.489635]},"properties":{"lines":"8, 17, 81, 82, Б11, Б12, Т1","color":"#0059a9","mode":"bus","arr":["8","17","81","82","Б11","Б12","Т1"],"tLines":"Т1","ntLines":"8, 17, 81, 82, Б11, Б12","angle":-39.2,"extra":1,"ei":0}},{"type":"Feature","geometry":{"type":"Point","coordinates":[27.451725,42.488452]},"properties":{"lines":"8, 17, 81, 82, Б11, Б12, Т1","color":"#0059a9","mode":"bus","arr":["8","17","81","82","Б11","Б12","Т1"],"tLines":"Т1","ntLines":"8, 17, 81, 82, Б11, Б12","angle":-39.2,"extra":1,"ei":1}},{"type":"Feature","geometry":{"type":"Point","coordinates":[27.449726,42.48727]},"properties":{"lines":"8, 17, 81, 82, Б11, Б12, Т1","color":"#0059a9","mode":"bus","arr":["8","17","81","82","Б11","Б12","Т1"],"tLines":"Т1","ntLines":"8, 17, 81, 82, Б11, Б12","angle":-39.2,"extra":1,"ei":2}},{"type":"Feature","geometry":{"type":"Point","coordinates":[27.445743,42.484895]},"properties":{"lines":"8, 17, 81, 82, Б11, Б12, Т1","color":"#0059a9","mode":"bus","arr":["8","17","81","82","Б11","Б12","Т1"],"tLines":"Т1","ntLines":"8, 17, 81, 82, Б11, Б12","angle":-38.2,"extra":1,"ei":3}},{"type":"Feature","geometry":{"type":"Point","coordinates":[27.443729,42.483727]},"properties":{"lines":"8, 17, 81, 82, Б11, Б12, Т1","color":"#0059a9","mode":"bus","arr":["8","17","81","82","Б11","Б12","Т1"],"tLines":"Т1","ntLines":"8, 17, 81, 82, Б11, Б12","angle":-38.2,"extra":1,"ei":4}},{"type":"Feature","geometry":{"type":"Point","coordinates":[27.441792,42.482498]},"properties":{"lines":"8, 17, 81, 82, Б11, Б12, Т1","color":"#0059a9","mode":"bus","arr":["8","17","81","82","Б11","Б12","Т1"],"tLines":"Т1","ntLines":"8, 17, 81, 82, Б11, Б12","angle":-50.7,"extra":1,"ei":5}},{"type":"Feature","geometry":{"type":"Point","coordinates":[27.440173,42.479296]},"properties":{"lines":"8, 17, 81, 82, Б11, Б12, Т1","color":"#0059a9","mode":"bus","arr":["8","17","81","82","Б11","Б12","Т1"],"tLines":"Т1","ntLines":"8, 17, 81, 82, Б11, Б12","angle":-73.6}},{"type":"Feature","geometry":{"type":"Point","coordinates":[27.437591,42.475207]},"properties":{"lines":"8, 17, 81, 82, Б11, Б12, Т1","color":"#0059a9","mode":"bus","arr":["8","17","81","82","Б11","Б12","Т1"],"tLines":"Т1","ntLines":"8, 17, 81, 82, Б11, Б12","angle":-48.4,"mi":1}},{"type":"Feature","geometry":{"type":"Point","coordinates":[27.440933,42.481195]},"properties":{"lines":"8, 17, 81, 82, Б11, Б12, Т1","color":"#0059a9","mode":"bus","arr":["8","17","81","82","Б11","Б12","Т1"],"tLines":"Т1","ntLines":"8, 17, 81, 82, Б11, Б12","angle":-74.4,"extra":1,"ei":0}},{"type":"Feature","geometry":{"type":"Point","coordinates":[27.43949,42.477571]},"properties":{"lines":"8, 17, 81, 82, Б11, Б12, Т1","color":"#0059a9","mode":"bus","arr":["8","17","81","82","Б11","Б12","Т1"],"tLines":"Т1","ntLines":"8, 17, 81, 82, Б11, Б12","angle":-74,"extra":1,"ei":1}},{"type":"Feature","geometry":{"type":"Point","coordinates":[27.438813,42.476222]},"properties":{"lines":"8, 17, 81, Б11, Б12, Т1","color":"#0059a9","mode":"bus","arr":["8","17","81","Б11","Б12","Т1"],"tLines":"Т1","ntLines":"8, 17, 81, Б11, Б12","angle":-53.7}},{"type":"Feature","geometry":{"type":"Point","coordinates":[27.43641,42.474337]},"properties":{"lines":"8, 17, 81, Б11, Б12, Т1","color":"#0059a9","mode":"bus","arr":["8","17","81","Б11","Б12","Т1"],"tLines":"Т1","ntLines":"8, 17, 81, Б11, Б12","angle":-10,"mi":1}},{"type":"Feature","geometry":{"type":"Point","coordinates":[27.431706,42.473001]},"properties":{"lines":"8, 9, 17А, 81, Б1, Б2, Б9, Б11, Б12, Бо, Н, Т1","color":"#0059a9","mode":"bus","arr":["8","9","17А","81","Б1","Б2","Б9","Б11","Б12","Бо","Н","Т1"],"tLines":"Т1","ntLines":"8, 9, 17А, 81, Б1, Б2, Б9, Б11, Б12, Бо, Н","angle":-9.5}},{"type":"Feature","geometry":{"type":"Point","coordinates":[27.434191,42.473278]},"properties":{"lines":"8, 9, 17А, 81, Б1, Б2, Б9, Б11, Б12, Бо, Н, Т1","color":"#0059a9","mode":"bus","arr":["8","9","17А","81","Б1","Б2","Б9","Б11","Б12","Бо","Н","Т1"],"tLines":"Т1","ntLines":"8, 9, 17А, 81, Б1, Б2, Б9, Б11, Б12, Бо, Н","angle":-12.6,"extra":1,"ei":0}},{"type":"Feature","geometry":{"type":"Point","coordinates":[27.429119,42.472743]},"properties":{"lines":"8, 9, 17А, 81, Б1, Б2, Б9, Б11, Б12, Бо, Н, Т1","color":"#0059a9","mode":"bus","arr":["8","9","17А","81","Б1","Б2","Б9","Б11","Б12","Бо","Н","Т1"],"tLines":"Т1","ntLines":"8, 9, 17А, 81, Б1, Б2, Б9, Б11, Б12, Бо, Н","angle":-8,"extra":1,"ei":1}},{"type":"Feature","geometry":{"type":"Point","coordinates":[27.424073,42.469864]},"properties":{"lines":"9, 17А, Б1, Б2, Б9, Б11, Б12, Бо, Н, Т1","color":"#0059a9","mode":"bus","arr":["9","17А","Б1","Б2","Б9","Б11","Б12","Бо","Н","Т1"],"tLines":"Т1","ntLines":"9, 17А, Б1, Б2, Б9, Б11, Б12, Бо, Н","angle":-61.3}},{"type":"Feature","geometry":{"type":"Point","coordinates":[27.426757,42.472271]},"properties":{"lines":"9, 17А, Б1, Б2, Б9, Б11, Б12, Бо, Н, Т1","color":"#0059a9","mode":"bus","arr":["9","17А","Б1","Б2","Б9","Б11","Б12","Бо","Н","Т1"],"tLines":"Т1","ntLines":"9, 17А, Б1, Б2, Б9, Б11, Б12, Бо, Н","angle":-30.5,"extra":1,"ei":0}},{"type":"Feature","geometry":{"type":"Point","coordinates":[27.424908,42.470988]},"properties":{"lines":"9, 17А, Б1, Б2, Б9, Б11, Б12, Бо, Н, Т1","color":"#0059a9","mode":"bus","arr":["9","17А","Б1","Б2","Б9","Б11","Б12","Бо","Н","Т1"],"tLines":"Т1","ntLines":"9, 17А, Б1, Б2, Б9, Б11, Б12, Бо, Н","angle":-56.7,"extra":1,"ei":1}},{"type":"Feature","geometry":{"type":"Point","coordinates":[27.421879,42.468019]},"properties":{"lines":"9, 17А, Б1, Б2, Б9, Б11, Б12, Бо, Н, Т1","color":"#0059a9","mode":"bus","arr":["9","17А","Б1","Б2","Б9","Б11","Б12","Бо","Н","Т1"],"tLines":"Т1","ntLines":"9, 17А, Б1, Б2, Б9, Б11, Б12, Бо, Н","angle":-28.9,"extra":1,"ei":2}},{"type":"Feature","geometry":{"type":"Point","coordinates":[27.427139,42.472654]},"properties":{"lines":"8, 81","color":"#0059a9","mode":"bus","arr":["8","81"],"angle":4}},{"type":"Feature","geometry":{"type":"Point","coordinates":[27.386141,42.480959]},"properties":{"lines":"8, 81","color":"#0059a9","mode":"bus","arr":["8","81"],"angle":34.5}},{"type":"Feature","geometry":{"type":"Point","coordinates":[27.382994,42.480876]},"properties":{"lines":"8, 82","color":"#0059a9","mode":"bus","arr":["8","82"],"angle":-0.9,"mi":2}},{"type":"Feature","geometry":{"type":"Point","coordinates":[27.426477,42.472479]},"properties":{"lines":"8, 82","color":"#0059a9","mode":"bus","arr":["8","82"],"angle":54.7,"side":-1}},{"type":"Feature","geometry":{"type":"Point","coordinates":[27.380873,42.480848]},"properties":{"lines":"8, 82","color":"#0059a9","mode":"bus","arr":["8","82"],"angle":-1,"extra":1,"ei":0}},{"type":"Feature","geometry":{"type":"Point","coordinates":[27.385996,42.480895]},"properties":{"lines":"8, 82","color":"#0059a9","mode":"bus","arr":["8","82"],"angle":4.8,"extra":1,"ei":1,"side":-1}},{"type":"Feature","geometry":{"type":"Point","coordinates":[27.405343,42.476912]},"properties":{"lines":"8, 81, 82","color":"#0059a9","mode":"bus","arr":["8","81","82"],"angle":-14.8}},{"type":"Feature","geometry":{"type":"Point","coordinates":[27.387447,42.480338]},"properties":{"lines":"8, 81, 82","color":"#0059a9","mode":"bus","arr":["8","81","82"],"angle":47.2,"extra":1,"ei":0}},{"type":"Feature","geometry":{"type":"Point","coordinates":[27.388851,42.478761]},"properties":{"lines":"8, 81, 82","color":"#0059a9","mode":"bus","arr":["8","81","82"],"angle":57.9,"extra":1,"ei":1}},{"type":"Feature","geometry":{"type":"Point","coordinates":[27.390476,42.477333]},"properties":{"lines":"8, 81, 82","color":"#0059a9","mode":"bus","arr":["8","81","82"],"angle":32.4,"extra":1,"ei":2}},{"type":"Feature","geometry":{"type":"Point","coordinates":[27.392923,42.476808]},"properties":{"lines":"8, 81, 82","color":"#0059a9","mode":"bus","arr":["8","81","82"],"angle":12.7,"extra":1,"ei":3}},{"type":"Feature","geometry":{"type":"Point","coordinates":[27.395262,42.476113]},"properties":{"lines":"8, 81, 82","color":"#0059a9","mode":"bus","arr":["8","81","82"],"angle":42.4,"extra":1,"ei":4}},{"type":"Feature","geometry":{"type":"Point","coordinates":[27.397058,42.474766]},"properties":{"lines":"8, 81, 82","color":"#0059a9","mode":"bus","arr":["8","81","82"],"angle":41,"extra":1,"ei":5}},{"type":"Feature","geometry":{"type":"Point","coordinates":[27.399405,42.474798]},"properties":{"lines":"8, 81, 82","color":"#0059a9","mode":"bus","arr":["8","81","82"],"angle":-30.8,"extra":1,"ei":6}},{"type":"Feature","geometry":{"type":"Point","coordinates":[27.401593,42.475781]},"properties":{"lines":"8, 81, 82","color":"#0059a9","mode":"bus","arr":["8","81","82"],"angle":-31.4,"extra":1,"ei":7}},{"type":"Feature","geometry":{"type":"Point","coordinates":[27.408868,42.477415]},"properties":{"lines":"8, 81, 82","color":"#0059a9","mode":"bus","arr":["8","81","82"],"angle":-3.8,"extra":1,"ei":8}},{"type":"Feature","geometry":{"type":"Point","coordinates":[27.411425,42.477539]},"properties":{"lines":"8, 81, 82","color":"#0059a9","mode":"bus","arr":["8","81","82"],"angle":-3.8,"extra":1,"ei":9}},{"type":"Feature","geometry":{"type":"Point","coordinates":[27.41391,42.477322]},"properties":{"lines":"8, 81, 82","color":"#0059a9","mode":"bus","arr":["8","81","82"],"angle":32.3,"extra":1,"ei":10}},{"type":"Feature","geometry":{"type":"Point","coordinates":[27.415701,42.475979]},"properties":{"lines":"8, 81, 82","color":"#0059a9","mode":"bus","arr":["8","81","82"],"angle":47.9,"extra":1,"ei":11}},{"type":"Feature","geometry":{"type":"Point","coordinates":[27.417399,42.474565]},"properties":{"lines":"8, 81, 82","color":"#0059a9","mode":"bus","arr":["8","81","82"],"angle":48.6,"extra":1,"ei":12}},{"type":"Feature","geometry":{"type":"Point","coordinates":[27.419356,42.473401]},"properties":{"lines":"8, 81, 82","color":"#0059a9","mode":"bus","arr":["8","81","82"],"angle":17.5,"extra":1,"ei":13}},{"type":"Feature","geometry":{"type":"Point","coordinates":[27.421898,42.473253]},"properties":{"lines":"8, 81, 82","color":"#0059a9","mode":"bus","arr":["8","81","82"],"angle":0.2,"extra":1,"ei":14}},{"type":"Feature","geometry":{"type":"Point","coordinates":[27.424438,42.473105]},"properties":{"lines":"8, 81, 82","color":"#0059a9","mode":"bus","arr":["8","81","82"],"angle":15.5,"extra":1,"ei":15}},{"type":"Feature","geometry":{"type":"Point","coordinates":[27.382751,42.48329]},"properties":{"lines":"8, 81","color":"#0059a9","mode":"bus","arr":["8","81"],"angle":42,"mi":1}},{"type":"Feature","geometry":{"type":"Point","coordinates":[27.385118,42.481811]},"properties":{"lines":"8, 81","color":"#0059a9","mode":"bus","arr":["8","81"],"angle":40.8,"extra":1,"ei":0}},{"type":"Feature","geometry":{"type":"Point","coordinates":[27.381243,42.484282]},"properties":{"lines":"8, 81","color":"#0059a9","mode":"bus","arr":["8","81"],"angle":41.7,"extra":1,"ei":1}},{"type":"Feature","geometry":{"type":"Point","coordinates":[27.377606,42.484898]},"properties":{"lines":"8, 82","color":"#0059a9","mode":"bus","arr":["8","82"],"angle":88.3,"mi":1}},{"type":"Feature","geometry":{"type":"Point","coordinates":[27.378485,42.481998]},"properties":{"lines":"8, 82","color":"#0059a9","mode":"bus","arr":["8","82"],"angle":47.8}},{"type":"Feature","geometry":{"type":"Point","coordinates":[27.377065,42.482899]},"properties":{"lines":"8, 82","color":"#0059a9","mode":"bus","arr":["8","82"],"angle":38.4,"extra":1,"ei":0}},{"type":"Feature","geometry":{"type":"Point","coordinates":[27.431017,42.472634]},"properties":{"lines":"8, 9, 17А, 82, 92, Б1, Б2, Б11, Б12, Бо, Н, Т1","color":"#0059a9","mode":"bus","arr":["8","9","17А","82","92","Б1","Б2","Б11","Б12","Бо","Н","Т1"],"tLines":"Т1","ntLines":"8, 9, 17А, 82, 92, Б1, Б2, Б11, Б12, Бо, Н","angle":-13.9}},{"type":"Feature","geometry":{"type":"Point","coordinates":[27.427929,42.472496]},"properties":{"lines":"8, 9, 17А, 82, 92, Б1, Б2, Б11, Б12, Бо, Н, Т1","color":"#0059a9","mode":"bus","arr":["8","9","17А","82","92","Б1","Б2","Б11","Б12","Бо","Н","Т1"],"tLines":"Т1","ntLines":"8, 9, 17А, 82, 92, Б1, Б2, Б11, Б12, Бо, Н","angle":-12.6,"extra":1,"ei":0,"side":-1}},{"type":"Feature","geometry":{"type":"Point","coordinates":[27.432981,42.472972]},"properties":{"lines":"8, 9, 17А, 82, 92, Б1, Б2, Б11, Б12, Бо, Н, Т1","color":"#0059a9","mode":"bus","arr":["8","9","17А","82","92","Б1","Б2","Б11","Б12","Бо","Н","Т1"],"tLines":"Т1","ntLines":"8, 9, 17А, 82, 92, Б1, Б2, Б11, Б12, Бо, Н","angle":-11.5,"extra":1,"ei":1,"side":-1}},{"type":"Feature","geometry":{"type":"Point","coordinates":[27.436473,42.474204]},"properties":{"lines":"8, 17, 82, Б11, Б12, Т1","color":"#0059a9","mode":"bus","arr":["8","17","82","Б11","Б12","Т1"],"tLines":"Т1","ntLines":"8, 17, 82, Б11, Б12","angle":-62,"side":-1}},{"type":"Feature","geometry":{"type":"Point","coordinates":[27.474329,42.491314]},"properties":{"lines":"8, 11, 17, 81, 82, Б1, Б2, Б11, Б12, Н","color":"#0059a9","mode":"bus","arr":["8","11","17","81","82","Б1","Б2","Б11","Б12","Н"],"angle":-3.4}},{"type":"Feature","geometry":{"type":"Point","coordinates":[27.48068,42.502428]},"properties":{"lines":"8, 12, 82","color":"#0059a9","mode":"bus","arr":["8","12","82"],"angle":-83.4}},{"type":"Feature","geometry":{"type":"Point","coordinates":[27.48023,42.499574]},"properties":{"lines":"8, 12, 82","color":"#0059a9","mode":"bus","arr":["8","12","82"],"angle":-83.2,"extra":1,"ei":0}},{"type":"Feature","geometry":{"type":"Point","coordinates":[27.480905,42.505213]},"properties":{"lines":"8, 12, 82","color":"#0059a9","mode":"bus","arr":["8","12","82"],"angle":87.8,"extra":1,"ei":1}},{"type":"Feature","geometry":{"type":"Point","coordinates":[27.477297,42.505621]},"properties":{"lines":"8, 11, 82","color":"#0059a9","mode":"bus","arr":["8","11","82"],"angle":-61}},{"type":"Feature","geometry":{"type":"Point","coordinates":[27.479393,42.506138]},"properties":{"lines":"8, 11, 82","color":"#0059a9","mode":"bus","arr":["8","11","82"],"angle":-5.3,"extra":1,"ei":0}},{"type":"Feature","geometry":{"type":"Point","coordinates":[27.475425,42.50415]},"properties":{"lines":"8, 11, 82","color":"#0059a9","mode":"bus","arr":["8","11","82"],"angle":-50.9,"extra":1,"ei":1}},{"type":"Feature","geometry":{"type":"Point","coordinates":[27.41806,42.452002]},"properties":{"lines":"9, 9А, 9Б, 17А, 92, Б1, Б2, Н","color":"#0059a9","mode":"bus","arr":["9","9А","9Б","17А","92","Б1","Б2","Н"],"angle":-39.5}},{"type":"Feature","geometry":{"type":"Point","coordinates":[27.418144,42.451503]},"properties":{"lines":"9, 9А, 9Б, 17А, 92, Б1, Б2, Б11, Н, Т1","color":"#0059a9","mode":"bus","arr":["9","9А","9Б","17А","92","Б1","Б2","Б11","Н","Т1"],"tLines":"Т1","ntLines":"9, 9А, 9Б, 17А, 92, Б1, Б2, Б11, Н","angle":67.5}},{"type":"Feature","geometry":{"type":"Point","coordinates":[27.4079,42.456674]},"properties":{"lines":"9, 17А, 92, Б9, Б11, Бо, Н, Т1","color":"#0059a9","mode":"bus","arr":["9","17А","92","Б9","Б11","Бо","Н","Т1"],"tLines":"Т1","ntLines":"9, 17А, 92, Б9, Б11, Бо, Н","angle":37}},{"type":"Feature","geometry":{"type":"Point","coordinates":[27.413714,42.451473]},"properties":{"lines":"9, 9А, 9Б, 17А, 92, Б9, Б11, Бо, Н, Т1","color":"#0059a9","mode":"bus","arr":["9","9А","9Б","17А","92","Б9","Б11","Бо","Н","Т1"],"tLines":"Т1","ntLines":"9, 9А, 9Б, 17А, 92, Б9, Б11, Бо, Н","angle":87.9}},{"type":"Feature","geometry":{"type":"Point","coordinates":[27.411309,42.45477]},"properties":{"lines":"9, 9А, 9Б, 17А, 92, Б9, Б11, Бо, Н, Т1","color":"#0059a9","mode":"bus","arr":["9","9А","9Б","17А","92","Б9","Б11","Бо","Н","Т1"],"tLines":"Т1","ntLines":"9, 9А, 9Б, 17А, 92, Б9, Б11, Бо, Н","angle":42.2,"extra":1,"ei":0}},{"type":"Feature","geometry":{"type":"Point","coordinates":[27.412805,42.453253]},"properties":{"lines":"9, 9А, 9Б, 17А, 92, Б9, Б11, Бо, Н, Т1","color":"#0059a9","mode":"bus","arr":["9","9А","9Б","17А","92","Б9","Б11","Бо","Н","Т1"],"tLines":"Т1","ntLines":"9, 9А, 9Б, 17А, 92, Б9, Б11, Бо, Н","angle":60.4,"extra":1,"ei":1}},{"type":"Feature","geometry":{"type":"Point","coordinates":[27.414695,42.450089]},"properties":{"lines":"9, 9А, 9Б, 17А, 92, Б9, Б11, Бо, Н, Т1","color":"#0059a9","mode":"bus","arr":["9","9А","9Б","17А","92","Б9","Б11","Бо","Н","Т1"],"tLines":"Т1","ntLines":"9, 9А, 9Б, 17А, 92, Б9, Б11, Бо, Н","angle":-3.2,"extra":1,"ei":2}},{"type":"Feature","geometry":{"type":"Point","coordinates":[27.417113,42.450702]},"properties":{"lines":"9, 9А, 9Б, 17А, 92, Б9, Б11, Бо, Н, Т1","color":"#0059a9","mode":"bus","arr":["9","9А","9Б","17А","92","Б9","Б11","Бо","Н","Т1"],"tLines":"Т1","ntLines":"9, 9А, 9Б, 17А, 92, Б9, Б11, Бо, Н","angle":-23,"extra":1,"ei":3}},{"type":"Feature","geometry":{"type":"Point","coordinates":[27.418915,42.45159]},"properties":{"lines":"Б1, Б2, Б9, Б11, Б12, Бо, Н, Т1","color":"#0059a9","mode":"bus","arr":["Б1","Б2","Б9","Б11","Б12","Бо","Н","Т1"],"tLines":"Т1","ntLines":"Б1, Б2, Б9, Б11, Б12, Бо, Н","angle":-54.3}},{"type":"Feature","geometry":{"type":"Point","coordinates":[27.402174,42.454922]},"properties":{"lines":"9А, 9Б","color":"#0059a9","mode":"bus","arr":["9А","9Б"],"angle":-48.8,"mi":3}},{"type":"Feature","geometry":{"type":"Point","coordinates":[27.404415,42.456806]},"properties":{"lines":"9, 9А, 9Б, 92","color":"#0059a9","mode":"bus","arr":["9","9А","9Б","92"],"angle":-51.2}},{"type":"Feature","geometry":{"type":"Point","coordinates":[27.407331,42.459516]},"properties":{"lines":"9, 9А, 9Б, 17А, Б9, Б11, Бо, Н, Т1","color":"#0059a9","mode":"bus","arr":["9","9А","9Б","17А","Б9","Б11","Бо","Н","Т1"],"tLines":"Т1","ntLines":"9, 9А, 9Б, 17А, Б9, Б11, Бо, Н","angle":-52.5}},{"type":"Feature","geometry":{"type":"Point","coordinates":[27.402678,42.456137]},"properties":{"lines":"9, 92","color":"#0059a9","mode":"bus","arr":["9","92"],"angle":57.7,"mi":4}},{"type":"Feature","geometry":{"type":"Point","coordinates":[27.40096,42.459043]},"properties":{"lines":"9, 92","color":"#0059a9","mode":"bus","arr":["9","92"],"angle":74.5,"mi":1}},{"type":"Feature","geometry":{"type":"Point","coordinates":[27.401559,42.457378]},"properties":{"lines":"9","color":"#0059a9","mode":"bus","arr":["9"],"angle":60.1,"mi":2}},{"type":"Feature","geometry":{"type":"Point","coordinates":[27.402739,42.458648]},"properties":{"lines":"9","color":"#0059a9","mode":"bus","arr":["9"],"angle":-29.2}},{"type":"Feature","geometry":{"type":"Point","coordinates":[27.401249,42.458408]},"properties":{"lines":"9, 92","color":"#0059a9","mode":"bus","arr":["9","92"],"angle":71.9,"mi":2}},{"type":"Feature","geometry":{"type":"Point","coordinates":[27.404307,42.462017]},"properties":{"lines":"9, 92","color":"#0059a9","mode":"bus","arr":["9","92"],"angle":-45,"mi":3}},{"type":"Feature","geometry":{"type":"Point","coordinates":[27.401829,42.459821]},"properties":{"lines":"9, 92","color":"#0059a9","mode":"bus","arr":["9","92"],"angle":-28.1}},{"type":"Feature","geometry":{"type":"Point","coordinates":[27.407379,42.462585]},"properties":{"lines":"9, 92","color":"#0059a9","mode":"bus","arr":["9","92"],"angle":49.4,"mi":5}},{"type":"Feature","geometry":{"type":"Point","coordinates":[27.409775,42.461645]},"properties":{"lines":"9, 9А, 9Б, 17А, 92, Б9, Б11, Бо, Н, Т1","color":"#0059a9","mode":"bus","arr":["9","9А","9Б","17А","92","Б9","Б11","Бо","Н","Т1"],"tLines":"Т1","ntLines":"9, 9А, 9Б, 17А, 92, Б9, Б11, Бо, Н","angle":-47.1}},{"type":"Feature","geometry":{"type":"Point","coordinates":[27.411613,42.463034]},"properties":{"lines":"9, 9А, 9Б, 17А, 92, Б9, Б11, Бо, Т1","color":"#0059a9","mode":"bus","arr":["9","9А","9Б","17А","92","Б9","Б11","Бо","Т1"],"tLines":"Т1","ntLines":"9, 9А, 9Б, 17А, 92, Б9, Б11, Бо","angle":-50.2,"side":-1}},{"type":"Feature","geometry":{"type":"Point","coordinates":[27.413106,42.464087]},"properties":{"lines":"9, 17А, 92","color":"#0059a9","mode":"bus","arr":["9","17А","92"],"angle":4.4,"side":-1}},{"type":"Feature","geometry":{"type":"Point","coordinates":[27.413278,42.464178]},"properties":{"lines":"Б1, Б2","color":"#0059a9","mode":"bus","arr":["Б1","Б2"],"angle":60.7}},{"type":"Feature","geometry":{"type":"Point","coordinates":[27.414475,42.460435]},"properties":{"lines":"9, 17А, 92, Б1, Б2","color":"#0059a9","mode":"bus","arr":["9","17А","92","Б1","Б2"],"angle":58.7,"side":-1}},{"type":"Feature","geometry":{"type":"Point","coordinates":[27.413523,42.462969]},"properties":{"lines":"9, 17А, 92, Б1, Б2","color":"#0059a9","mode":"bus","arr":["9","17А","92","Б1","Б2"],"angle":88.1,"extra":1,"ei":0,"side":-1}},{"type":"Feature","geometry":{"type":"Point","coordinates":[27.416425,42.457844]},"properties":{"lines":"9, 17А, 92, Б1, Б2","color":"#0059a9","mode":"bus","arr":["9","17А","92","Б1","Б2"],"angle":61.2,"extra":1,"ei":1,"side":-1}},{"type":"Feature","geometry":{"type":"Point","coordinates":[27.418206,42.457666]},"properties":{"lines":"9, 17А, 92, Б12, Бо","color":"#0059a9","mode":"bus","arr":["9","17А","92","Б12","Бо"],"angle":-36.9,"side":-1,"mi":1}},{"type":"Feature","geometry":{"type":"Point","coordinates":[27.418912,42.458564]},"properties":{"lines":"9, 17А, 92, Б9, Б12, Бо","color":"#0059a9","mode":"bus","arr":["9","17А","92","Б9","Б12","Бо"],"angle":56.3}},{"type":"Feature","geometry":{"type":"Point","coordinates":[27.419356,42.460206]},"properties":{"lines":"9, 17А, 92, Б12, Бо","color":"#0059a9","mode":"bus","arr":["9","17А","92","Б12","Бо"],"angle":69.5}},{"type":"Feature","geometry":{"type":"Point","coordinates":[27.418954,42.46387]},"properties":{"lines":"9, 9А, 9Б, 17А, 92, Б9, Б12, Бо","color":"#0059a9","mode":"bus","arr":["9","9А","9Б","17А","92","Б9","Б12","Бо"],"angle":-76}},{"type":"Feature","geometry":{"type":"Point","coordinates":[27.418856,42.462546]},"properties":{"lines":"9, 9А, 9Б, 17А, 92, Б9, Б12, Бо","color":"#0059a9","mode":"bus","arr":["9","9А","9Б","17А","92","Б9","Б12","Бо"],"angle":-67.4,"extra":1,"ei":0}},{"type":"Feature","geometry":{"type":"Point","coordinates":[27.420105,42.466461]},"properties":{"lines":"9, 9А, 9Б, 17А, 92, Б9, Б12, Бо","color":"#0059a9","mode":"bus","arr":["9","9А","9Б","17А","92","Б9","Б12","Бо"],"angle":71.4,"mi":1}},{"type":"Feature","geometry":{"type":"Point","coordinates":[27.420053,42.467335]},"properties":{"lines":"9, 17А, 92, Б12, Бо","color":"#0059a9","mode":"bus","arr":["9","17А","92","Б12","Бо"],"angle":-54.1,"side":-1,"mi":2}},{"type":"Feature","geometry":{"type":"Point","coordinates":[27.423923,42.469464]},"properties":{"lines":"9, 17А, 92, Б1, Б2, Б11, Б12, Бо, Н, Т1","color":"#0059a9","mode":"bus","arr":["9","17А","92","Б1","Б2","Б11","Б12","Бо","Н","Т1"],"tLines":"Т1","ntLines":"9, 17А, 92, Б1, Б2, Б11, Б12, Бо, Н","angle":-60.2,"side":-1}},{"type":"Feature","geometry":{"type":"Point","coordinates":[27.421495,42.467776]},"properties":{"lines":"9, 17А, 92, Б1, Б2, Б11, Б12, Бо, Н, Т1","color":"#0059a9","mode":"bus","arr":["9","17А","92","Б1","Б2","Б11","Б12","Бо","Н","Т1"],"tLines":"Т1","ntLines":"9, 17А, 92, Б1, Б2, Б11, Б12, Бо, Н","angle":-22.5,"extra":1,"ei":0,"side":-1}},{"type":"Feature","geometry":{"type":"Point","coordinates":[27.424742,42.470578]},"properties":{"lines":"9, 17А, 92, Б1, Б2, Б11, Б12, Бо, Н, Т1","color":"#0059a9","mode":"bus","arr":["9","17А","92","Б1","Б2","Б11","Б12","Бо","Н","Т1"],"tLines":"Т1","ntLines":"9, 17А, 92, Б1, Б2, Б11, Б12, Бо, Н","angle":-61.8,"extra":1,"ei":1,"side":-1}},{"type":"Feature","geometry":{"type":"Point","coordinates":[27.426398,42.471993]},"properties":{"lines":"9, 17А, 92, Б1, Б2, Б11, Б12, Бо, Н, Т1","color":"#0059a9","mode":"bus","arr":["9","17А","92","Б1","Б2","Б11","Б12","Бо","Н","Т1"],"tLines":"Т1","ntLines":"9, 17А, 92, Б1, Б2, Б11, Б12, Бо, Н","angle":-35.3,"extra":1,"ei":2,"side":-1}},{"type":"Feature","geometry":{"type":"Point","coordinates":[27.440549,42.484556]},"properties":{"lines":"9, 92, Б1, Б2, Бо, Н","color":"#0059a9","mode":"bus","arr":["9","92","Б1","Б2","Бо","Н"],"angle":-51.2,"side":-1}},{"type":"Feature","geometry":{"type":"Point","coordinates":[27.435743,42.475346]},"properties":{"lines":"9, 92, Б1, Б2, Бо, Н","color":"#0059a9","mode":"bus","arr":["9","92","Б1","Б2","Бо","Н"],"angle":88.6,"extra":1,"ei":0}},{"type":"Feature","geometry":{"type":"Point","coordinates":[27.435848,42.477232]},"properties":{"lines":"9, 92, Б1, Б2, Бо, Н","color":"#0059a9","mode":"bus","arr":["9","92","Б1","Б2","Бо","Н"],"angle":-84.7,"extra":1,"ei":1,"side":-1}},{"type":"Feature","geometry":{"type":"Point","coordinates":[27.436289,42.479082]},"properties":{"lines":"9, 92, Б1, Б2, Бо, Н","color":"#0059a9","mode":"bus","arr":["9","92","Б1","Б2","Бо","Н"],"angle":-73.1,"extra":1,"ei":2,"side":-1}},{"type":"Feature","geometry":{"type":"Point","coordinates":[27.437224,42.480838]},"properties":{"lines":"9, 92, Б1, Б2, Бо, Н","color":"#0059a9","mode":"bus","arr":["9","92","Б1","Б2","Бо","Н"],"angle":-63.5,"extra":1,"ei":3,"side":-1}},{"type":"Feature","geometry":{"type":"Point","coordinates":[27.438505,42.482471]},"properties":{"lines":"9, 92, Б1, Б2, Бо, Н","color":"#0059a9","mode":"bus","arr":["9","92","Б1","Б2","Бо","Н"],"angle":-56,"extra":1,"ei":4,"side":-1}},{"type":"Feature","geometry":{"type":"Point","coordinates":[27.441581,42.485489]},"properties":{"lines":"9, 92, Б1, Б2, Бо, Н","color":"#0059a9","mode":"bus","arr":["9","92","Б1","Б2","Бо","Н"],"angle":-50.8,"extra":1,"ei":5,"side":-1}},{"type":"Feature","geometry":{"type":"Point","coordinates":[27.443207,42.486949]},"properties":{"lines":"9, 92, Б1, Б2, Бо, Н","color":"#0059a9","mode":"bus","arr":["9","92","Б1","Б2","Бо","Н"],"angle":-50.6,"extra":1,"ei":6,"side":-1}},{"type":"Feature","geometry":{"type":"Point","coordinates":[27.444844,42.488401]},"properties":{"lines":"9, 92, Б1, Б2, Бо, Н","color":"#0059a9","mode":"bus","arr":["9","92","Б1","Б2","Бо","Н"],"angle":-49.8,"extra":1,"ei":7,"side":-1}},{"type":"Feature","geometry":{"type":"Point","coordinates":[27.446499,42.489843]},"properties":{"lines":"9, 92, Б1, Б2, Бо, Н","color":"#0059a9","mode":"bus","arr":["9","92","Б1","Б2","Бо","Н"],"angle":-50.9,"extra":1,"ei":8,"side":-1}},{"type":"Feature","geometry":{"type":"Point","coordinates":[27.44807,42.491334]},"properties":{"lines":"9, 92, Б1, Б2, Бо, Н","color":"#0059a9","mode":"bus","arr":["9","92","Б1","Б2","Бо","Н"],"angle":-49.8,"extra":1,"ei":9,"side":-1}},{"type":"Feature","geometry":{"type":"Point","coordinates":[27.449721,42.492778]},"properties":{"lines":"9, 92, Б1, Б2, Бо, Н","color":"#0059a9","mode":"bus","arr":["9","92","Б1","Б2","Бо","Н"],"angle":-50,"extra":1,"ei":10,"side":-1}},{"type":"Feature","geometry":{"type":"Point","coordinates":[27.450254,42.493256]},"properties":{"lines":"9, Бо","color":"#0059a9","mode":"bus","arr":["9","Бо"],"angle":-51.8}},{"type":"Feature","geometry":{"type":"Point","coordinates":[27.45062,42.493279]},"properties":{"lines":"9, Б1, Б2, Н","color":"#0059a9","mode":"bus","arr":["9","Б1","Б2","Н"],"angle":37.2,"mi":1}},{"type":"Feature","geometry":{"type":"Point","coordinates":[27.452417,42.492086]},"properties":{"lines":"9, 92, Б1, Б2, Н","color":"#0059a9","mode":"bus","arr":["9","92","Б1","Б2","Н"],"angle":43}},{"type":"Feature","geometry":{"type":"Point","coordinates":[27.453653,42.491237]},"properties":{"lines":"9, 92, Б1, Б2, Н","color":"#0059a9","mode":"bus","arr":["9","92","Б1","Б2","Н"],"angle":42.7,"extra":1,"ei":0}},{"type":"Feature","geometry":{"type":"Point","coordinates":[27.454452,42.490646]},"properties":{"lines":"9, 92, Н","color":"#0059a9","mode":"bus","arr":["9","92","Н"],"angle":42.8,"side":-1}},{"type":"Feature","geometry":{"type":"Point","coordinates":[27.471368,42.492386]},"properties":{"lines":"9, 92, Б1, Б2, Н, Т1","color":"#0059a9","mode":"bus","arr":["9","92","Б1","Б2","Н","Т1"],"tLines":"Т1","ntLines":"9, 92, Б1, Б2, Н","angle":70.5,"mi":1}},{"type":"Feature","geometry":{"type":"Point","coordinates":[27.468816,42.497854]},"properties":{"lines":"9, 92, Б1, Б2, Н, Т1","color":"#0059a9","mode":"bus","arr":["9","92","Б1","Б2","Н","Т1"],"tLines":"Т1","ntLines":"9, 92, Б1, Б2, Н","angle":75.2}},{"type":"Feature","geometry":{"type":"Point","coordinates":[27.470254,42.494305]},"properties":{"lines":"9, 92, Б1, Б2, Н, Т1","color":"#0059a9","mode":"bus","arr":["9","92","Б1","Б2","Н","Т1"],"tLines":"Т1","ntLines":"9, 92, Б1, Б2, Н","angle":71.9,"extra":1,"ei":0}},{"type":"Feature","geometry":{"type":"Point","coordinates":[27.469467,42.496102]},"properties":{"lines":"9, 92, Б1, Б2, Н, Т1","color":"#0059a9","mode":"bus","arr":["9","92","Б1","Б2","Н","Т1"],"tLines":"Т1","ntLines":"9, 92, Б1, Б2, Н","angle":73.3,"extra":1,"ei":1}},{"type":"Feature","geometry":{"type":"Point","coordinates":[27.468145,42.499751]},"properties":{"lines":"9, 92, Б1, Б2, Н, Т1","color":"#0059a9","mode":"bus","arr":["9","92","Б1","Б2","Н","Т1"],"tLines":"Т1","ntLines":"9, 92, Б1, Б2, Н","angle":75.4,"extra":1,"ei":2}},{"type":"Feature","geometry":{"type":"Point","coordinates":[27.467583,42.501586]},"properties":{"lines":"9, 92, Б1, Б2, Н, Т1","color":"#0059a9","mode":"bus","arr":["9","92","Б1","Б2","Н","Т1"],"tLines":"Т1","ntLines":"9, 92, Б1, Б2, Н","angle":80.9,"extra":1,"ei":3}},{"type":"Feature","geometry":{"type":"Point","coordinates":[27.450453,42.493207]},"properties":{"lines":"9, 92, Б1, Б2, Н","color":"#0059a9","mode":"bus","arr":["9","92","Б1","Б2","Н"],"angle":-6.6,"side":-1,"mi":1}},{"type":"Feature","geometry":{"type":"Point","coordinates":[27.467419,42.501764]},"properties":{"lines":"9, Б1, Б2, Н","color":"#0059a9","mode":"bus","arr":["9","Б1","Б2","Н"],"angle":75.2,"side":-1}},{"type":"Feature","geometry":{"type":"Point","coordinates":[27.458496,42.491094]},"properties":{"lines":"9, 17, 81, Б1, Б2, Б11, Б12, Н, Т1","color":"#0059a9","mode":"bus","arr":["9","17","81","Б1","Б2","Б11","Б12","Н","Т1"],"tLines":"Т1","ntLines":"9, 17, 81, Б1, Б2, Б11, Б12, Н","angle":-15.3}},{"type":"Feature","geometry":{"type":"Point","coordinates":[27.455114,42.490615]},"properties":{"lines":"9, Б1, Б2, Н","color":"#0059a9","mode":"bus","arr":["9","Б1","Б2","Н"],"angle":8.1}},{"type":"Feature","geometry":{"type":"Point","coordinates":[27.440457,42.484644]},"properties":{"lines":"9, Б1, Б2, Б9, Бо, Н","color":"#0059a9","mode":"bus","arr":["9","Б1","Б2","Б9","Бо","Н"],"angle":-51.4}},{"type":"Feature","geometry":{"type":"Point","coordinates":[27.449475,42.492757]},"properties":{"lines":"9, Б1, Б2, Б9, Бо, Н","color":"#0059a9","mode":"bus","arr":["9","Б1","Б2","Б9","Бо","Н"],"angle":-50.4,"extra":1,"ei":0}},{"type":"Feature","geometry":{"type":"Point","coordinates":[27.447842,42.491302]},"properties":{"lines":"9, Б1, Б2, Б9, Бо, Н","color":"#0059a9","mode":"bus","arr":["9","Б1","Б2","Б9","Бо","Н"],"angle":-50.4,"extra":1,"ei":1}},{"type":"Feature","geometry":{"type":"Point","coordinates":[27.446213,42.489845]},"properties":{"lines":"9, Б1, Б2, Б9, Бо, Н","color":"#0059a9","mode":"bus","arr":["9","Б1","Б2","Б9","Бо","Н"],"angle":-50.6,"extra":1,"ei":2}},{"type":"Feature","geometry":{"type":"Point","coordinates":[27.444586,42.488386]},"properties":{"lines":"9, Б1, Б2, Б9, Бо, Н","color":"#0059a9","mode":"bus","arr":["9","Б1","Б2","Б9","Бо","Н"],"angle":-50.6,"extra":1,"ei":3}},{"type":"Feature","geometry":{"type":"Point","coordinates":[27.442967,42.486922]},"properties":{"lines":"9, Б1, Б2, Б9, Бо, Н","color":"#0059a9","mode":"bus","arr":["9","Б1","Б2","Б9","Бо","Н"],"angle":-51.1,"extra":1,"ei":4}},{"type":"Feature","geometry":{"type":"Point","coordinates":[27.438265,42.482443]},"properties":{"lines":"9, Б1, Б2, Б9, Бо, Н","color":"#0059a9","mode":"bus","arr":["9","Б1","Б2","Б9","Бо","Н"],"angle":-57,"extra":1,"ei":5}},{"type":"Feature","geometry":{"type":"Point","coordinates":[27.437025,42.480793]},"properties":{"lines":"9, Б1, Б2, Б9, Бо, Н","color":"#0059a9","mode":"bus","arr":["9","Б1","Б2","Б9","Бо","Н"],"angle":-64.7,"extra":1,"ei":6}},{"type":"Feature","geometry":{"type":"Point","coordinates":[27.436109,42.479031]},"properties":{"lines":"9, Б1, Б2, Б9, Бо, Н","color":"#0059a9","mode":"bus","arr":["9","Б1","Б2","Б9","Бо","Н"],"angle":-73.2,"extra":1,"ei":7}},{"type":"Feature","geometry":{"type":"Point","coordinates":[27.435477,42.477202]},"properties":{"lines":"9, Б1, Б2, Б9, Бо, Н","color":"#0059a9","mode":"bus","arr":["9","Б1","Б2","Б9","Бо","Н"],"angle":-79.6,"extra":1,"ei":8}},{"type":"Feature","geometry":{"type":"Point","coordinates":[27.43527,42.475321]},"properties":{"lines":"9, Б1, Б2, Б9, Бо, Н","color":"#0059a9","mode":"bus","arr":["9","Б1","Б2","Б9","Бо","Н"],"angle":-86.4,"extra":1,"ei":9}},{"type":"Feature","geometry":{"type":"Point","coordinates":[27.419852,42.467347]},"properties":{"lines":"9, 9А, 9Б, 17А, Б9, Б12, Бо","color":"#0059a9","mode":"bus","arr":["9","9А","9Б","17А","Б9","Б12","Бо"],"angle":77.6}},{"type":"Feature","geometry":{"type":"Point","coordinates":[27.415782,42.460389]},"properties":{"lines":"9А, 9Б","color":"#0059a9","mode":"bus","arr":["9А","9Б"],"angle":-68.3,"mi":4}},{"type":"Feature","geometry":{"type":"Point","coordinates":[27.417633,42.461328]},"properties":{"lines":"9, 9А, 9Б, 17А, Б9","color":"#0059a9","mode":"bus","arr":["9","9А","9Б","17А","Б9"],"angle":-30.2}},{"type":"Feature","geometry":{"type":"Point","coordinates":[27.417821,42.459923]},"properties":{"lines":"9, 17А, Б9","color":"#0059a9","mode":"bus","arr":["9","17А","Б9"],"angle":58.3}},{"type":"Feature","geometry":{"type":"Point","coordinates":[27.418111,42.457765]},"properties":{"lines":"9, 17А, Б9, Б12, Бо","color":"#0059a9","mode":"bus","arr":["9","17А","Б9","Б12","Бо"],"angle":-36.5}},{"type":"Feature","geometry":{"type":"Point","coordinates":[27.414423,42.460711]},"properties":{"lines":"9, 17А, Б1, Б2, Н","color":"#0059a9","mode":"bus","arr":["9","17А","Б1","Б2","Н"],"angle":58.4}},{"type":"Feature","geometry":{"type":"Point","coordinates":[27.416386,42.458134]},"properties":{"lines":"9, 17А, Б1, Б2, Н","color":"#0059a9","mode":"bus","arr":["9","17А","Б1","Б2","Н"],"angle":60.2,"extra":1,"ei":0}},{"type":"Feature","geometry":{"type":"Point","coordinates":[27.413648,42.46329]},"properties":{"lines":"9, 17А, Б1, Б2, Н","color":"#0059a9","mode":"bus","arr":["9","17А","Б1","Б2","Н"],"angle":87.4,"extra":1,"ei":1}},{"type":"Feature","geometry":{"type":"Point","coordinates":[27.411721,42.46331]},"properties":{"lines":"9, 9А, 9Б, 17А, Б11, Бо, Н, Т1","color":"#0059a9","mode":"bus","arr":["9","9А","9Б","17А","Б11","Бо","Н","Т1"],"tLines":"Т1","ntLines":"9, 9А, 9Б, 17А, Б11, Бо, Н","angle":-48.6}},{"type":"Feature","geometry":{"type":"Point","coordinates":[27.41051,42.462298]},"properties":{"lines":"9, 9А, 9Б, 17А, Б11, Бо, Н, Т1","color":"#0059a9","mode":"bus","arr":["9","9А","9Б","17А","Б11","Бо","Н","Т1"],"tLines":"Т1","ntLines":"9, 9А, 9Б, 17А, Б11, Бо, Н","angle":-55,"extra":1,"ei":0}},{"type":"Feature","geometry":{"type":"Point","coordinates":[27.404557,42.4584]},"properties":{"lines":"9","color":"#0059a9","mode":"bus","arr":["9"],"angle":34,"mi":1}},{"type":"Feature","geometry":{"type":"Point","coordinates":[27.416468,42.466842]},"properties":{"lines":"9А, 9Б, Б1, Б2, Б11, Н, Т1","color":"#0059a9","mode":"bus","arr":["9А","9Б","Б1","Б2","Б11","Н","Т1"],"tLines":"Т1","ntLines":"9А, 9Б, Б1, Б2, Б11, Н","angle":-27.3}},{"type":"Feature","geometry":{"type":"Point","coordinates":[27.414746,42.465863]},"properties":{"lines":"9А, 9Б, Б1, Б2, Б11, Н, Т1","color":"#0059a9","mode":"bus","arr":["9А","9Б","Б1","Б2","Б11","Н","Т1"],"tLines":"Т1","ntLines":"9А, 9Б, Б1, Б2, Б11, Н","angle":-47.3,"extra":1,"ei":0}},{"type":"Feature","geometry":{"type":"Point","coordinates":[27.41927,42.467471]},"properties":{"lines":"9А, 9Б, Б1, Б2, Б11, Н, Т1","color":"#0059a9","mode":"bus","arr":["9А","9Б","Б1","Б2","Б11","Н","Т1"],"tLines":"Т1","ntLines":"9А, 9Б, Б1, Б2, Б11, Н","angle":-13.5,"extra":1,"ei":1}},{"type":"Feature","geometry":{"type":"Point","coordinates":[27.413562,42.464859]},"properties":{"lines":"9А, 9Б, Б1, Б2, Б11, Бо, Н, Т1","color":"#0059a9","mode":"bus","arr":["9А","9Б","Б1","Б2","Б11","Бо","Н","Т1"],"tLines":"Т1","ntLines":"9А, 9Б, Б1, Б2, Б11, Бо, Н","angle":-50.2}},{"type":"Feature","geometry":{"type":"Point","coordinates":[27.411778,42.456896]},"properties":{"lines":"9А, 9Б","color":"#0059a9","mode":"bus","arr":["9А","9Б"],"angle":-51.5}},{"type":"Feature","geometry":{"type":"Point","coordinates":[27.414432,42.458892]},"properties":{"lines":"9А, 9Б","color":"#0059a9","mode":"bus","arr":["9А","9Б"],"angle":-43,"mi":2}},{"type":"Feature","geometry":{"type":"Point","coordinates":[27.413754,42.458049]},"properties":{"lines":"9А, 9Б","color":"#0059a9","mode":"bus","arr":["9А","9Б"],"angle":60.1,"mi":1}},{"type":"Feature","geometry":{"type":"Point","coordinates":[27.394843,42.450499]},"properties":{"lines":"9А, 9Б","color":"#0059a9","mode":"bus","arr":["9А","9Б"],"angle":4.7,"mi":6}},{"type":"Feature","geometry":{"type":"Point","coordinates":[27.41959,42.467302]},"properties":{"lines":"9А, 9Б","color":"#0059a9","mode":"bus","arr":["9А","9Б"],"angle":19.8,"side":-1,"mi":7}},{"type":"Feature","geometry":{"type":"Point","coordinates":[27.399343,42.452052]},"properties":{"lines":"9А, 9Б","color":"#0059a9","mode":"bus","arr":["9А","9Б"],"angle":-55.8,"mi":5}},{"type":"Feature","geometry":{"type":"Point","coordinates":[27.40048,42.453288]},"properties":{"lines":"9А, 9Б","color":"#0059a9","mode":"bus","arr":["9А","9Б"],"angle":-55.9,"extra":1,"ei":0}},{"type":"Feature","geometry":{"type":"Point","coordinates":[27.397585,42.450171]},"properties":{"lines":"9А, 9Б","color":"#0059a9","mode":"bus","arr":["9А","9Б"],"angle":-56,"extra":1,"ei":1}},{"type":"Feature","geometry":{"type":"Point","coordinates":[27.392573,42.455876]},"properties":{"lines":"9Б","color":"#0059a9","mode":"bus","arr":["9Б"],"angle":78.9}},{"type":"Feature","geometry":{"type":"Point","coordinates":[27.391884,42.45143]},"properties":{"lines":"9Б","color":"#0059a9","mode":"bus","arr":["9Б"],"angle":82.3,"extra":1,"ei":0}},{"type":"Feature","geometry":{"type":"Point","coordinates":[27.392456,42.453209]},"properties":{"lines":"9Б","color":"#0059a9","mode":"bus","arr":["9Б"],"angle":-88.4,"extra":1,"ei":1}},{"type":"Feature","geometry":{"type":"Point","coordinates":[27.392347,42.458836]},"properties":{"lines":"9Б","color":"#0059a9","mode":"bus","arr":["9Б"],"angle":-81.9,"extra":1,"ei":2}},{"type":"Feature","geometry":{"type":"Point","coordinates":[27.392829,42.460688]},"properties":{"lines":"9Б","color":"#0059a9","mode":"bus","arr":["9Б"],"angle":-71.9,"extra":1,"ei":3}},{"type":"Feature","geometry":{"type":"Point","coordinates":[27.413005,42.46419]},"properties":{"lines":"9А, 9Б, Б9, Б11, Бо, Т1","color":"#0059a9","mode":"bus","arr":["9А","9Б","Б9","Б11","Бо","Т1"],"tLines":"Т1","ntLines":"9А, 9Б, Б9, Б11, Бо","angle":-48.3}},{"type":"Feature","geometry":{"type":"Point","coordinates":[27.413642,42.464755]},"properties":{"lines":"9А, 9Б, Б1, Б2, Б9, Б11, Бо, Н, Т1","color":"#0059a9","mode":"bus","arr":["9А","9Б","Б1","Б2","Б9","Б11","Бо","Н","Т1"],"tLines":"Т1","ntLines":"9А, 9Б, Б1, Б2, Б9, Б11, Бо, Н","angle":-51.4,"side":-1}},{"type":"Feature","geometry":{"type":"Point","coordinates":[27.419734,42.4674]},"properties":{"lines":"Б1, Б2, Б11, Н, Т1","color":"#0059a9","mode":"bus","arr":["Б1","Б2","Б11","Н","Т1"],"tLines":"Т1","ntLines":"Б1, Б2, Б11, Н","angle":-12.2}},{"type":"Feature","geometry":{"type":"Point","coordinates":[27.442054,42.521565]},"properties":{"lines":"11, 92, Б12","color":"#0059a9","mode":"bus","arr":["11","92","Б12"],"angle":-34.9,"side":-1,"mi":1}},{"type":"Feature","geometry":{"type":"Point","coordinates":[27.451435,42.526522]},"properties":{"lines":"11, 92, Б12","color":"#0059a9","mode":"bus","arr":["11","92","Б12"],"angle":-32.3,"side":-1}},{"type":"Feature","geometry":{"type":"Point","coordinates":[27.447364,42.5245]},"properties":{"lines":"92","color":"#0059a9","mode":"bus","arr":["92"],"angle":-35.4}},{"type":"Feature","geometry":{"type":"Point","coordinates":[27.445099,42.52329]},"properties":{"lines":"92","color":"#0059a9","mode":"bus","arr":["92"],"angle":-35.8,"extra":1,"ei":0}},{"type":"Feature","geometry":{"type":"Point","coordinates":[27.449284,42.52547]},"properties":{"lines":"92","color":"#0059a9","mode":"bus","arr":["92"],"angle":-35.5,"extra":1,"ei":1}},{"type":"Feature","geometry":{"type":"Point","coordinates":[27.447425,42.524289]},"properties":{"lines":"11, Б12","color":"#0059a9","mode":"bus","arr":["11","Б12"],"angle":-38.1,"side":-1}},{"type":"Feature","geometry":{"type":"Point","coordinates":[27.44507,42.523015]},"properties":{"lines":"11, Б12","color":"#0059a9","mode":"bus","arr":["11","Б12"],"angle":-34.9,"extra":1,"ei":0,"side":-1}},{"type":"Feature","geometry":{"type":"Point","coordinates":[27.449211,42.525238]},"properties":{"lines":"11, Б12","color":"#0059a9","mode":"bus","arr":["11","Б12"],"angle":-36.8,"extra":1,"ei":1,"side":-1}},{"type":"Feature","geometry":{"type":"Point","coordinates":[27.457422,42.529155]},"properties":{"lines":"11, 15, 15А, 92","color":"#0059a9","mode":"bus","arr":["11","15","15А","92"],"angle":-25,"side":-1}},{"type":"Feature","geometry":{"type":"Point","coordinates":[27.453578,42.527698]},"properties":{"lines":"11, 15, 15А, 92","color":"#0059a9","mode":"bus","arr":["11","15","15А","92"],"angle":-30.6,"extra":1,"ei":0,"side":-1}},{"type":"Feature","geometry":{"type":"Point","coordinates":[27.455835,42.52859]},"properties":{"lines":"11, 15, 15А, 92","color":"#0059a9","mode":"bus","arr":["11","15","15А","92"],"angle":-26.6,"extra":1,"ei":1,"side":-1}},{"type":"Feature","geometry":{"type":"Point","coordinates":[27.460457,42.530223]},"properties":{"lines":"11, 15, 15А, 92","color":"#0059a9","mode":"bus","arr":["11","15","15А","92"],"angle":-24.7,"extra":1,"ei":2,"side":-1}},{"type":"Feature","geometry":{"type":"Point","coordinates":[27.463498,42.528245]},"properties":{"lines":"11, 12, Б1","color":"#0059a9","mode":"bus","arr":["11","12","Б1"],"angle":71.4}},{"type":"Feature","geometry":{"type":"Point","coordinates":[27.463124,42.529491]},"properties":{"lines":"11, 12, Б1","color":"#0059a9","mode":"bus","arr":["11","12","Б1"],"angle":77.6,"extra":1,"ei":0}},{"type":"Feature","geometry":{"type":"Point","coordinates":[27.467007,42.523365]},"properties":{"lines":"11, 12","color":"#0059a9","mode":"bus","arr":["11","12"],"angle":14.7,"mi":3}},{"type":"Feature","geometry":{"type":"Point","coordinates":[27.465574,42.526342]},"properties":{"lines":"11, 12","color":"#0059a9","mode":"bus","arr":["11","12"],"angle":57.4,"mi":5}},{"type":"Feature","geometry":{"type":"Point","coordinates":[27.465587,42.524449]},"properties":{"lines":"11","color":"#0059a9","mode":"bus","arr":["11"],"angle":-72.5}},{"type":"Feature","geometry":{"type":"Point","coordinates":[27.465864,42.520635]},"properties":{"lines":"11","color":"#0059a9","mode":"bus","arr":["11"],"angle":65.8,"side":-1,"mi":1}},{"type":"Feature","geometry":{"type":"Point","coordinates":[27.4673,42.519461]},"properties":{"lines":"11, 12","color":"#0059a9","mode":"bus","arr":["11","12"],"angle":26.2}},{"type":"Feature","geometry":{"type":"Point","coordinates":[27.47026,42.515212]},"properties":{"lines":"11, 12","color":"#0059a9","mode":"bus","arr":["11","12"],"angle":63.7,"mi":1}},{"type":"Feature","geometry":{"type":"Point","coordinates":[27.468669,42.518331]},"properties":{"lines":"11, 12","color":"#0059a9","mode":"bus","arr":["11","12"],"angle":83.1,"extra":1,"ei":0}},{"type":"Feature","geometry":{"type":"Point","coordinates":[27.469396,42.516534]},"properties":{"lines":"11, 12","color":"#0059a9","mode":"bus","arr":["11","12"],"angle":62.9,"extra":1,"ei":1}},{"type":"Feature","geometry":{"type":"Point","coordinates":[27.47211,42.513402]},"properties":{"lines":"11, 12","color":"#0059a9","mode":"bus","arr":["11","12"],"angle":36,"extra":1,"ei":2}},{"type":"Feature","geometry":{"type":"Point","coordinates":[27.474104,42.512264]},"properties":{"lines":"11, 12","color":"#0059a9","mode":"bus","arr":["11","12"],"angle":67,"extra":1,"ei":3}},{"type":"Feature","geometry":{"type":"Point","coordinates":[27.477612,42.509489]},"properties":{"lines":"11, 12","color":"#0059a9","mode":"bus","arr":["11","12"],"angle":45.2,"mi":6}},{"type":"Feature","geometry":{"type":"Point","coordinates":[27.474567,42.511601]},"properties":{"lines":"11, 12","color":"#0059a9","mode":"bus","arr":["11","12"],"angle":30.5,"extra":1,"ei":0}},{"type":"Feature","geometry":{"type":"Point","coordinates":[27.476463,42.510335]},"properties":{"lines":"11, 12","color":"#0059a9","mode":"bus","arr":["11","12"],"angle":44.9,"extra":1,"ei":1}},{"type":"Feature","geometry":{"type":"Point","coordinates":[27.479917,42.507556]},"properties":{"lines":"11, 12","color":"#0059a9","mode":"bus","arr":["11","12"],"angle":58.9,"extra":1,"ei":2}},{"type":"Feature","geometry":{"type":"Point","coordinates":[27.480391,42.496093]},"properties":{"lines":"11, 15, 15А, 81, Б11, Б12","color":"#0059a9","mode":"bus","arr":["11","15","15А","81","Б11","Б12"],"angle":82.1,"side":-1}},{"type":"Feature","geometry":{"type":"Point","coordinates":[27.479969,42.498481]},"properties":{"lines":"11, 15, 15А, 81, Б11, Б12","color":"#0059a9","mode":"bus","arr":["11","15","15А","81","Б11","Б12"],"angle":74.6,"extra":1,"ei":0,"side":-1}},{"type":"Feature","geometry":{"type":"Point","coordinates":[27.480656,42.494741]},"properties":{"lines":"11, 15, 15А, 81, Б11, Б12","color":"#0059a9","mode":"bus","arr":["11","15","15А","81","Б11","Б12"],"angle":81,"extra":1,"ei":1,"side":-1}},{"type":"Feature","geometry":{"type":"Point","coordinates":[27.479862,42.493032]},"properties":{"lines":"11, 15, 15А, 81, Б11, Б12","color":"#0059a9","mode":"bus","arr":["11","15","15А","81","Б11","Б12"],"angle":-56.6,"extra":1,"ei":2}},{"type":"Feature","geometry":{"type":"Point","coordinates":[27.475427,42.491041]},"properties":{"lines":"11, 12, 15, 15А, Б1, Б2, Н","color":"#0059a9","mode":"bus","arr":["11","12","15","15А","Б1","Б2","Н"],"angle":89.2}},{"type":"Feature","geometry":{"type":"Point","coordinates":[27.459854,42.495921]},"properties":{"lines":"11, 12, Т1","color":"#0059a9","mode":"bus","arr":["11","12","Т1"],"tLines":"Т1","ntLines":"11, 12","angle":75.6}},{"type":"Feature","geometry":{"type":"Point","coordinates":[27.460949,42.492806]},"properties":{"lines":"11, 12, Т1","color":"#0059a9","mode":"bus","arr":["11","12","Т1"],"tLines":"Т1","ntLines":"11, 12","angle":75.5,"extra":1,"ei":0}},{"type":"Feature","geometry":{"type":"Point","coordinates":[27.460312,42.494635]},"properties":{"lines":"11, 12, Т1","color":"#0059a9","mode":"bus","arr":["11","12","Т1"],"tLines":"Т1","ntLines":"11, 12","angle":74.9,"extra":1,"ei":1}},{"type":"Feature","geometry":{"type":"Point","coordinates":[27.459025,42.498291]},"properties":{"lines":"11, 12, Т1","color":"#0059a9","mode":"bus","arr":["11","12","Т1"],"tLines":"Т1","ntLines":"11, 12","angle":75.5,"extra":1,"ei":2}},{"type":"Feature","geometry":{"type":"Point","coordinates":[27.458412,42.500219]},"properties":{"lines":"11","color":"#0059a9","mode":"bus","arr":["11"],"angle":-89,"side":-1,"mi":1}},{"type":"Feature","geometry":{"type":"Point","coordinates":[27.458765,42.50399]},"properties":{"lines":"11","color":"#0059a9","mode":"bus","arr":["11"],"angle":-15.1,"mi":3}},{"type":"Feature","geometry":{"type":"Point","coordinates":[27.459953,42.504851]},"properties":{"lines":"11","color":"#0059a9","mode":"bus","arr":["11"],"angle":76.3,"mi":4}},{"type":"Feature","geometry":{"type":"Point","coordinates":[27.464162,42.511306]},"properties":{"lines":"11, 12","color":"#0059a9","mode":"bus","arr":["11","12"],"angle":-79.7,"mi":2}},{"type":"Feature","geometry":{"type":"Point","coordinates":[27.461648,42.515798]},"properties":{"lines":"11","color":"#0059a9","mode":"bus","arr":["11"],"angle":-72.3,"mi":2}},{"type":"Feature","geometry":{"type":"Point","coordinates":[27.459132,42.514265]},"properties":{"lines":"11, 12","color":"#0059a9","mode":"bus","arr":["11","12"],"angle":-57.4,"mi":4}},{"type":"Feature","geometry":{"type":"Point","coordinates":[27.460308,42.515104]},"properties":{"lines":"11, 12","color":"#0059a9","mode":"bus","arr":["11","12"],"angle":-32.3,"extra":1,"ei":0}},{"type":"Feature","geometry":{"type":"Point","coordinates":[27.461681,42.515675]},"properties":{"lines":"12","color":"#0059a9","mode":"bus","arr":["12"],"angle":-6.1,"side":-1,"mi":6}},{"type":"Feature","geometry":{"type":"Point","coordinates":[27.46215,42.504525]},"properties":{"lines":"12, Б9","color":"#0059a9","mode":"bus","arr":["12","Б9"],"angle":-67.9}},{"type":"Feature","geometry":{"type":"Point","coordinates":[27.461803,42.50414]},"properties":{"lines":"12, Б9, Бо","color":"#0059a9","mode":"bus","arr":["12","Б9","Бо"],"angle":-54.4}},{"type":"Feature","geometry":{"type":"Point","coordinates":[27.456015,42.49873]},"properties":{"lines":"Б9, Бо","color":"#0059a9","mode":"bus","arr":["Б9","Бо"],"angle":-51.7}},{"type":"Feature","geometry":{"type":"Point","coordinates":[27.460833,42.503196]},"properties":{"lines":"Б9, Бо","color":"#0059a9","mode":"bus","arr":["Б9","Бо"],"angle":-51.9,"extra":1,"ei":0,"side":-1}},{"type":"Feature","geometry":{"type":"Point","coordinates":[27.459227,42.501725]},"properties":{"lines":"Б9, Бо","color":"#0059a9","mode":"bus","arr":["Б9","Бо"],"angle":-51.3,"extra":1,"ei":1}},{"type":"Feature","geometry":{"type":"Point","coordinates":[27.457637,42.500244]},"properties":{"lines":"Б9, Бо","color":"#0059a9","mode":"bus","arr":["Б9","Бо"],"angle":-51.7,"extra":1,"ei":2}},{"type":"Feature","geometry":{"type":"Point","coordinates":[27.454457,42.497282]},"properties":{"lines":"Б9, Бо","color":"#0059a9","mode":"bus","arr":["Б9","Бо"],"angle":-51.9,"extra":1,"ei":3}},{"type":"Feature","geometry":{"type":"Point","coordinates":[27.452877,42.495795]},"properties":{"lines":"Б9, Бо","color":"#0059a9","mode":"bus","arr":["Б9","Бо"],"angle":-51.1,"extra":1,"ei":4}},{"type":"Feature","geometry":{"type":"Point","coordinates":[27.451262,42.494329]},"properties":{"lines":"Б9, Бо","color":"#0059a9","mode":"bus","arr":["Б9","Бо"],"angle":-51,"extra":1,"ei":5}},{"type":"Feature","geometry":{"type":"Point","coordinates":[27.461182,42.503629]},"properties":{"lines":"12","color":"#0059a9","mode":"bus","arr":["12"],"angle":-38.8,"mi":1}},{"type":"Feature","geometry":{"type":"Point","coordinates":[27.467202,42.525066]},"properties":{"lines":"12","color":"#0059a9","mode":"bus","arr":["12"],"angle":-86.1,"mi":5}},{"type":"Feature","geometry":{"type":"Point","coordinates":[27.457737,42.52897]},"properties":{"lines":"12","color":"#0059a9","mode":"bus","arr":["12"],"angle":67.7}},{"type":"Feature","geometry":{"type":"Point","coordinates":[27.459981,42.503057]},"properties":{"lines":"12","color":"#0059a9","mode":"bus","arr":["12"],"angle":-16.5}},{"type":"Feature","geometry":{"type":"Point","coordinates":[27.458345,42.500884]},"properties":{"lines":"12","color":"#0059a9","mode":"bus","arr":["12"],"angle":-87.3,"mi":2}},{"type":"Feature","geometry":{"type":"Point","coordinates":[27.458328,42.500286]},"properties":{"lines":"12, Т1","color":"#0059a9","mode":"bus","arr":["12","Т1"],"tLines":"Т1","ntLines":"12","angle":82.7,"side":-1}},{"type":"Feature","geometry":{"type":"Point","coordinates":[27.465994,42.52071]},"properties":{"lines":"12","color":"#0059a9","mode":"bus","arr":["12"],"angle":65.9,"mi":3}},{"type":"Feature","geometry":{"type":"Point","coordinates":[27.458873,42.528999]},"properties":{"lines":"12, Б1, Б11","color":"#0059a9","mode":"bus","arr":["12","Б1","Б11"],"angle":-26}},{"type":"Feature","geometry":{"type":"Point","coordinates":[27.461196,42.529817]},"properties":{"lines":"12, Б1","color":"#0059a9","mode":"bus","arr":["12","Б1"],"angle":-25.8}},{"type":"Feature","geometry":{"type":"Point","coordinates":[27.454897,42.52837]},"properties":{"lines":"12, 15, 15А, 92","color":"#0059a9","mode":"bus","arr":["12","15","15А","92"],"angle":-28.6}},{"type":"Feature","geometry":{"type":"Point","coordinates":[27.456316,42.528899]},"properties":{"lines":"12, 15, 15А, 92","color":"#0059a9","mode":"bus","arr":["12","15","15А","92"],"angle":-25.8,"extra":1,"ei":0}},{"type":"Feature","geometry":{"type":"Point","coordinates":[27.443135,42.522332]},"properties":{"lines":"12, 92, Б12","color":"#0059a9","mode":"bus","arr":["12","92","Б12"],"angle":-40.7,"mi":1}},{"type":"Feature","geometry":{"type":"Point","coordinates":[27.449969,42.52596]},"properties":{"lines":"12, 92, Б12","color":"#0059a9","mode":"bus","arr":["12","92","Б12"],"angle":-34.5}},{"type":"Feature","geometry":{"type":"Point","coordinates":[27.445237,42.523681]},"properties":{"lines":"12, 92, Б12","color":"#0059a9","mode":"bus","arr":["12","92","Б12"],"angle":-37.3,"extra":1,"ei":0}},{"type":"Feature","geometry":{"type":"Point","coordinates":[27.441279,42.521288]},"properties":{"lines":"12, 92, Б12","color":"#0059a9","mode":"bus","arr":["12","92","Б12"],"angle":-35.1,"extra":1,"ei":1}},{"type":"Feature","geometry":{"type":"Point","coordinates":[27.446168,42.526343]},"properties":{"lines":"12","color":"#0059a9","mode":"bus","arr":["12"],"angle":41.5,"mi":1}},{"type":"Feature","geometry":{"type":"Point","coordinates":[27.444037,42.52632]},"properties":{"lines":"12","color":"#0059a9","mode":"bus","arr":["12"],"angle":-63.3,"mi":4}},{"type":"Feature","geometry":{"type":"Point","coordinates":[27.444866,42.524927]},"properties":{"lines":"12","color":"#0059a9","mode":"bus","arr":["12"],"angle":19.3,"mi":2}},{"type":"Feature","geometry":{"type":"Point","coordinates":[27.447034,42.524595]},"properties":{"lines":"92, Б12","color":"#0059a9","mode":"bus","arr":["92","Б12"],"angle":-28.1}},{"type":"Feature","geometry":{"type":"Point","coordinates":[27.51741,42.562913]},"properties":{"lines":"15, 15А","color":"#0059a9","mode":"bus","arr":["15","15А"],"angle":-46.8}},{"type":"Feature","geometry":{"type":"Point","coordinates":[27.518865,42.563643]},"properties":{"lines":"15, 15А","color":"#0059a9","mode":"bus","arr":["15","15А"],"angle":-11.3,"extra":1,"ei":0}},{"type":"Feature","geometry":{"type":"Point","coordinates":[27.518411,42.564981]},"properties":{"lines":"15, 15А","color":"#0059a9","mode":"bus","arr":["15","15А"],"angle":68.9,"mi":5}},{"type":"Feature","geometry":{"type":"Point","coordinates":[27.516883,42.565136]},"properties":{"lines":"15, 15А","color":"#0059a9","mode":"bus","arr":["15","15А"],"angle":-41.7,"mi":6}},{"type":"Feature","geometry":{"type":"Point","coordinates":[27.517963,42.564871]},"properties":{"lines":"15, 15А","color":"#0059a9","mode":"bus","arr":["15","15А"],"angle":-27,"mi":4}},{"type":"Feature","geometry":{"type":"Point","coordinates":[27.517138,42.56321]},"properties":{"lines":"15, 15А","color":"#0059a9","mode":"bus","arr":["15","15А"],"angle":-52.9,"mi":1}},{"type":"Feature","geometry":{"type":"Point","coordinates":[27.51634,42.562054]},"properties":{"lines":"15, 15А","color":"#0059a9","mode":"bus","arr":["15","15А"],"angle":-72.3,"extra":1,"ei":0}},{"type":"Feature","geometry":{"type":"Point","coordinates":[27.475258,42.549799]},"properties":{"lines":"15, 15А","color":"#0059a9","mode":"bus","arr":["15","15А"],"angle":-71.9,"mi":1}},{"type":"Feature","geometry":{"type":"Point","coordinates":[27.470806,42.549768]},"properties":{"lines":"15, 15А","color":"#0059a9","mode":"bus","arr":["15","15А"],"angle":-56.2,"mi":2}},{"type":"Feature","geometry":{"type":"Point","coordinates":[27.471977,42.539259]},"properties":{"lines":"15, 15А","color":"#0059a9","mode":"bus","arr":["15","15А"],"angle":-79.9}},{"type":"Feature","geometry":{"type":"Point","coordinates":[27.474111,42.546145]},"properties":{"lines":"15, 15А","color":"#0059a9","mode":"bus","arr":["15","15А"],"angle":-79,"extra":1,"ei":0}},{"type":"Feature","geometry":{"type":"Point","coordinates":[27.473571,42.544299]},"properties":{"lines":"15, 15А","color":"#0059a9","mode":"bus","arr":["15","15А"],"angle":-75.6,"extra":1,"ei":1}},{"type":"Feature","geometry":{"type":"Point","coordinates":[27.472892,42.542478]},"properties":{"lines":"15, 15А","color":"#0059a9","mode":"bus","arr":["15","15А"],"angle":-75.3,"extra":1,"ei":2}},{"type":"Feature","geometry":{"type":"Point","coordinates":[27.472315,42.540638]},"properties":{"lines":"15, 15А","color":"#0059a9","mode":"bus","arr":["15","15А"],"angle":-79.3,"extra":1,"ei":3}},{"type":"Feature","geometry":{"type":"Point","coordinates":[27.471416,42.536919]},"properties":{"lines":"15, 15А","color":"#0059a9","mode":"bus","arr":["15","15А"],"angle":-80,"extra":1,"ei":4}},{"type":"Feature","geometry":{"type":"Point","coordinates":[27.470852,42.535081]},"properties":{"lines":"15, 15А","color":"#0059a9","mode":"bus","arr":["15","15А"],"angle":-70,"extra":1,"ei":5}},{"type":"Feature","geometry":{"type":"Point","coordinates":[27.46997,42.533308]},"properties":{"lines":"15, 15А","color":"#0059a9","mode":"bus","arr":["15","15А"],"angle":-69,"extra":1,"ei":6}},{"type":"Feature","geometry":{"type":"Point","coordinates":[27.518454,42.565626]},"properties":{"lines":"15А","color":"#0059a9","mode":"bus","arr":["15А"],"angle":56.1}},{"type":"Feature","geometry":{"type":"Point","coordinates":[27.518576,42.56627]},"properties":{"lines":"15","color":"#0059a9","mode":"bus","arr":["15"],"angle":-6.7}},{"type":"Feature","geometry":{"type":"Point","coordinates":[27.474937,42.490588]},"properties":{"lines":"15, 15А, Б1, Н","color":"#0059a9","mode":"bus","arr":["15","15А","Б1","Н"],"angle":0.4,"side":-1}},{"type":"Feature","geometry":{"type":"Point","coordinates":[27.477066,42.501554]},"properties":{"lines":"15, 15А, Б11, Б12","color":"#0059a9","mode":"bus","arr":["15","15А","Б11","Б12"],"angle":52.7,"mi":1}},{"type":"Feature","geometry":{"type":"Point","coordinates":[27.474401,42.503977]},"properties":{"lines":"15, 15А, Б11, Б12","color":"#0059a9","mode":"bus","arr":["15","15А","Б11","Б12"],"angle":50.6}},{"type":"Feature","geometry":{"type":"Point","coordinates":[27.478616,42.50008]},"properties":{"lines":"15, 15А, Б11, Б12","color":"#0059a9","mode":"bus","arr":["15","15А","Б11","Б12"],"angle":53.3,"extra":1,"ei":0}},{"type":"Feature","geometry":{"type":"Point","coordinates":[27.475494,42.503075]},"properties":{"lines":"15, 15А, Б11, Б12","color":"#0059a9","mode":"bus","arr":["15","15А","Б11","Б12"],"angle":53.8,"extra":1,"ei":1}},{"type":"Feature","geometry":{"type":"Point","coordinates":[27.462917,42.531152]},"properties":{"lines":"15, 15А, 92","color":"#0059a9","mode":"bus","arr":["15","15А","92"],"angle":-18.6}},{"type":"Feature","geometry":{"type":"Point","coordinates":[27.466265,42.531358]},"properties":{"lines":"15, 15А, 92","color":"#0059a9","mode":"bus","arr":["15","15А","92"],"angle":2.2,"extra":1,"ei":0,"side":-1}},{"type":"Feature","geometry":{"type":"Point","coordinates":[27.4602,42.530279]},"properties":{"lines":"15, 15А, 92","color":"#0059a9","mode":"bus","arr":["15","15А","92"],"angle":-26,"extra":1,"ei":0}},{"type":"Feature","geometry":{"type":"Point","coordinates":[27.457914,42.529427]},"properties":{"lines":"15, 15А, 92","color":"#0059a9","mode":"bus","arr":["15","15А","92"],"angle":-25.8,"extra":1,"ei":1}},{"type":"Feature","geometry":{"type":"Point","coordinates":[27.520883,42.56239]},"properties":{"lines":"15, 15А","color":"#0059a9","mode":"bus","arr":["15","15А"],"angle":52.4,"mi":3}},{"type":"Feature","geometry":{"type":"Point","coordinates":[27.518788,42.56108]},"properties":{"lines":"15, 15А","color":"#0059a9","mode":"bus","arr":["15","15А"],"angle":-34.7,"mi":2}},{"type":"Feature","geometry":{"type":"Point","coordinates":[27.517219,42.559214]},"properties":{"lines":"15, 15А","color":"#0059a9","mode":"bus","arr":["15","15А"],"angle":54.8,"mi":8}},{"type":"Feature","geometry":{"type":"Point","coordinates":[27.521958,42.560815]},"properties":{"lines":"15, 15А","color":"#0059a9","mode":"bus","arr":["15","15А"],"angle":-37,"mi":7}},{"type":"Feature","geometry":{"type":"Point","coordinates":[27.518924,42.55905]},"properties":{"lines":"15, 15А","color":"#0059a9","mode":"bus","arr":["15","15А"],"angle":-44.7,"extra":1,"ei":0}},{"type":"Feature","geometry":{"type":"Point","coordinates":[27.524962,42.562539]},"properties":{"lines":"15, 15А","color":"#0059a9","mode":"bus","arr":["15","15А"],"angle":-36,"extra":1,"ei":1}},{"type":"Feature","geometry":{"type":"Point","coordinates":[27.519827,42.56369]},"properties":{"lines":"15А","color":"#0059a9","mode":"bus","arr":["15А"],"angle":-89.8,"side":-1,"mi":1}},{"type":"Feature","geometry":{"type":"Point","coordinates":[27.472239,42.491116]},"properties":{"lines":"17","color":"#0059a9","mode":"bus","arr":["17"],"angle":4.9,"side":-1}},{"type":"Feature","geometry":{"type":"Point","coordinates":[27.475303,42.491034]},"properties":{"lines":"17","color":"#0059a9","mode":"bus","arr":["17"],"angle":88.7,"side":-1,"mi":1}},{"type":"Feature","geometry":{"type":"Point","coordinates":[27.455422,42.490514]},"properties":{"lines":"17, 81, Б11, Б12, Т1","color":"#0059a9","mode":"bus","arr":["17","81","Б11","Б12","Т1"],"tLines":"Т1","ntLines":"17, 81, Б11, Б12","angle":-18.3}},{"type":"Feature","geometry":{"type":"Point","coordinates":[27.447168,42.452408]},"properties":{"lines":"17, 17А","color":"#0059a9","mode":"bus","arr":["17","17А"],"angle":35.5,"side":-1}},{"type":"Feature","geometry":{"type":"Point","coordinates":[27.43579,42.472387]},"properties":{"lines":"17, 17А","color":"#0059a9","mode":"bus","arr":["17","17А"],"angle":79.8,"extra":1,"ei":0}},{"type":"Feature","geometry":{"type":"Point","coordinates":[27.436293,42.470536]},"properties":{"lines":"17, 17А","color":"#0059a9","mode":"bus","arr":["17","17А"],"angle":75.5,"extra":1,"ei":1,"side":-1}},{"type":"Feature","geometry":{"type":"Point","coordinates":[27.436968,42.468716]},"properties":{"lines":"17, 17А","color":"#0059a9","mode":"bus","arr":["17","17А"],"angle":77.9,"extra":1,"ei":2,"side":-1}},{"type":"Feature","geometry":{"type":"Point","coordinates":[27.437528,42.466873]},"properties":{"lines":"17, 17А","color":"#0059a9","mode":"bus","arr":["17","17А"],"angle":77.4,"extra":1,"ei":3,"side":-1}},{"type":"Feature","geometry":{"type":"Point","coordinates":[27.438095,42.465032]},"properties":{"lines":"17, 17А","color":"#0059a9","mode":"bus","arr":["17","17А"],"angle":77.1,"extra":1,"ei":4,"side":-1}},{"type":"Feature","geometry":{"type":"Point","coordinates":[27.438669,42.463191]},"properties":{"lines":"17, 17А","color":"#0059a9","mode":"bus","arr":["17","17А"],"angle":77.1,"extra":1,"ei":5,"side":-1}},{"type":"Feature","geometry":{"type":"Point","coordinates":[27.439228,42.461348]},"properties":{"lines":"17, 17А","color":"#0059a9","mode":"bus","arr":["17","17А"],"angle":77.5,"extra":1,"ei":6,"side":-1}},{"type":"Feature","geometry":{"type":"Point","coordinates":[27.439785,42.459504]},"properties":{"lines":"17, 17А","color":"#0059a9","mode":"bus","arr":["17","17А"],"angle":77.5,"extra":1,"ei":7,"side":-1}},{"type":"Feature","geometry":{"type":"Point","coordinates":[27.440351,42.457663]},"properties":{"lines":"17, 17А","color":"#0059a9","mode":"bus","arr":["17","17А"],"angle":76.3,"extra":1,"ei":8,"side":-1}},{"type":"Feature","geometry":{"type":"Point","coordinates":[27.441341,42.455933]},"properties":{"lines":"17, 17А","color":"#0059a9","mode":"bus","arr":["17","17А"],"angle":57.3,"extra":1,"ei":9,"side":-1}},{"type":"Feature","geometry":{"type":"Point","coordinates":[27.443069,42.45455]},"properties":{"lines":"17, 17А","color":"#0059a9","mode":"bus","arr":["17","17А"],"angle":37.6,"extra":1,"ei":10,"side":-1}},{"type":"Feature","geometry":{"type":"Point","coordinates":[27.44516,42.453459]},"properties":{"lines":"17, 17А","color":"#0059a9","mode":"bus","arr":["17","17А"],"angle":35.2,"extra":1,"ei":11,"side":-1}},{"type":"Feature","geometry":{"type":"Point","coordinates":[27.449334,42.451267]},"properties":{"lines":"17, 17А","color":"#0059a9","mode":"bus","arr":["17","17А"],"angle":35.5,"extra":1,"ei":12,"side":-1}},{"type":"Feature","geometry":{"type":"Point","coordinates":[27.451422,42.450172]},"properties":{"lines":"17, 17А","color":"#0059a9","mode":"bus","arr":["17","17А"],"angle":35.4,"extra":1,"ei":13,"side":-1}},{"type":"Feature","geometry":{"type":"Point","coordinates":[27.453514,42.449082]},"properties":{"lines":"17, 17А","color":"#0059a9","mode":"bus","arr":["17","17А"],"angle":35.2,"extra":1,"ei":14,"side":-1}},{"type":"Feature","geometry":{"type":"Point","coordinates":[27.455601,42.447987]},"properties":{"lines":"17, 17А","color":"#0059a9","mode":"bus","arr":["17","17А"],"angle":35.6,"extra":1,"ei":15,"side":-1}},{"type":"Feature","geometry":{"type":"Point","coordinates":[27.457688,42.446891]},"properties":{"lines":"17, 17А","color":"#0059a9","mode":"bus","arr":["17","17А"],"angle":35.3,"extra":1,"ei":16,"side":-1}},{"type":"Feature","geometry":{"type":"Point","coordinates":[27.459777,42.445797]},"properties":{"lines":"17, 17А","color":"#0059a9","mode":"bus","arr":["17","17А"],"angle":35.5,"extra":1,"ei":17,"side":-1}},{"type":"Feature","geometry":{"type":"Point","coordinates":[27.461861,42.444698]},"properties":{"lines":"17, 17А","color":"#0059a9","mode":"bus","arr":["17","17А"],"angle":35.7,"extra":1,"ei":18,"side":-1}},{"type":"Feature","geometry":{"type":"Point","coordinates":[27.464038,42.443709]},"properties":{"lines":"17, 17А","color":"#0059a9","mode":"bus","arr":["17","17А"],"angle":25.4,"extra":1,"ei":19,"side":-1}},{"type":"Feature","geometry":{"type":"Point","coordinates":[27.46646,42.44311]},"properties":{"lines":"17, 17А","color":"#0059a9","mode":"bus","arr":["17","17А"],"angle":13,"extra":1,"ei":20,"side":-1}},{"type":"Feature","geometry":{"type":"Point","coordinates":[27.468958,42.442687]},"properties":{"lines":"17, 17А","color":"#0059a9","mode":"bus","arr":["17","17А"],"angle":12.8,"extra":1,"ei":21,"side":-1}},{"type":"Feature","geometry":{"type":"Point","coordinates":[27.471456,42.442269]},"properties":{"lines":"17, 17А","color":"#0059a9","mode":"bus","arr":["17","17А"],"angle":12.8,"extra":1,"ei":22,"side":-1}},{"type":"Feature","geometry":{"type":"Point","coordinates":[27.473958,42.441861]},"properties":{"lines":"17, 17А","color":"#0059a9","mode":"bus","arr":["17","17А"],"angle":12.6,"extra":1,"ei":23,"side":-1}},{"type":"Feature","geometry":{"type":"Point","coordinates":[27.476216,42.441734]},"properties":{"lines":"17, 17А","color":"#0059a9","mode":"bus","arr":["17","17А"],"angle":-1.1,"mi":3}},{"type":"Feature","geometry":{"type":"Point","coordinates":[27.476289,42.440166]},"properties":{"lines":"17, 17А","color":"#0059a9","mode":"bus","arr":["17","17А"],"angle":73.1,"mi":4}},{"type":"Feature","geometry":{"type":"Point","coordinates":[27.478197,42.440437]},"properties":{"lines":"17, 17А","color":"#0059a9","mode":"bus","arr":["17","17А"],"angle":-56,"mi":1}},{"type":"Feature","geometry":{"type":"Point","coordinates":[27.474575,42.441838]},"properties":{"lines":"17, 17А","color":"#0059a9","mode":"bus","arr":["17","17А"],"angle":10.3,"extra":1,"ei":0}},{"type":"Feature","geometry":{"type":"Point","coordinates":[27.476768,42.439452]},"properties":{"lines":"17, 17А","color":"#0059a9","mode":"bus","arr":["17","17А"],"angle":18.5,"mi":5}},{"type":"Feature","geometry":{"type":"Point","coordinates":[27.478817,42.440832]},"properties":{"lines":"17, 17А","color":"#0059a9","mode":"bus","arr":["17","17А"],"angle":-11.1,"side":-1}},{"type":"Feature","geometry":{"type":"Point","coordinates":[27.481634,42.441336]},"properties":{"lines":"17, 17А","color":"#0059a9","mode":"bus","arr":["17","17А"],"angle":-56.9,"mi":2}},{"type":"Feature","geometry":{"type":"Point","coordinates":[27.483517,42.443443]},"properties":{"lines":"17, 17А","color":"#0059a9","mode":"bus","arr":["17","17А"],"angle":-56.3,"extra":1,"ei":0}},{"type":"Feature","geometry":{"type":"Point","coordinates":[27.480692,42.440292]},"properties":{"lines":"17, 17А","color":"#0059a9","mode":"bus","arr":["17","17А"],"angle":-38.5,"extra":1,"ei":1}},{"type":"Feature","geometry":{"type":"Point","coordinates":[27.478609,42.441159]},"properties":{"lines":"17, 17А","color":"#0059a9","mode":"bus","arr":["17","17А"],"angle":37,"extra":1,"ei":2}},{"type":"Feature","geometry":{"type":"Point","coordinates":[27.485673,42.44488]},"properties":{"lines":"17, 17А","color":"#0059a9","mode":"bus","arr":["17","17А"],"angle":-24.6,"mi":6}},{"type":"Feature","geometry":{"type":"Point","coordinates":[27.487476,42.445487]},"properties":{"lines":"17","color":"#0059a9","mode":"bus","arr":["17"],"angle":-24.5}},{"type":"Feature","geometry":{"type":"Point","coordinates":[27.438936,42.476062]},"properties":{"lines":"81","color":"#0059a9","mode":"bus","arr":["81"],"angle":68.3}},{"type":"Feature","geometry":{"type":"Point","coordinates":[27.440813,42.471709]},"properties":{"lines":"81, 82","color":"#0059a9","mode":"bus","arr":["81","82"],"angle":72.7}},{"type":"Feature","geometry":{"type":"Point","coordinates":[27.442234,42.468441]},"properties":{"lines":"81, 82","color":"#0059a9","mode":"bus","arr":["81","82"],"angle":72.6,"extra":1,"ei":0}},{"type":"Feature","geometry":{"type":"Point","coordinates":[27.441465,42.470243]},"properties":{"lines":"81, 82","color":"#0059a9","mode":"bus","arr":["81","82"],"angle":72.1,"extra":1,"ei":1}},{"type":"Feature","geometry":{"type":"Point","coordinates":[27.439894,42.473837]},"properties":{"lines":"81, 82","color":"#0059a9","mode":"bus","arr":["81","82"],"angle":73.2,"extra":1,"ei":2}},{"type":"Feature","geometry":{"type":"Point","coordinates":[27.439136,42.475641]},"properties":{"lines":"81, 82","color":"#0059a9","mode":"bus","arr":["81","82"],"angle":71.6,"extra":1,"ei":3}},{"type":"Feature","geometry":{"type":"Point","coordinates":[27.439031,42.475977]},"properties":{"lines":"82","color":"#0059a9","mode":"bus","arr":["82"],"angle":-61.6}},{"type":"Feature","geometry":{"type":"Point","coordinates":[27.402529,42.457036]},"properties":{"lines":"92","color":"#0059a9","mode":"bus","arr":["92"],"angle":-63.6}},{"type":"Feature","geometry":{"type":"Point","coordinates":[27.402277,42.45782]},"properties":{"lines":"92","color":"#0059a9","mode":"bus","arr":["92"],"angle":46.8,"mi":1}},{"type":"Feature","geometry":{"type":"Point","coordinates":[27.419483,42.452509]},"properties":{"lines":"Б1, Б2, Б9, Б12, Бо, Н","color":"#0059a9","mode":"bus","arr":["Б1","Б2","Б9","Б12","Бо","Н"],"angle":-53.4}},{"type":"Feature","geometry":{"type":"Point","coordinates":[27.41882,42.455074]},"properties":{"lines":"Б1, Б2, Б12, Бо, Н","color":"#0059a9","mode":"bus","arr":["Б1","Б2","Б12","Бо","Н"],"angle":59.5}},{"type":"Feature","geometry":{"type":"Point","coordinates":[27.419775,42.453842]},"properties":{"lines":"Б1, Б2, Б12, Бо, Н","color":"#0059a9","mode":"bus","arr":["Б1","Б2","Б12","Бо","Н"],"angle":60.9,"extra":1,"ei":0}},{"type":"Feature","geometry":{"type":"Point","coordinates":[27.417194,42.457105]},"properties":{"lines":"Б1, Б2, Б12, Бо, Н","color":"#0059a9","mode":"bus","arr":["Б1","Б2","Б12","Бо","Н"],"angle":58.1,"extra":1,"ei":1}},{"type":"Feature","geometry":{"type":"Point","coordinates":[27.469569,42.504556]},"properties":{"lines":"Б1, Б2, Н","color":"#0059a9","mode":"bus","arr":["Б1","Б2","Н"],"angle":75,"side":-1}},{"type":"Feature","geometry":{"type":"Point","coordinates":[27.469148,42.505694]},"properties":{"lines":"Б1, Б2, Н","color":"#0059a9","mode":"bus","arr":["Б1","Б2","Н"],"angle":74.7,"extra":1,"ei":0,"side":-1}},{"type":"Feature","geometry":{"type":"Point","coordinates":[27.467972,42.508645]},"properties":{"lines":"Б1, Б2, Н","color":"#0059a9","mode":"bus","arr":["Б1","Б2","Н"],"angle":70,"side":-1,"mi":1}},{"type":"Feature","geometry":{"type":"Point","coordinates":[27.468619,42.507056]},"properties":{"lines":"Б1, Б2, Н","color":"#0059a9","mode":"bus","arr":["Б1","Б2","Н"],"angle":73.7,"extra":1,"ei":0,"side":-1}},{"type":"Feature","geometry":{"type":"Point","coordinates":[27.466602,42.510501]},"properties":{"lines":"Б1, Б2, Н","color":"#0059a9","mode":"bus","arr":["Б1","Б2","Н"],"angle":58,"extra":1,"ei":1,"side":-1}},{"type":"Feature","geometry":{"type":"Point","coordinates":[27.462182,42.517791]},"properties":{"lines":"Б1","color":"#0059a9","mode":"bus","arr":["Б1"],"angle":-49.8,"side":-1}},{"type":"Feature","geometry":{"type":"Point","coordinates":[27.46506,42.521488]},"properties":{"lines":"Б1, Б11","color":"#0059a9","mode":"bus","arr":["Б1","Б11"],"angle":48.4,"side":-1}},{"type":"Feature","geometry":{"type":"Point","coordinates":[27.463365,42.52233]},"properties":{"lines":"Б1, Б11","color":"#0059a9","mode":"bus","arr":["Б1","Б11"],"angle":28.9,"mi":1}},{"type":"Feature","geometry":{"type":"Point","coordinates":[27.45882,42.525226]},"properties":{"lines":"Б11","color":"#0059a9","mode":"bus","arr":["Б11"],"angle":-84.3}},{"type":"Feature","geometry":{"type":"Point","coordinates":[27.460677,42.523245]},"properties":{"lines":"Б11","color":"#0059a9","mode":"bus","arr":["Б11"],"angle":19.6,"extra":1,"ei":0}},{"type":"Feature","geometry":{"type":"Point","coordinates":[27.458083,42.528162]},"properties":{"lines":"Б11","color":"#0059a9","mode":"bus","arr":["Б11"],"angle":67.3,"extra":1,"ei":1}},{"type":"Feature","geometry":{"type":"Point","coordinates":[27.463801,42.524636]},"properties":{"lines":"Б1","color":"#0059a9","mode":"bus","arr":["Б1"],"angle":-53.4,"mi":1}},{"type":"Feature","geometry":{"type":"Point","coordinates":[27.462739,42.523634]},"properties":{"lines":"Б1","color":"#0059a9","mode":"bus","arr":["Б1"],"angle":-48.4,"extra":1,"ei":0}},{"type":"Feature","geometry":{"type":"Point","coordinates":[27.418621,42.455009]},"properties":{"lines":"Б1, Б2, Б9, Б12, Бо","color":"#0059a9","mode":"bus","arr":["Б1","Б2","Б9","Б12","Бо"],"angle":59.8,"side":-1}},{"type":"Feature","geometry":{"type":"Point","coordinates":[27.417643,42.456252]},"properties":{"lines":"Б1, Б2, Б9, Б12, Бо","color":"#0059a9","mode":"bus","arr":["Б1","Б2","Б9","Б12","Бо"],"angle":59.9,"extra":1,"ei":0,"side":-1}},{"type":"Feature","geometry":{"type":"Point","coordinates":[27.420202,42.452979]},"properties":{"lines":"Б1, Б2, Б9, Б12, Бо","color":"#0059a9","mode":"bus","arr":["Б1","Б2","Б9","Б12","Бо"],"angle":59.8,"extra":1,"ei":1,"side":-1}},{"type":"Feature","geometry":{"type":"Point","coordinates":[27.469612,42.504762]},"properties":{"lines":"Б2, Н","color":"#0059a9","mode":"bus","arr":["Б2","Н"],"angle":74.5}},{"type":"Feature","geometry":{"type":"Point","coordinates":[27.456955,42.521775]},"properties":{"lines":"Б2, Н","color":"#0059a9","mode":"bus","arr":["Б2","Н"],"angle":54.7,"mi":3}},{"type":"Feature","geometry":{"type":"Point","coordinates":[27.45212,42.520221]},"properties":{"lines":"Б2, Н","color":"#0059a9","mode":"bus","arr":["Б2","Н"],"angle":-33.7}},{"type":"Feature","geometry":{"type":"Point","coordinates":[27.448562,42.51736]},"properties":{"lines":"Б2, Н","color":"#0059a9","mode":"bus","arr":["Б2","Н"],"angle":-42.5,"mi":1}},{"type":"Feature","geometry":{"type":"Point","coordinates":[27.455414,42.521647]},"properties":{"lines":"Б2, Н","color":"#0059a9","mode":"bus","arr":["Б2","Н"],"angle":-27,"extra":1,"ei":0}},{"type":"Feature","geometry":{"type":"Point","coordinates":[27.448104,42.51672]},"properties":{"lines":"Б2, Н","color":"#0059a9","mode":"bus","arr":["Б2","Н"],"angle":-47,"side":-1,"mi":2}},{"type":"Feature","geometry":{"type":"Point","coordinates":[27.461184,42.491707]},"properties":{"lines":"Т1","color":"#149a3f","mode":"bus","arr":["Т1"],"angle":-52.5}},{"type":"Feature","geometry":{"type":"Point","coordinates":[27.418858,42.45193]},"properties":{"lines":"Б11, Б12, Т1","color":"#0059a9","mode":"bus","arr":["Б11","Б12","Т1"],"tLines":"Т1","ntLines":"Б11, Б12","angle":20.5}},{"type":"Feature","geometry":{"type":"Point","coordinates":[27.465155,42.521561]},"properties":{"lines":"Б11","color":"#0059a9","mode":"bus","arr":["Б11"],"angle":36.8,"mi":1}},{"type":"Feature","geometry":{"type":"Point","coordinates":[27.456524,42.499057]},"properties":{"lines":"Бо","color":"#0059a9","mode":"bus","arr":["Бо"],"angle":-51.8,"side":-1}},{"type":"Feature","geometry":{"type":"Point","coordinates":[27.451291,42.4942]},"properties":{"lines":"Бо","color":"#0059a9","mode":"bus","arr":["Бо"],"angle":-50.5,"extra":1,"ei":0,"side":-1}},{"type":"Feature","geometry":{"type":"Point","coordinates":[27.452921,42.495657]},"properties":{"lines":"Бо","color":"#0059a9","mode":"bus","arr":["Бо"],"angle":-51.2,"extra":1,"ei":1,"side":-1}},{"type":"Feature","geometry":{"type":"Point","coordinates":[27.454493,42.497149]},"properties":{"lines":"Бо","color":"#0059a9","mode":"bus","arr":["Бо"],"angle":-52.2,"extra":1,"ei":2,"side":-1}},{"type":"Feature","geometry":{"type":"Point","coordinates":[27.457658,42.500119]},"properties":{"lines":"Бо","color":"#0059a9","mode":"bus","arr":["Бо"],"angle":-51.8,"extra":1,"ei":3,"side":-1}},{"type":"Feature","geometry":{"type":"Point","coordinates":[27.459244,42.501602]},"properties":{"lines":"Бо","color":"#0059a9","mode":"bus","arr":["Бо"],"angle":-51.1,"extra":1,"ei":4,"side":-1}},{"type":"Feature","geometry":{"type":"Point","coordinates":[27.460868,42.503063]},"properties":{"lines":"Бо","color":"#0059a9","mode":"bus","arr":["Бо"],"angle":-52,"extra":1,"ei":5,"side":-1}},{"type":"Feature","geometry":{"type":"Point","coordinates":[27.462346,42.504602]},"properties":{"lines":"Бо","color":"#0059a9","mode":"bus","arr":["Бо"],"angle":-60.7,"extra":1,"ei":6,"side":-1}},{"type":"Feature","geometry":{"type":"Point","coordinates":[27.462046,42.50482]},"properties":{"lines":"Бо","color":"#0059a9","mode":"bus","arr":["Бо"],"angle":73,"side":-1,"mi":1}},{"type":"Feature","geometry":{"type":"Point","coordinates":[27.458482,42.50081]},"properties":{"lines":"Т1","color":"#149a3f","mode":"bus","arr":["Т1"],"angle":-44,"side":-1}}]}