{"type":"FeatureCollection","features":[{"type":"Feature","properties":{"lines":"3, 6, 7, 7А, 7А1, 8, 81","arr":["3","6","7","7А","7А1","8","81"],"mode":"bus","angle":31.3,"side":-1,"mi":1,"l0":"3, ","c0":"#cf8a11","l1":"6, ","c1":"#07ad80","l2":"7, ","c2":"#b0045c","l3":"7А, ","c3":"#11a2e3","l4":"7А1, ","c4":"#fe6761","l5":"8, ","c5":"#cf5128","l6":"81","c6":"#066559"},"geometry":{"type":"Point","coordinates":[27.458618,42.50087]}},{"type":"Feature","properties":{"lines":"3","arr":["3"],"mode":"bus","angle":-52.5,"l0":"3","c0":"#cf8a11"},"geometry":{"type":"Point","coordinates":[27.45883,42.502278]}},{"type":"Feature","properties":{"lines":"3","arr":["3"],"mode":"bus","angle":57.3,"l0":"3","c0":"#cf8a11"},"geometry":{"type":"Point","coordinates":[27.447901,42.532526]}},{"type":"Feature","properties":{"lines":"3","arr":["3"],"mode":"bus","angle":60.7,"extra":1,"ei":0,"l0":"3","c0":"#cf8a11"},"geometry":{"type":"Point","coordinates":[27.449098,42.53114]}},{"type":"Feature","properties":{"lines":"3","arr":["3"],"mode":"bus","angle":48.8,"extra":1,"ei":1,"l0":"3","c0":"#cf8a11"},"geometry":{"type":"Point","coordinates":[27.446345,42.534325]}},{"type":"Feature","properties":{"lines":"3","arr":["3"],"mode":"bus","angle":-80,"l0":"3","c0":"#cf8a11"},"geometry":{"type":"Point","coordinates":[27.393765,42.616551]}},{"type":"Feature","properties":{"lines":"3","arr":["3"],"mode":"bus","angle":-82.6,"extra":1,"ei":0,"l0":"3","c0":"#cf8a11"},"geometry":{"type":"Point","coordinates":[27.395178,42.621357]}},{"type":"Feature","properties":{"lines":"3","arr":["3"],"mode":"bus","angle":-75.1,"extra":1,"ei":1,"l0":"3","c0":"#cf8a11"},"geometry":{"type":"Point","coordinates":[27.394845,42.619485]}},{"type":"Feature","properties":{"lines":"3","arr":["3"],"mode":"bus","angle":-80.7,"extra":1,"ei":2,"l0":"3","c0":"#cf8a11"},"geometry":{"type":"Point","coordinates":[27.394027,42.617704]}},{"type":"Feature","properties":{"lines":"3","arr":["3"],"mode":"bus","angle":-80,"extra":1,"ei":3,"l0":"3","c0":"#cf8a11"},"geometry":{"type":"Point","coordinates":[27.393151,42.613983]}},{"type":"Feature","properties":{"lines":"3","arr":["3"],"mode":"bus","angle":-80,"extra":1,"ei":4,"l0":"3","c0":"#cf8a11"},"geometry":{"type":"Point","coordinates":[27.392707,42.612123]}},{"type":"Feature","properties":{"lines":"3","arr":["3"],"mode":"bus","angle":76.6,"mi":1,"l0":"3","c0":"#cf8a11"},"geometry":{"type":"Point","coordinates":[27.393089,42.610633]}},{"type":"Feature","properties":{"lines":"3, 6, 7, 7А, 7А1, 7А2, 8, 11, 12, 81, 82","arr":["3","6","7","7А","7А1","7А2","8","11","12","81","82"],"mode":"bus","angle":77,"l0":"3, ","c0":"#cf8a11","l1":"6, ","c1":"#07ad80","l2":"7, ","c2":"#b0045c","l3":"7А, ","c3":"#11a2e3","l4":"7А1, ","c4":"#fe6761","l5":"7А2, ","c5":"#5a5d02","l6":"8, ","c6":"#cf5128","l7":"11, ","c7":"#4d4aba","l8":"12, ","c8":"#e16cd6","l9":"81, ","c9":"#066559","l10":"82","c10":"#999f01"},"geometry":{"type":"Point","coordinates":[27.458182,42.501791]}},{"type":"Feature","properties":{"lines":"3, 6, 7, 7А, 7А2, 8, 11, 82","arr":["3","6","7","7А","7А2","8","11","82"],"mode":"bus","angle":61.3,"l0":"3, ","c0":"#cf8a11","l1":"6, ","c1":"#07ad80","l2":"7, ","c2":"#b0045c","l3":"7А, ","c3":"#11a2e3","l4":"7А2, ","c4":"#5a5d02","l5":"8, ","c5":"#cf5128","l6":"11, ","c6":"#4d4aba","l7":"82","c7":"#999f01"},"geometry":{"type":"Point","coordinates":[27.457641,42.502741]}},{"type":"Feature","properties":{"lines":"11","arr":["11"],"mode":"bus","angle":-76,"mi":2,"l0":"11","c0":"#4d4aba"},"geometry":{"type":"Point","coordinates":[27.457255,42.503524]}},{"type":"Feature","properties":{"lines":"3, 6, 7, 7А, 7А1, 8, 81","arr":["3","6","7","7А","7А1","8","81"],"mode":"bus","angle":-13.9,"side":-1,"l0":"3, ","c0":"#cf8a11","l1":"6, ","c1":"#07ad80","l2":"7, ","c2":"#b0045c","l3":"7А, ","c3":"#11a2e3","l4":"7А1, ","c4":"#fe6761","l5":"8, ","c5":"#cf5128","l6":"81","c6":"#066559"},"geometry":{"type":"Point","coordinates":[27.463196,42.501585]}},{"type":"Feature","properties":{"lines":"3, 6, 7, 7А, 7А1, 8, 81","arr":["3","6","7","7А","7А1","8","81"],"mode":"bus","angle":-14.6,"side":-1,"extra":1,"ei":0,"l0":"3, ","c0":"#cf8a11","l1":"6, ","c1":"#07ad80","l2":"7, ","c2":"#b0045c","l3":"7А, ","c3":"#11a2e3","l4":"7А1, ","c4":"#fe6761","l5":"8, ","c5":"#cf5128","l6":"81","c6":"#066559"},"geometry":{"type":"Point","coordinates":[27.460305,42.501044]}},{"type":"Feature","properties":{"lines":"3, 6, 7, 7А, 7А1, 8, 81","arr":["3","6","7","7А","7А1","8","81"],"mode":"bus","angle":-14.2,"side":-1,"extra":1,"ei":1,"l0":"3, ","c0":"#cf8a11","l1":"6, ","c1":"#07ad80","l2":"7, ","c2":"#b0045c","l3":"7А, ","c3":"#11a2e3","l4":"7А1, ","c4":"#fe6761","l5":"8, ","c5":"#cf5128","l6":"81","c6":"#066559"},"geometry":{"type":"Point","coordinates":[27.465273,42.501969]}},{"type":"Feature","properties":{"lines":"3, 6, 8, 81, 82, Б1, Б2, Н","arr":["3","6","8","81","82","Б1","Б2","Н"],"mode":"bus","angle":-15.2,"l0":"3, ","c0":"#cf8a11","l1":"6, ","c1":"#07ad80","l2":"8, ","c2":"#cf5128","l3":"81, ","c3":"#066559","l4":"82, ","c4":"#999f01","l5":"Б1, ","c5":"#fe6761","l6":"Б2, ","c6":"#095d97","l7":"Н","c7":"#9789ff"},"geometry":{"type":"Point","coordinates":[27.468739,42.502667]}},{"type":"Feature","properties":{"lines":"3, 6, 8, 81, 82","arr":["3","6","8","81","82"],"mode":"bus","angle":-13.9,"l0":"3, ","c0":"#cf8a11","l1":"6, ","c1":"#07ad80","l2":"8, ","c2":"#cf5128","l3":"81, ","c3":"#066559","l4":"82","c4":"#999f01"},"geometry":{"type":"Point","coordinates":[27.471989,42.503303]}},{"type":"Feature","properties":{"lines":"3, 6","arr":["3","6"],"mode":"bus","angle":-69.1,"l0":"3, ","c0":"#cf8a11","l1":"6","c1":"#07ad80"},"geometry":{"type":"Point","coordinates":[27.474205,42.503918]}},{"type":"Feature","properties":{"lines":"3, 6, 15, 15А, Б11, Б12","arr":["3","6","15","15А","Б11","Б12"],"mode":"bus","angle":54,"side":-1,"l0":"3, ","c0":"#cf8a11","l1":"6, ","c1":"#07ad80","l2":"15, ","c2":"#b0045c","l3":"15А, ","c3":"#7c5001","l4":"Б11, ","c4":"#11a2e3","l5":"Б12","c5":"#2d8c1b"},"geometry":{"type":"Point","coordinates":[27.470628,42.507561]}},{"type":"Feature","properties":{"lines":"3, 6, 15, 15А, Б11, Б12","arr":["3","6","15","15А","Б11","Б12"],"mode":"bus","angle":51.7,"side":-1,"extra":1,"ei":0,"l0":"3, ","c0":"#cf8a11","l1":"6, ","c1":"#07ad80","l2":"15, ","c2":"#b0045c","l3":"15А, ","c3":"#7c5001","l4":"Б11, ","c4":"#11a2e3","l5":"Б12","c5":"#2d8c1b"},"geometry":{"type":"Point","coordinates":[27.47341,42.504946]}},{"type":"Feature","properties":{"lines":"3, 6, 15, 15А, Б11, Б12","arr":["3","6","15","15А","Б11","Б12"],"mode":"bus","angle":51.3,"side":-1,"extra":1,"ei":1,"l0":"3, ","c0":"#cf8a11","l1":"6, ","c1":"#07ad80","l2":"15, ","c2":"#b0045c","l3":"15А, ","c3":"#7c5001","l4":"Б11, ","c4":"#11a2e3","l5":"Б12","c5":"#2d8c1b"},"geometry":{"type":"Point","coordinates":[27.471821,42.506427]}},{"type":"Feature","properties":{"lines":"3, 6, 15, 15А, Б11, Б12","arr":["3","6","15","15А","Б11","Б12"],"mode":"bus","angle":53.9,"side":-1,"extra":1,"ei":2,"l0":"3, ","c0":"#cf8a11","l1":"6, ","c1":"#07ad80","l2":"15, ","c2":"#b0045c","l3":"15А, ","c3":"#7c5001","l4":"Б11, ","c4":"#11a2e3","l5":"Б12","c5":"#2d8c1b"},"geometry":{"type":"Point","coordinates":[27.468748,42.509449]}},{"type":"Feature","properties":{"lines":"3, 6, 15, 15А, Б11, Б12","arr":["3","6","15","15А","Б11","Б12"],"mode":"bus","angle":26.3,"extra":1,"ei":3,"l0":"3, ","c0":"#cf8a11","l1":"6, ","c1":"#07ad80","l2":"15, ","c2":"#b0045c","l3":"15А, ","c3":"#7c5001","l4":"Б11, ","c4":"#11a2e3","l5":"Б12","c5":"#2d8c1b"},"geometry":{"type":"Point","coordinates":[27.466859,42.510668]}},{"type":"Feature","properties":{"lines":"Н","arr":["Н"],"mode":"bus","angle":68.7,"l0":"Н","c0":"#9789ff"},"geometry":{"type":"Point","coordinates":[27.467953,42.509011]}},{"type":"Feature","properties":{"lines":"Н","arr":["Н"],"mode":"bus","angle":59.2,"extra":1,"ei":0,"l0":"Н","c0":"#9789ff"},"geometry":{"type":"Point","coordinates":[27.466974,42.510476]}},{"type":"Feature","properties":{"lines":"Н","arr":["Н"],"mode":"bus","angle":74.1,"extra":1,"ei":1,"l0":"Н","c0":"#9789ff"},"geometry":{"type":"Point","coordinates":[27.468786,42.50696]}},{"type":"Feature","properties":{"lines":"3, 6, 15, 15А, Б11, Б12, Н","arr":["3","6","15","15А","Б11","Б12","Н"],"mode":"bus","angle":57.8,"l0":"3, ","c0":"#cf8a11","l1":"6, ","c1":"#07ad80","l2":"15, ","c2":"#b0045c","l3":"15А, ","c3":"#7c5001","l4":"Б11, ","c4":"#11a2e3","l5":"Б12, ","c5":"#2d8c1b","l6":"Н","c6":"#9789ff"},"geometry":{"type":"Point","coordinates":[27.465272,42.512251]}},{"type":"Feature","properties":{"lines":"3, 6, 11, 15, 15А, Б1, Б2, Б11, Б12, Н","arr":["3","6","11","15","15А","Б1","Б2","Б11","Б12","Н"],"mode":"bus","angle":59.8,"l0":"3, ","c0":"#cf8a11","l1":"6, ","c1":"#07ad80","l2":"11, ","c2":"#4d4aba","l3":"15, ","c3":"#b0045c","l4":"15А, ","c4":"#7c5001","l5":"Б1, ","c5":"#fe6761","l6":"Б2, ","c6":"#095d97","l7":"Б11, ","c7":"#11a2e3","l8":"Б12, ","c8":"#2d8c1b","l9":"Н","c9":"#9789ff"},"geometry":{"type":"Point","coordinates":[27.46278,42.515165]}},{"type":"Feature","properties":{"lines":"3, 6, 11, 15, 15А, Б1, Б2, Б11, Б12, Н","arr":["3","6","11","15","15А","Б1","Б2","Б11","Б12","Н"],"mode":"bus","angle":54.4,"mi":1,"l0":"3, ","c0":"#cf8a11","l1":"6, ","c1":"#07ad80","l2":"11, ","c2":"#4d4aba","l3":"15, ","c3":"#b0045c","l4":"15А, ","c4":"#7c5001","l5":"Б1, ","c5":"#fe6761","l6":"Б2, ","c6":"#095d97","l7":"Б11, ","c7":"#11a2e3","l8":"Б12, ","c8":"#2d8c1b","l9":"Н","c9":"#9789ff"},"geometry":{"type":"Point","coordinates":[27.461209,42.51646]}},{"type":"Feature","properties":{"lines":"3, 6, 11, 15, 15А, Б1, Б2, Б11, Б12, Н","arr":["3","6","11","15","15А","Б1","Б2","Б11","Б12","Н"],"mode":"bus","angle":57.4,"extra":1,"ei":0,"l0":"3, ","c0":"#cf8a11","l1":"6, ","c1":"#07ad80","l2":"11, ","c2":"#4d4aba","l3":"15, ","c3":"#b0045c","l4":"15А, ","c4":"#7c5001","l5":"Б1, ","c5":"#fe6761","l6":"Б2, ","c6":"#095d97","l7":"Б11, ","c7":"#11a2e3","l8":"Б12, ","c8":"#2d8c1b","l9":"Н","c9":"#9789ff"},"geometry":{"type":"Point","coordinates":[27.463665,42.514077]}},{"type":"Feature","properties":{"lines":"3, 15, 15А, Б2, Б12, Н","arr":["3","15","15А","Б2","Б12","Н"],"mode":"bus","angle":61,"side":-1,"l0":"3, ","c0":"#cf8a11","l1":"15, ","c1":"#b0045c","l2":"15А, ","c2":"#7c5001","l3":"Б2, ","c3":"#095d97","l4":"Б12, ","c4":"#2d8c1b","l5":"Н","c5":"#9789ff"},"geometry":{"type":"Point","coordinates":[27.458533,42.519774]}},{"type":"Feature","properties":{"lines":"3, 15, 15А, Б2, Б12, Н","arr":["3","15","15А","Б2","Б12","Н"],"mode":"bus","angle":54.6,"extra":1,"ei":0,"l0":"3, ","c0":"#cf8a11","l1":"15, ","c1":"#b0045c","l2":"15А, ","c2":"#7c5001","l3":"Б2, ","c3":"#095d97","l4":"Б12, ","c4":"#2d8c1b","l5":"Н","c5":"#9789ff"},"geometry":{"type":"Point","coordinates":[27.460108,42.518436]}},{"type":"Feature","properties":{"lines":"3, 15, 15А, Б2, Б12, Н","arr":["3","15","15А","Б2","Б12","Н"],"mode":"bus","angle":57,"side":-1,"extra":1,"ei":0,"l0":"3, ","c0":"#cf8a11","l1":"15, ","c1":"#b0045c","l2":"15А, ","c2":"#7c5001","l3":"Б2, ","c3":"#095d97","l4":"Б12, ","c4":"#2d8c1b","l5":"Н","c5":"#9789ff"},"geometry":{"type":"Point","coordinates":[27.457252,42.521286]}},{"type":"Feature","properties":{"lines":"3, 15, 15А, Б12","arr":["3","15","15А","Б12"],"mode":"bus","angle":59.8,"l0":"3, ","c0":"#cf8a11","l1":"15, ","c1":"#b0045c","l2":"15А, ","c2":"#7c5001","l3":"Б12","c3":"#2d8c1b"},"geometry":{"type":"Point","coordinates":[27.455038,42.524137]}},{"type":"Feature","properties":{"lines":"3, 15, 15А, Б12","arr":["3","15","15А","Б12"],"mode":"bus","angle":54.5,"mi":1,"l0":"3, ","c0":"#cf8a11","l1":"15, ","c1":"#b0045c","l2":"15А, ","c2":"#7c5001","l3":"Б12","c3":"#2d8c1b"},"geometry":{"type":"Point","coordinates":[27.453126,42.525776]}},{"type":"Feature","properties":{"lines":"3, 15, 15А, Б12","arr":["3","15","15А","Б12"],"mode":"bus","angle":54.8,"extra":1,"ei":0,"l0":"3, ","c0":"#cf8a11","l1":"15, ","c1":"#b0045c","l2":"15А, ","c2":"#7c5001","l3":"Б12","c3":"#2d8c1b"},"geometry":{"type":"Point","coordinates":[27.456677,42.522216]}},{"type":"Feature","properties":{"lines":"3","arr":["3"],"mode":"bus","angle":57.5,"side":-1,"mi":1,"l0":"3","c0":"#cf8a11"},"geometry":{"type":"Point","coordinates":[27.442947,42.537835]}},{"type":"Feature","properties":{"lines":"3","arr":["3"],"mode":"bus","angle":57.2,"extra":1,"ei":0,"l0":"3","c0":"#cf8a11"},"geometry":{"type":"Point","coordinates":[27.451374,42.528258]}},{"type":"Feature","properties":{"lines":"3","arr":["3"],"mode":"bus","angle":57.2,"extra":1,"ei":1,"l0":"3","c0":"#cf8a11"},"geometry":{"type":"Point","coordinates":[27.449985,42.529845]}},{"type":"Feature","properties":{"lines":"3","arr":["3"],"mode":"bus","angle":57.5,"extra":1,"ei":0,"l0":"3","c0":"#cf8a11"},"geometry":{"type":"Point","coordinates":[27.445185,42.535412]}},{"type":"Feature","properties":{"lines":"3","arr":["3"],"mode":"bus","angle":57.5,"extra":1,"ei":1,"l0":"3","c0":"#cf8a11"},"geometry":{"type":"Point","coordinates":[27.441049,42.540188]}},{"type":"Feature","properties":{"lines":"3","arr":["3"],"mode":"bus","angle":57.1,"extra":1,"ei":2,"l0":"3","c0":"#cf8a11"},"geometry":{"type":"Point","coordinates":[27.43967,42.54178]}},{"type":"Feature","properties":{"lines":"3","arr":["3"],"mode":"bus","angle":56.9,"extra":1,"ei":3,"l0":"3","c0":"#cf8a11"},"geometry":{"type":"Point","coordinates":[27.438272,42.543363]}},{"type":"Feature","properties":{"lines":"3","arr":["3"],"mode":"bus","angle":57.2,"extra":1,"ei":4,"l0":"3","c0":"#cf8a11"},"geometry":{"type":"Point","coordinates":[27.436876,42.544946]}},{"type":"Feature","properties":{"lines":"3","arr":["3"],"mode":"bus","angle":57.2,"extra":1,"ei":5,"l0":"3","c0":"#cf8a11"},"geometry":{"type":"Point","coordinates":[27.435489,42.546534]}},{"type":"Feature","properties":{"lines":"3","arr":["3"],"mode":"bus","angle":57.6,"side":-1,"extra":1,"ei":0,"l0":"3","c0":"#cf8a11"},"geometry":{"type":"Point","coordinates":[27.434513,42.547485]}},{"type":"Feature","properties":{"lines":"3","arr":["3"],"mode":"bus","angle":57.4,"side":-1,"extra":1,"ei":1,"l0":"3","c0":"#cf8a11"},"geometry":{"type":"Point","coordinates":[27.444219,42.536368]}},{"type":"Feature","properties":{"lines":"3","arr":["3"],"mode":"bus","angle":57.4,"side":-1,"extra":1,"ei":2,"l0":"3","c0":"#cf8a11"},"geometry":{"type":"Point","coordinates":[27.44698,42.533186]}},{"type":"Feature","properties":{"lines":"3","arr":["3"],"mode":"bus","angle":57.4,"side":-1,"extra":1,"ei":3,"l0":"3","c0":"#cf8a11"},"geometry":{"type":"Point","coordinates":[27.44836,42.531595]}},{"type":"Feature","properties":{"lines":"3","arr":["3"],"mode":"bus","angle":48,"mi":8,"l0":"3","c0":"#cf8a11"},"geometry":{"type":"Point","coordinates":[27.390875,42.597375]}},{"type":"Feature","properties":{"lines":"3","arr":["3"],"mode":"bus","angle":57.9,"extra":1,"ei":0,"l0":"3","c0":"#cf8a11"},"geometry":{"type":"Point","coordinates":[27.433864,42.54842]}},{"type":"Feature","properties":{"lines":"3","arr":["3"],"mode":"bus","angle":57.4,"extra":1,"ei":1,"l0":"3","c0":"#cf8a11"},"geometry":{"type":"Point","coordinates":[27.432485,42.550012]}},{"type":"Feature","properties":{"lines":"3","arr":["3"],"mode":"bus","angle":57.4,"extra":1,"ei":2,"l0":"3","c0":"#cf8a11"},"geometry":{"type":"Point","coordinates":[27.431106,42.551604]}},{"type":"Feature","properties":{"lines":"3","arr":["3"],"mode":"bus","angle":57,"extra":1,"ei":3,"l0":"3","c0":"#cf8a11"},"geometry":{"type":"Point","coordinates":[27.429722,42.553193]}},{"type":"Feature","properties":{"lines":"3","arr":["3"],"mode":"bus","angle":57.4,"extra":1,"ei":4,"l0":"3","c0":"#cf8a11"},"geometry":{"type":"Point","coordinates":[27.428334,42.55478]}},{"type":"Feature","properties":{"lines":"3","arr":["3"],"mode":"bus","angle":57.4,"extra":1,"ei":5,"l0":"3","c0":"#cf8a11"},"geometry":{"type":"Point","coordinates":[27.426952,42.556371]}},{"type":"Feature","properties":{"lines":"3","arr":["3"],"mode":"bus","angle":57.4,"extra":1,"ei":6,"l0":"3","c0":"#cf8a11"},"geometry":{"type":"Point","coordinates":[27.42557,42.557961]}},{"type":"Feature","properties":{"lines":"3","arr":["3"],"mode":"bus","angle":57.3,"extra":1,"ei":7,"l0":"3","c0":"#cf8a11"},"geometry":{"type":"Point","coordinates":[27.424188,42.559552]}},{"type":"Feature","properties":{"lines":"3","arr":["3"],"mode":"bus","angle":57.3,"extra":1,"ei":8,"l0":"3","c0":"#cf8a11"},"geometry":{"type":"Point","coordinates":[27.422806,42.561142]}},{"type":"Feature","properties":{"lines":"3","arr":["3"],"mode":"bus","angle":57.3,"extra":1,"ei":9,"l0":"3","c0":"#cf8a11"},"geometry":{"type":"Point","coordinates":[27.421423,42.562732]}},{"type":"Feature","properties":{"lines":"3","arr":["3"],"mode":"bus","angle":57.3,"extra":1,"ei":10,"l0":"3","c0":"#cf8a11"},"geometry":{"type":"Point","coordinates":[27.42004,42.564322]}},{"type":"Feature","properties":{"lines":"3","arr":["3"],"mode":"bus","angle":57.3,"extra":1,"ei":11,"l0":"3","c0":"#cf8a11"},"geometry":{"type":"Point","coordinates":[27.418658,42.565912]}},{"type":"Feature","properties":{"lines":"3","arr":["3"],"mode":"bus","angle":57.3,"extra":1,"ei":12,"l0":"3","c0":"#cf8a11"},"geometry":{"type":"Point","coordinates":[27.417275,42.567502]}},{"type":"Feature","properties":{"lines":"3","arr":["3"],"mode":"bus","angle":56.9,"extra":1,"ei":13,"l0":"3","c0":"#cf8a11"},"geometry":{"type":"Point","coordinates":[27.415881,42.569086]}},{"type":"Feature","properties":{"lines":"3","arr":["3"],"mode":"bus","angle":57.3,"extra":1,"ei":14,"l0":"3","c0":"#cf8a11"},"geometry":{"type":"Point","coordinates":[27.414496,42.570675]}},{"type":"Feature","properties":{"lines":"3","arr":["3"],"mode":"bus","angle":56.5,"extra":1,"ei":15,"l0":"3","c0":"#cf8a11"},"geometry":{"type":"Point","coordinates":[27.413104,42.572261]}},{"type":"Feature","properties":{"lines":"3","arr":["3"],"mode":"bus","angle":57.3,"extra":1,"ei":16,"l0":"3","c0":"#cf8a11"},"geometry":{"type":"Point","coordinates":[27.411718,42.573849]}},{"type":"Feature","properties":{"lines":"3","arr":["3"],"mode":"bus","angle":56.7,"extra":1,"ei":17,"l0":"3","c0":"#cf8a11"},"geometry":{"type":"Point","coordinates":[27.410324,42.575433]}},{"type":"Feature","properties":{"lines":"3","arr":["3"],"mode":"bus","angle":57.4,"extra":1,"ei":18,"l0":"3","c0":"#cf8a11"},"geometry":{"type":"Point","coordinates":[27.408927,42.577017]}},{"type":"Feature","properties":{"lines":"3","arr":["3"],"mode":"bus","angle":57.3,"extra":1,"ei":19,"l0":"3","c0":"#cf8a11"},"geometry":{"type":"Point","coordinates":[27.407546,42.578607]}},{"type":"Feature","properties":{"lines":"3","arr":["3"],"mode":"bus","angle":57,"extra":1,"ei":20,"l0":"3","c0":"#cf8a11"},"geometry":{"type":"Point","coordinates":[27.40615,42.580191]}},{"type":"Feature","properties":{"lines":"3","arr":["3"],"mode":"bus","angle":57,"extra":1,"ei":21,"l0":"3","c0":"#cf8a11"},"geometry":{"type":"Point","coordinates":[27.404753,42.581774]}},{"type":"Feature","properties":{"lines":"3","arr":["3"],"mode":"bus","angle":57.4,"extra":1,"ei":22,"l0":"3","c0":"#cf8a11"},"geometry":{"type":"Point","coordinates":[27.403362,42.58336]}},{"type":"Feature","properties":{"lines":"3","arr":["3"],"mode":"bus","angle":57.1,"extra":1,"ei":23,"l0":"3","c0":"#cf8a11"},"geometry":{"type":"Point","coordinates":[27.401988,42.584954]}},{"type":"Feature","properties":{"lines":"3","arr":["3"],"mode":"bus","angle":58.3,"extra":1,"ei":24,"l0":"3","c0":"#cf8a11"},"geometry":{"type":"Point","coordinates":[27.400609,42.586546]}},{"type":"Feature","properties":{"lines":"3","arr":["3"],"mode":"bus","angle":57.5,"extra":1,"ei":25,"l0":"3","c0":"#cf8a11"},"geometry":{"type":"Point","coordinates":[27.399238,42.588141]}},{"type":"Feature","properties":{"lines":"3","arr":["3"],"mode":"bus","angle":54.7,"extra":1,"ei":26,"l0":"3","c0":"#cf8a11"},"geometry":{"type":"Point","coordinates":[27.397841,42.589724]}},{"type":"Feature","properties":{"lines":"3","arr":["3"],"mode":"bus","angle":54,"extra":1,"ei":27,"l0":"3","c0":"#cf8a11"},"geometry":{"type":"Point","coordinates":[27.396363,42.591267]}},{"type":"Feature","properties":{"lines":"3","arr":["3"],"mode":"bus","angle":56.9,"extra":1,"ei":28,"l0":"3","c0":"#cf8a11"},"geometry":{"type":"Point","coordinates":[27.394924,42.592829]}},{"type":"Feature","properties":{"lines":"3","arr":["3"],"mode":"bus","angle":56.7,"extra":1,"ei":29,"l0":"3","c0":"#cf8a11"},"geometry":{"type":"Point","coordinates":[27.393519,42.594408]}},{"type":"Feature","properties":{"lines":"3","arr":["3"],"mode":"bus","angle":55.9,"extra":1,"ei":30,"l0":"3","c0":"#cf8a11"},"geometry":{"type":"Point","coordinates":[27.39212,42.59599]}},{"type":"Feature","properties":{"lines":"3","arr":["3"],"mode":"bus","angle":74.3,"extra":1,"ei":31,"l0":"3","c0":"#cf8a11"},"geometry":{"type":"Point","coordinates":[27.393555,42.592221]}},{"type":"Feature","properties":{"lines":"3","arr":["3"],"mode":"bus","angle":31.9,"extra":1,"ei":32,"l0":"3","c0":"#cf8a11"},"geometry":{"type":"Point","coordinates":[27.394909,42.590682]}},{"type":"Feature","properties":{"lines":"3","arr":["3"],"mode":"bus","angle":56,"mi":7,"l0":"3","c0":"#cf8a11"},"geometry":{"type":"Point","coordinates":[27.387564,42.600898]}},{"type":"Feature","properties":{"lines":"3","arr":["3"],"mode":"bus","angle":56,"extra":1,"ei":0,"l0":"3","c0":"#cf8a11"},"geometry":{"type":"Point","coordinates":[27.385166,42.603536]}},{"type":"Feature","properties":{"lines":"3","arr":["3"],"mode":"bus","angle":56.2,"extra":1,"ei":1,"l0":"3","c0":"#cf8a11"},"geometry":{"type":"Point","coordinates":[27.386591,42.601967]}},{"type":"Feature","properties":{"lines":"3","arr":["3"],"mode":"bus","angle":55.5,"extra":1,"ei":2,"l0":"3","c0":"#cf8a11"},"geometry":{"type":"Point","coordinates":[27.389458,42.598836]}},{"type":"Feature","properties":{"lines":"3","arr":["3"],"mode":"bus","angle":-45.7,"mi":2,"l0":"3","c0":"#cf8a11"},"geometry":{"type":"Point","coordinates":[27.388517,42.6074]}},{"type":"Feature","properties":{"lines":"3","arr":["3"],"mode":"bus","angle":-45.7,"extra":1,"ei":0,"l0":"3","c0":"#cf8a11"},"geometry":{"type":"Point","coordinates":[27.385339,42.605001]}},{"type":"Feature","properties":{"lines":"3","arr":["3"],"mode":"bus","angle":-45.7,"extra":1,"ei":1,"l0":"3","c0":"#cf8a11"},"geometry":{"type":"Point","coordinates":[27.38713,42.606351]}},{"type":"Feature","properties":{"lines":"3","arr":["3"],"mode":"bus","angle":-45.4,"extra":1,"ei":2,"l0":"3","c0":"#cf8a11"},"geometry":{"type":"Point","coordinates":[27.390707,42.609056]}},{"type":"Feature","properties":{"lines":"3","arr":["3"],"mode":"bus","angle":-46.4,"extra":1,"ei":3,"l0":"3","c0":"#cf8a11"},"geometry":{"type":"Point","coordinates":[27.392481,42.610418]}},{"type":"Feature","properties":{"lines":"3","arr":["3"],"mode":"bus","angle":-83.5,"mi":3,"l0":"3","c0":"#cf8a11"},"geometry":{"type":"Point","coordinates":[27.395773,42.625077]}},{"type":"Feature","properties":{"lines":"3","arr":["3"],"mode":"bus","angle":71.1,"extra":1,"ei":0,"l0":"3","c0":"#cf8a11"},"geometry":{"type":"Point","coordinates":[27.395455,42.626874]}},{"type":"Feature","properties":{"lines":"3","arr":["3"],"mode":"bus","angle":-83.3,"extra":1,"ei":1,"l0":"3","c0":"#cf8a11"},"geometry":{"type":"Point","coordinates":[27.395475,42.62317]}},{"type":"Feature","properties":{"lines":"3","arr":["3"],"mode":"bus","angle":-19.6,"mi":4,"l0":"3","c0":"#cf8a11"},"geometry":{"type":"Point","coordinates":[27.39285,42.627594]}},{"type":"Feature","properties":{"lines":"3","arr":["3"],"mode":"bus","angle":6.2,"extra":1,"ei":0,"l0":"3","c0":"#cf8a11"},"geometry":{"type":"Point","coordinates":[27.394493,42.627862]}},{"type":"Feature","properties":{"lines":"3","arr":["3"],"mode":"bus","angle":3,"mi":5,"l0":"3","c0":"#cf8a11"},"geometry":{"type":"Point","coordinates":[27.387895,42.627933]}},{"type":"Feature","properties":{"lines":"3","arr":["3"],"mode":"bus","angle":2.8,"extra":1,"ei":0,"l0":"3","c0":"#cf8a11"},"geometry":{"type":"Point","coordinates":[27.385908,42.628004]}},{"type":"Feature","properties":{"lines":"3","arr":["3"],"mode":"bus","angle":39.3,"extra":1,"ei":1,"l0":"3","c0":"#cf8a11"},"geometry":{"type":"Point","coordinates":[27.390691,42.627175]}},{"type":"Feature","properties":{"lines":"3","arr":["3"],"mode":"bus","angle":72.7,"mi":6,"l0":"3","c0":"#cf8a11"},"geometry":{"type":"Point","coordinates":[27.384431,42.628738]}},{"type":"Feature","properties":{"lines":"3, 6, 15, 15А, Б1, Б2, Б11, Б12, Н","arr":["3","6","15","15А","Б1","Б2","Б11","Б12","Н"],"mode":"bus","angle":58.2,"side":-1,"l0":"3, ","c0":"#cf8a11","l1":"6, ","c1":"#07ad80","l2":"15, ","c2":"#b0045c","l3":"15А, ","c3":"#7c5001","l4":"Б1, ","c4":"#fe6761","l5":"Б2, ","c5":"#095d97","l6":"Б11, ","c6":"#11a2e3","l7":"Б12, ","c7":"#2d8c1b","l8":"Н","c8":"#9789ff"},"geometry":{"type":"Point","coordinates":[27.46534,42.511982]}},{"type":"Feature","properties":{"lines":"3, 6, 15, 15А, Б1, Б2, Б11, Б12, Н","arr":["3","6","15","15А","Б1","Б2","Б11","Б12","Н"],"mode":"bus","angle":55.3,"mi":1,"l0":"3, ","c0":"#cf8a11","l1":"6, ","c1":"#07ad80","l2":"15, ","c2":"#b0045c","l3":"15А, ","c3":"#7c5001","l4":"Б1, ","c4":"#fe6761","l5":"Б2, ","c5":"#095d97","l6":"Б11, ","c6":"#11a2e3","l7":"Б12, ","c7":"#2d8c1b","l8":"Н","c8":"#9789ff"},"geometry":{"type":"Point","coordinates":[27.461786,42.515852]}},{"type":"Feature","properties":{"lines":"3, 6, 12, 15, 15А, Б1, Б2, Б11, Б12, Н","arr":["3","6","12","15","15А","Б1","Б2","Б11","Б12","Н"],"mode":"bus","angle":57.1,"side":-1,"l0":"3, ","c0":"#cf8a11","l1":"6, ","c1":"#07ad80","l2":"12, ","c2":"#e16cd6","l3":"15, ","c3":"#b0045c","l4":"15А, ","c4":"#7c5001","l5":"Б1, ","c5":"#fe6761","l6":"Б2, ","c6":"#095d97","l7":"Б11, ","c7":"#11a2e3","l8":"Б12, ","c8":"#2d8c1b","l9":"Н","c9":"#9789ff"},"geometry":{"type":"Point","coordinates":[27.463209,42.514352]}},{"type":"Feature","properties":{"lines":"3, 6, 12, 15, 15А, Б1, Б2, Б11, Б12, Н","arr":["3","6","12","15","15А","Б1","Б2","Б11","Б12","Н"],"mode":"bus","angle":56.1,"side":-1,"extra":1,"ei":0,"l0":"3, ","c0":"#cf8a11","l1":"6, ","c1":"#07ad80","l2":"12, ","c2":"#e16cd6","l3":"15, ","c3":"#b0045c","l4":"15А, ","c4":"#7c5001","l5":"Б1, ","c5":"#fe6761","l6":"Б2, ","c6":"#095d97","l7":"Б11, ","c7":"#11a2e3","l8":"Б12, ","c8":"#2d8c1b","l9":"Н","c9":"#9789ff"},"geometry":{"type":"Point","coordinates":[27.464131,42.513303]}},{"type":"Feature","properties":{"lines":"3, 6, 15, 15А, Б11, Б12","arr":["3","6","15","15А","Б11","Б12"],"mode":"bus","angle":28.3,"side":-1,"mi":1,"l0":"3, ","c0":"#cf8a11","l1":"6, ","c1":"#07ad80","l2":"15, ","c2":"#b0045c","l3":"15А, ","c3":"#7c5001","l4":"Б11, ","c4":"#11a2e3","l5":"Б12","c5":"#2d8c1b"},"geometry":{"type":"Point","coordinates":[27.466527,42.510796]}},{"type":"Feature","properties":{"lines":"3, 6, 7, 7А, 7А2, 8, 82, Т1","arr":["3","6","7","7А","7А2","8","82","Т1"],"mode":"bus","angle":-14,"l0":"3, ","c0":"#cf8a11","l1":"6, ","c1":"#07ad80","l2":"7, ","c2":"#b0045c","l3":"7А, ","c3":"#11a2e3","l4":"7А2, ","c4":"#5a5d02","l5":"8, ","c5":"#cf5128","l6":"82, ","c6":"#999f01","l7":"Т1","c7":"#6b5806"},"geometry":{"type":"Point","coordinates":[27.462972,42.501604]}},{"type":"Feature","properties":{"lines":"3, 6, 7, 7А, 7А2, 8, 82, Т1","arr":["3","6","7","7А","7А2","8","82","Т1"],"mode":"bus","angle":-14,"extra":1,"ei":0,"l0":"3, ","c0":"#cf8a11","l1":"6, ","c1":"#07ad80","l2":"7, ","c2":"#b0045c","l3":"7А, ","c3":"#11a2e3","l4":"7А2, ","c4":"#5a5d02","l5":"8, ","c5":"#cf5128","l6":"82, ","c6":"#999f01","l7":"Т1","c7":"#6b5806"},"geometry":{"type":"Point","coordinates":[27.465958,42.502154]}},{"type":"Feature","properties":{"lines":"3, 6, 7, 7А, 7А2, 8, 82, Т1","arr":["3","6","7","7А","7А2","8","82","Т1"],"mode":"bus","angle":-14.3,"extra":1,"ei":1,"l0":"3, ","c0":"#cf8a11","l1":"6, ","c1":"#07ad80","l2":"7, ","c2":"#b0045c","l3":"7А, ","c3":"#11a2e3","l4":"7А2, ","c4":"#5a5d02","l5":"8, ","c5":"#cf5128","l6":"82, ","c6":"#999f01","l7":"Т1","c7":"#6b5806"},"geometry":{"type":"Point","coordinates":[27.460986,42.501238]}},{"type":"Feature","properties":{"lines":"3, 6, 7, 7А, 7А2, 8, 11, 82","arr":["3","6","7","7А","7А2","8","11","82"],"mode":"bus","angle":52.1,"mi":1,"l0":"3, ","c0":"#cf8a11","l1":"6, ","c1":"#07ad80","l2":"7, ","c2":"#b0045c","l3":"7А, ","c3":"#11a2e3","l4":"7А2, ","c4":"#5a5d02","l5":"8, ","c5":"#cf5128","l6":"11, ","c6":"#4d4aba","l7":"82","c7":"#999f01"},"geometry":{"type":"Point","coordinates":[27.458513,42.501088]}},{"type":"Feature","properties":{"lines":"6, 7, 7А, 7А1, 8, 12, 81","arr":["6","7","7А","7А1","8","12","81"],"mode":"bus","angle":-35.6,"l0":"6, ","c0":"#07ad80","l1":"7, ","c1":"#b0045c","l2":"7А, ","c2":"#11a2e3","l3":"7А1, ","c3":"#fe6761","l4":"8, ","c4":"#cf5128","l5":"12, ","c5":"#e16cd6","l6":"81","c6":"#066559"},"geometry":{"type":"Point","coordinates":[27.458587,42.502577]}},{"type":"Feature","properties":{"lines":"6, 8, 81, 82","arr":["6","8","81","82"],"mode":"bus","angle":-11.4,"side":-1,"l0":"6, ","c0":"#07ad80","l1":"8, ","c1":"#cf5128","l2":"81, ","c2":"#066559","l3":"82","c3":"#999f01"},"geometry":{"type":"Point","coordinates":[27.474169,42.503688]}},{"type":"Feature","properties":{"lines":"6, 15, 15А, Б11, Б12","arr":["6","15","15А","Б11","Б12"],"mode":"bus","angle":51.8,"l0":"6, ","c0":"#07ad80","l1":"15, ","c1":"#b0045c","l2":"15А, ","c2":"#7c5001","l3":"Б11, ","c3":"#11a2e3","l4":"Б12","c4":"#2d8c1b"},"geometry":{"type":"Point","coordinates":[27.47299,42.505462]}},{"type":"Feature","properties":{"lines":"6, 15, 15А, Б11, Б12","arr":["6","15","15А","Б11","Б12"],"mode":"bus","angle":51.7,"extra":1,"ei":0,"l0":"6, ","c0":"#07ad80","l1":"15, ","c1":"#b0045c","l2":"15А, ","c2":"#7c5001","l3":"Б11, ","c3":"#11a2e3","l4":"Б12","c4":"#2d8c1b"},"geometry":{"type":"Point","coordinates":[27.473982,42.504539]}},{"type":"Feature","properties":{"lines":"6, Б1, Б11","arr":["6","Б1","Б11"],"mode":"bus","angle":-50.7,"l0":"6, ","c0":"#07ad80","l1":"Б1, ","c1":"#fe6761","l2":"Б11","c2":"#11a2e3"},"geometry":{"type":"Point","coordinates":[27.463259,42.519372]}},{"type":"Feature","properties":{"lines":"6, Б1, Б11","arr":["6","Б1","Б11"],"mode":"bus","angle":-65.5,"mi":1,"l0":"6, ","c0":"#07ad80","l1":"Б1, ","c1":"#fe6761","l2":"Б11","c2":"#11a2e3"},"geometry":{"type":"Point","coordinates":[27.461589,42.517536]}},{"type":"Feature","properties":{"lines":"6, Б1, Б11","arr":["6","Б1","Б11"],"mode":"bus","angle":-50.9,"side":-1,"extra":1,"ei":0,"l0":"6, ","c0":"#07ad80","l1":"Б1, ","c1":"#fe6761","l2":"Б11","c2":"#11a2e3"},"geometry":{"type":"Point","coordinates":[27.464411,42.520232]}},{"type":"Feature","properties":{"lines":"6, 12","arr":["6","12"],"mode":"bus","angle":-53.6,"side":-1,"l0":"6, ","c0":"#07ad80","l1":"12","c1":"#e16cd6"},"geometry":{"type":"Point","coordinates":[27.465787,42.521495]}},{"type":"Feature","properties":{"lines":"6","arr":["6"],"mode":"bus","angle":-52.2,"side":-1,"l0":"6","c0":"#07ad80"},"geometry":{"type":"Point","coordinates":[27.467002,42.522723]}},{"type":"Feature","properties":{"lines":"6","arr":["6"],"mode":"bus","angle":-85.8,"mi":1,"l0":"6","c0":"#07ad80"},"geometry":{"type":"Point","coordinates":[27.468533,42.527598]}},{"type":"Feature","properties":{"lines":"6","arr":["6"],"mode":"bus","angle":85.4,"extra":1,"ei":0,"l0":"6","c0":"#07ad80"},"geometry":{"type":"Point","coordinates":[27.46843,42.525096]}},{"type":"Feature","properties":{"lines":"6","arr":["6"],"mode":"bus","angle":-72.7,"extra":1,"ei":0,"l0":"6","c0":"#07ad80"},"geometry":{"type":"Point","coordinates":[27.468959,42.530047]}},{"type":"Feature","properties":{"lines":"6","arr":["6"],"mode":"bus","angle":-86.1,"extra":1,"ei":1,"l0":"6","c0":"#07ad80"},"geometry":{"type":"Point","coordinates":[27.468418,42.526296]}},{"type":"Feature","properties":{"lines":"6, 15, 15А","arr":["6","15","15А"],"mode":"bus","angle":-79.9,"side":-1,"mi":3,"l0":"6, ","c0":"#07ad80","l1":"15, ","c1":"#b0045c","l2":"15А","c2":"#7c5001"},"geometry":{"type":"Point","coordinates":[27.472477,42.540664]}},{"type":"Feature","properties":{"lines":"6, 15, 15А","arr":["6","15","15А"],"mode":"bus","angle":-69.1,"side":-1,"extra":1,"ei":0,"l0":"6, ","c0":"#07ad80","l1":"15, ","c1":"#b0045c","l2":"15А","c2":"#7c5001"},"geometry":{"type":"Point","coordinates":[27.469645,42.532413]}},{"type":"Feature","properties":{"lines":"6, 15, 15А","arr":["6","15","15А"],"mode":"bus","angle":-69.9,"side":-1,"extra":1,"ei":1,"l0":"6, ","c0":"#07ad80","l1":"15, ","c1":"#b0045c","l2":"15А","c2":"#7c5001"},"geometry":{"type":"Point","coordinates":[27.47055,42.534179]}},{"type":"Feature","properties":{"lines":"6, 15, 15А","arr":["6","15","15А"],"mode":"bus","angle":-78.1,"side":-1,"extra":1,"ei":2,"l0":"6, ","c0":"#07ad80","l1":"15, ","c1":"#b0045c","l2":"15А","c2":"#7c5001"},"geometry":{"type":"Point","coordinates":[27.47133,42.535975]}},{"type":"Feature","properties":{"lines":"6, 15, 15А","arr":["6","15","15А"],"mode":"bus","angle":-79.9,"side":-1,"extra":1,"ei":3,"l0":"6, ","c0":"#07ad80","l1":"15, ","c1":"#b0045c","l2":"15А","c2":"#7c5001"},"geometry":{"type":"Point","coordinates":[27.471793,42.537832]}},{"type":"Feature","properties":{"lines":"6, 15, 15А","arr":["6","15","15А"],"mode":"bus","angle":-74.8,"side":-1,"extra":1,"ei":4,"l0":"6, ","c0":"#07ad80","l1":"15, ","c1":"#b0045c","l2":"15А","c2":"#7c5001"},"geometry":{"type":"Point","coordinates":[27.473363,42.543374]}},{"type":"Feature","properties":{"lines":"6, 15, 15А","arr":["6","15","15А"],"mode":"bus","angle":-78,"side":-1,"extra":1,"ei":5,"l0":"6, ","c0":"#07ad80","l1":"15, ","c1":"#b0045c","l2":"15А","c2":"#7c5001"},"geometry":{"type":"Point","coordinates":[27.47399,42.545205]}},{"type":"Feature","properties":{"lines":"6, 15, 15А","arr":["6","15","15А"],"mode":"bus","angle":-79.2,"side":-1,"extra":1,"ei":6,"l0":"6, ","c0":"#07ad80","l1":"15, ","c1":"#b0045c","l2":"15А","c2":"#7c5001"},"geometry":{"type":"Point","coordinates":[27.474489,42.547058]}},{"type":"Feature","properties":{"lines":"6, 15, 15А","arr":["6","15","15А"],"mode":"bus","angle":-75.5,"extra":1,"ei":7,"l0":"6, ","c0":"#07ad80","l1":"15, ","c1":"#b0045c","l2":"15А","c2":"#7c5001"},"geometry":{"type":"Point","coordinates":[27.474981,42.548911]}},{"type":"Feature","properties":{"lines":"6, 15, 15А","arr":["6","15","15А"],"mode":"bus","angle":-36.5,"mi":1,"l0":"6, ","c0":"#07ad80","l1":"15, ","c1":"#b0045c","l2":"15А","c2":"#7c5001"},"geometry":{"type":"Point","coordinates":[27.475831,42.550315]}},{"type":"Feature","properties":{"lines":"6, 15, 15А","arr":["6","15","15А"],"mode":"bus","angle":69.2,"l0":"6, ","c0":"#07ad80","l1":"15, ","c1":"#b0045c","l2":"15А","c2":"#7c5001"},"geometry":{"type":"Point","coordinates":[27.474217,42.54828]}},{"type":"Feature","properties":{"lines":"6, 15, 15А","arr":["6","15","15А"],"mode":"bus","angle":-5.9,"mi":2,"l0":"6, ","c0":"#07ad80","l1":"15, ","c1":"#b0045c","l2":"15А","c2":"#7c5001"},"geometry":{"type":"Point","coordinates":[27.482489,42.55187]}},{"type":"Feature","properties":{"lines":"6, 15, 15А","arr":["6","15","15А"],"mode":"bus","angle":-44.6,"side":-1,"extra":1,"ei":0,"l0":"6, ","c0":"#07ad80","l1":"15, ","c1":"#b0045c","l2":"15А","c2":"#7c5001"},"geometry":{"type":"Point","coordinates":[27.476358,42.550579]}},{"type":"Feature","properties":{"lines":"6, 15, 15А","arr":["6","15","15А"],"mode":"bus","angle":-12.6,"side":-1,"extra":1,"ei":1,"l0":"6, ","c0":"#07ad80","l1":"15, ","c1":"#b0045c","l2":"15А","c2":"#7c5001"},"geometry":{"type":"Point","coordinates":[27.478597,42.551444]}},{"type":"Feature","properties":{"lines":"6, 15, 15А","arr":["6","15","15А"],"mode":"bus","angle":-6.3,"side":-1,"extra":1,"ei":2,"l0":"6, ","c0":"#07ad80","l1":"15, ","c1":"#b0045c","l2":"15А","c2":"#7c5001"},"geometry":{"type":"Point","coordinates":[27.486237,42.552055]}},{"type":"Feature","properties":{"lines":"15, 15А","arr":["15","15А"],"mode":"bus","angle":-6.1,"side":-1,"l0":"15, ","c0":"#b0045c","l1":"15А","c1":"#7c5001"},"geometry":{"type":"Point","coordinates":[27.504293,42.553408]}},{"type":"Feature","properties":{"lines":"15, 15А","arr":["15","15А"],"mode":"bus","angle":-26.7,"l0":"15, ","c0":"#b0045c","l1":"15А","c1":"#7c5001"},"geometry":{"type":"Point","coordinates":[27.473921,42.548928]}},{"type":"Feature","properties":{"lines":"15, 15А","arr":["15","15А"],"mode":"bus","angle":-4.9,"extra":1,"ei":0,"l0":"15, ","c0":"#b0045c","l1":"15А","c1":"#7c5001"},"geometry":{"type":"Point","coordinates":[27.487651,42.552147]}},{"type":"Feature","properties":{"lines":"15, 15А","arr":["15","15А"],"mode":"bus","angle":-5.8,"side":-1,"extra":1,"ei":1,"l0":"15, ","c0":"#b0045c","l1":"15А","c1":"#7c5001"},"geometry":{"type":"Point","coordinates":[27.4902,42.552335]}},{"type":"Feature","properties":{"lines":"15, 15А","arr":["15","15А"],"mode":"bus","angle":-5.9,"side":-1,"extra":1,"ei":2,"l0":"15, ","c0":"#b0045c","l1":"15А","c1":"#7c5001"},"geometry":{"type":"Point","coordinates":[27.492749,42.552529]}},{"type":"Feature","properties":{"lines":"15, 15А","arr":["15","15А"],"mode":"bus","angle":-5.9,"side":-1,"extra":1,"ei":3,"l0":"15, ","c0":"#b0045c","l1":"15А","c1":"#7c5001"},"geometry":{"type":"Point","coordinates":[27.495298,42.552724]}},{"type":"Feature","properties":{"lines":"15, 15А","arr":["15","15А"],"mode":"bus","angle":-5.9,"side":-1,"extra":1,"ei":4,"l0":"15, ","c0":"#b0045c","l1":"15А","c1":"#7c5001"},"geometry":{"type":"Point","coordinates":[27.497846,42.552919]}},{"type":"Feature","properties":{"lines":"15, 15А","arr":["15","15А"],"mode":"bus","angle":-6.2,"side":-1,"extra":1,"ei":5,"l0":"15, ","c0":"#b0045c","l1":"15А","c1":"#7c5001"},"geometry":{"type":"Point","coordinates":[27.500395,42.553115]}},{"type":"Feature","properties":{"lines":"15, 15А","arr":["15","15А"],"mode":"bus","angle":-9.8,"side":-1,"extra":1,"ei":6,"l0":"15, ","c0":"#b0045c","l1":"15А","c1":"#7c5001"},"geometry":{"type":"Point","coordinates":[27.508037,42.553716]}},{"type":"Feature","properties":{"lines":"15, 15А","arr":["15","15А"],"mode":"bus","angle":-32.1,"side":-1,"extra":1,"ei":7,"l0":"15, ","c0":"#b0045c","l1":"15А","c1":"#7c5001"},"geometry":{"type":"Point","coordinates":[27.51042,42.554368]}},{"type":"Feature","properties":{"lines":"15, 15А","arr":["15","15А"],"mode":"bus","angle":-55.1,"side":-1,"extra":1,"ei":8,"l0":"15, ","c0":"#b0045c","l1":"15А","c1":"#7c5001"},"geometry":{"type":"Point","coordinates":[27.512254,42.555667]}},{"type":"Feature","properties":{"lines":"15, 15А","arr":["15","15А"],"mode":"bus","angle":-57.1,"side":-1,"extra":1,"ei":9,"l0":"15, ","c0":"#b0045c","l1":"15А","c1":"#7c5001"},"geometry":{"type":"Point","coordinates":[27.513675,42.557238]}},{"type":"Feature","properties":{"lines":"15, 15А","arr":["15","15А"],"mode":"bus","angle":-67.6,"side":-1,"extra":1,"ei":10,"l0":"15, ","c0":"#b0045c","l1":"15А","c1":"#7c5001"},"geometry":{"type":"Point","coordinates":[27.514953,42.558871]}},{"type":"Feature","properties":{"lines":"15, 15А","arr":["15","15А"],"mode":"bus","angle":-70.8,"side":-1,"extra":1,"ei":11,"l0":"15, ","c0":"#b0045c","l1":"15А","c1":"#7c5001"},"geometry":{"type":"Point","coordinates":[27.515845,42.560641]}},{"type":"Feature","properties":{"lines":"6","arr":["6"],"mode":"bus","angle":14.2,"side":-1,"mi":1,"l0":"6","c0":"#07ad80"},"geometry":{"type":"Point","coordinates":[27.487675,42.551999]}},{"type":"Feature","properties":{"lines":"6","arr":["6"],"mode":"bus","angle":66.9,"mi":5,"l0":"6","c0":"#07ad80"},"geometry":{"type":"Point","coordinates":[27.496773,42.605159]}},{"type":"Feature","properties":{"lines":"6","arr":["6"],"mode":"bus","angle":61,"extra":1,"ei":0,"l0":"6","c0":"#07ad80"},"geometry":{"type":"Point","coordinates":[27.508861,42.584615]}},{"type":"Feature","properties":{"lines":"6","arr":["6"],"mode":"bus","angle":60.9,"extra":1,"ei":1,"l0":"6","c0":"#07ad80"},"geometry":{"type":"Point","coordinates":[27.507615,42.586265]}},{"type":"Feature","properties":{"lines":"6","arr":["6"],"mode":"bus","angle":61.1,"extra":1,"ei":2,"l0":"6","c0":"#07ad80"},"geometry":{"type":"Point","coordinates":[27.506374,42.587917]}},{"type":"Feature","properties":{"lines":"6","arr":["6"],"mode":"bus","angle":60.9,"extra":1,"ei":3,"l0":"6","c0":"#07ad80"},"geometry":{"type":"Point","coordinates":[27.505139,42.589572]}},{"type":"Feature","properties":{"lines":"6","arr":["6"],"mode":"bus","angle":67.3,"extra":1,"ei":4,"l0":"6","c0":"#07ad80"},"geometry":{"type":"Point","coordinates":[27.503944,42.591241]}},{"type":"Feature","properties":{"lines":"6","arr":["6"],"mode":"bus","angle":69.2,"extra":1,"ei":5,"l0":"6","c0":"#07ad80"},"geometry":{"type":"Point","coordinates":[27.503029,42.593005]}},{"type":"Feature","properties":{"lines":"6","arr":["6"],"mode":"bus","angle":69.2,"extra":1,"ei":6,"l0":"6","c0":"#07ad80"},"geometry":{"type":"Point","coordinates":[27.50212,42.594771]}},{"type":"Feature","properties":{"lines":"6","arr":["6"],"mode":"bus","angle":69.3,"extra":1,"ei":7,"l0":"6","c0":"#07ad80"},"geometry":{"type":"Point","coordinates":[27.501212,42.596537]}},{"type":"Feature","properties":{"lines":"6","arr":["6"],"mode":"bus","angle":69.3,"extra":1,"ei":8,"l0":"6","c0":"#07ad80"},"geometry":{"type":"Point","coordinates":[27.500308,42.598304]}},{"type":"Feature","properties":{"lines":"6","arr":["6"],"mode":"bus","angle":69.4,"extra":1,"ei":9,"l0":"6","c0":"#07ad80"},"geometry":{"type":"Point","coordinates":[27.499405,42.600071]}},{"type":"Feature","properties":{"lines":"6","arr":["6"],"mode":"bus","angle":69.1,"extra":1,"ei":10,"l0":"6","c0":"#07ad80"},"geometry":{"type":"Point","coordinates":[27.498501,42.601839]}},{"type":"Feature","properties":{"lines":"6","arr":["6"],"mode":"bus","angle":68.6,"extra":1,"ei":11,"l0":"6","c0":"#07ad80"},"geometry":{"type":"Point","coordinates":[27.497606,42.603608]}},{"type":"Feature","properties":{"lines":"6","arr":["6"],"mode":"bus","angle":69.4,"extra":1,"ei":12,"l0":"6","c0":"#07ad80"},"geometry":{"type":"Point","coordinates":[27.495749,42.607127]}},{"type":"Feature","properties":{"lines":"6","arr":["6"],"mode":"bus","angle":68.4,"extra":1,"ei":13,"l0":"6","c0":"#07ad80"},"geometry":{"type":"Point","coordinates":[27.494819,42.608887]}},{"type":"Feature","properties":{"lines":"6","arr":["6"],"mode":"bus","angle":69.8,"extra":1,"ei":14,"l0":"6","c0":"#07ad80"},"geometry":{"type":"Point","coordinates":[27.493885,42.610646]}},{"type":"Feature","properties":{"lines":"6","arr":["6"],"mode":"bus","angle":76.8,"extra":1,"ei":15,"l0":"6","c0":"#07ad80"},"geometry":{"type":"Point","coordinates":[27.492983,42.612413]}},{"type":"Feature","properties":{"lines":"6","arr":["6"],"mode":"bus","angle":77,"extra":1,"ei":16,"l0":"6","c0":"#07ad80"},"geometry":{"type":"Point","coordinates":[27.492762,42.614286]}},{"type":"Feature","properties":{"lines":"6","arr":["6"],"mode":"bus","angle":75.8,"extra":1,"ei":17,"l0":"6","c0":"#07ad80"},"geometry":{"type":"Point","coordinates":[27.49213,42.616117]}},{"type":"Feature","properties":{"lines":"6","arr":["6"],"mode":"bus","angle":82.9,"extra":1,"ei":18,"l0":"6","c0":"#07ad80"},"geometry":{"type":"Point","coordinates":[27.491573,42.617958]}},{"type":"Feature","properties":{"lines":"6","arr":["6"],"mode":"bus","angle":85.5,"extra":1,"ei":19,"l0":"6","c0":"#07ad80"},"geometry":{"type":"Point","coordinates":[27.491371,42.61984]}},{"type":"Feature","properties":{"lines":"6","arr":["6"],"mode":"bus","angle":70.3,"extra":1,"ei":20,"l0":"6","c0":"#07ad80"},"geometry":{"type":"Point","coordinates":[27.490711,42.621657]}},{"type":"Feature","properties":{"lines":"6","arr":["6"],"mode":"bus","angle":73.7,"extra":1,"ei":21,"l0":"6","c0":"#07ad80"},"geometry":{"type":"Point","coordinates":[27.489964,42.623462]}},{"type":"Feature","properties":{"lines":"6","arr":["6"],"mode":"bus","angle":73.4,"extra":1,"ei":22,"l0":"6","c0":"#07ad80"},"geometry":{"type":"Point","coordinates":[27.48927,42.625279]}},{"type":"Feature","properties":{"lines":"6","arr":["6"],"mode":"bus","angle":61.2,"extra":1,"ei":23,"l0":"6","c0":"#07ad80"},"geometry":{"type":"Point","coordinates":[27.488274,42.627009]}},{"type":"Feature","properties":{"lines":"6","arr":["6"],"mode":"bus","angle":-45.8,"mi":3,"l0":"6","c0":"#07ad80"},"geometry":{"type":"Point","coordinates":[27.489249,42.611831]}},{"type":"Feature","properties":{"lines":"6","arr":["6"],"mode":"bus","angle":-65.6,"l0":"6","c0":"#07ad80"},"geometry":{"type":"Point","coordinates":[27.491324,42.553042]}},{"type":"Feature","properties":{"lines":"6","arr":["6"],"mode":"bus","angle":-24.6,"l0":"6","c0":"#07ad80"},"geometry":{"type":"Point","coordinates":[27.473682,42.55026]}},{"type":"Feature","properties":{"lines":"6","arr":["6"],"mode":"bus","angle":-84.7,"mi":1,"l0":"6","c0":"#07ad80"},"geometry":{"type":"Point","coordinates":[27.474307,42.546599]}},{"type":"Feature","properties":{"lines":"6","arr":["6"],"mode":"bus","angle":-64.2,"l0":"6","c0":"#07ad80"},"geometry":{"type":"Point","coordinates":[27.497371,42.56742]}},{"type":"Feature","properties":{"lines":"6","arr":["6"],"mode":"bus","angle":-8.3,"extra":1,"ei":0,"l0":"6","c0":"#07ad80"},"geometry":{"type":"Point","coordinates":[27.490156,42.55154]}},{"type":"Feature","properties":{"lines":"6","arr":["6"],"mode":"bus","angle":-85.3,"extra":1,"ei":1,"l0":"6","c0":"#07ad80"},"geometry":{"type":"Point","coordinates":[27.491749,42.55283]}},{"type":"Feature","properties":{"lines":"6","arr":["6"],"mode":"bus","angle":66.2,"extra":1,"ei":2,"l0":"6","c0":"#07ad80"},"geometry":{"type":"Point","coordinates":[27.490955,42.554601]}},{"type":"Feature","properties":{"lines":"6","arr":["6"],"mode":"bus","angle":-84.6,"extra":1,"ei":3,"l0":"6","c0":"#07ad80"},"geometry":{"type":"Point","coordinates":[27.490638,42.556451]}},{"type":"Feature","properties":{"lines":"6","arr":["6"],"mode":"bus","angle":-64.5,"extra":1,"ei":4,"l0":"6","c0":"#07ad80"},"geometry":{"type":"Point","coordinates":[27.491411,42.558236]}},{"type":"Feature","properties":{"lines":"6","arr":["6"],"mode":"bus","angle":-64.5,"extra":1,"ei":5,"l0":"6","c0":"#07ad80"},"geometry":{"type":"Point","coordinates":[27.492516,42.55994]}},{"type":"Feature","properties":{"lines":"6","arr":["6"],"mode":"bus","angle":-64.5,"extra":1,"ei":6,"l0":"6","c0":"#07ad80"},"geometry":{"type":"Point","coordinates":[27.493621,42.561644]}},{"type":"Feature","properties":{"lines":"6","arr":["6"],"mode":"bus","angle":-64.5,"extra":1,"ei":7,"l0":"6","c0":"#07ad80"},"geometry":{"type":"Point","coordinates":[27.494724,42.563348]}},{"type":"Feature","properties":{"lines":"6","arr":["6"],"mode":"bus","angle":-64.4,"extra":1,"ei":8,"l0":"6","c0":"#07ad80"},"geometry":{"type":"Point","coordinates":[27.495831,42.565052]}},{"type":"Feature","properties":{"lines":"6","arr":["6"],"mode":"bus","angle":-64.1,"extra":1,"ei":9,"l0":"6","c0":"#07ad80"},"geometry":{"type":"Point","coordinates":[27.499168,42.570156]}},{"type":"Feature","properties":{"lines":"6","arr":["6"],"mode":"bus","angle":-64,"extra":1,"ei":10,"l0":"6","c0":"#07ad80"},"geometry":{"type":"Point","coordinates":[27.500288,42.571854]}},{"type":"Feature","properties":{"lines":"6","arr":["6"],"mode":"bus","angle":-64.1,"extra":1,"ei":11,"l0":"6","c0":"#07ad80"},"geometry":{"type":"Point","coordinates":[27.501424,42.573547]}},{"type":"Feature","properties":{"lines":"6","arr":["6"],"mode":"bus","angle":-64,"extra":1,"ei":12,"l0":"6","c0":"#07ad80"},"geometry":{"type":"Point","coordinates":[27.502545,42.575245]}},{"type":"Feature","properties":{"lines":"6","arr":["6"],"mode":"bus","angle":-64,"extra":1,"ei":13,"l0":"6","c0":"#07ad80"},"geometry":{"type":"Point","coordinates":[27.50367,42.576942]}},{"type":"Feature","properties":{"lines":"6","arr":["6"],"mode":"bus","angle":-62,"extra":1,"ei":14,"l0":"6","c0":"#07ad80"},"geometry":{"type":"Point","coordinates":[27.504802,42.578636]}},{"type":"Feature","properties":{"lines":"6","arr":["6"],"mode":"bus","angle":-55.8,"extra":1,"ei":15,"l0":"6","c0":"#07ad80"},"geometry":{"type":"Point","coordinates":[27.506193,42.580221]}},{"type":"Feature","properties":{"lines":"6","arr":["6"],"mode":"bus","angle":-55.8,"extra":1,"ei":16,"l0":"6","c0":"#07ad80"},"geometry":{"type":"Point","coordinates":[27.507631,42.581784]}},{"type":"Feature","properties":{"lines":"6","arr":["6"],"mode":"bus","angle":-55.8,"extra":1,"ei":17,"l0":"6","c0":"#07ad80"},"geometry":{"type":"Point","coordinates":[27.50907,42.583347]}},{"type":"Feature","properties":{"lines":"6","arr":["6"],"mode":"bus","angle":-15.7,"mi":2,"l0":"6","c0":"#07ad80"},"geometry":{"type":"Point","coordinates":[27.490566,42.612767]}},{"type":"Feature","properties":{"lines":"6","arr":["6"],"mode":"bus","angle":80.8,"mi":1,"l0":"6","c0":"#07ad80"},"geometry":{"type":"Point","coordinates":[27.488007,42.613048]}},{"type":"Feature","properties":{"lines":"6","arr":["6"],"mode":"bus","angle":46.8,"l0":"6","c0":"#07ad80"},"geometry":{"type":"Point","coordinates":[27.485947,42.615715]}},{"type":"Feature","properties":{"lines":"6","arr":["6"],"mode":"bus","angle":-77.5,"mi":4,"l0":"6","c0":"#07ad80"},"geometry":{"type":"Point","coordinates":[27.485511,42.622286]}},{"type":"Feature","properties":{"lines":"6","arr":["6"],"mode":"bus","angle":87.8,"extra":1,"ei":0,"l0":"6","c0":"#07ad80"},"geometry":{"type":"Point","coordinates":[27.484652,42.617729]}},{"type":"Feature","properties":{"lines":"6","arr":["6"],"mode":"bus","angle":-79.1,"extra":1,"ei":1,"l0":"6","c0":"#07ad80"},"geometry":{"type":"Point","coordinates":[27.484821,42.619607]}},{"type":"Feature","properties":{"lines":"6","arr":["6"],"mode":"bus","angle":82.2,"extra":1,"ei":2,"l0":"6","c0":"#07ad80"},"geometry":{"type":"Point","coordinates":[27.485846,42.625184]}},{"type":"Feature","properties":{"lines":"6","arr":["6"],"mode":"bus","angle":88.4,"extra":1,"ei":3,"l0":"6","c0":"#07ad80"},"geometry":{"type":"Point","coordinates":[27.485622,42.627062]}},{"type":"Feature","properties":{"lines":"6","arr":["6"],"mode":"bus","angle":14,"mi":6,"l0":"6","c0":"#07ad80"},"geometry":{"type":"Point","coordinates":[27.486893,42.627634]}},{"type":"Feature","properties":{"lines":"6, 11, 12","arr":["6","11","12"],"mode":"bus","angle":-51.4,"l0":"6, ","c0":"#07ad80","l1":"11, ","c1":"#4d4aba","l2":"12","c2":"#e16cd6"},"geometry":{"type":"Point","coordinates":[27.466415,42.522281]}},{"type":"Feature","properties":{"lines":"7, 7А, 7А1, 7А2, 9, 92","arr":["7","7А","7А1","7А2","9","92"],"mode":"bus","angle":31.7,"l0":"7, ","c0":"#b0045c","l1":"7А, ","c1":"#11a2e3","l2":"7А1, ","c2":"#fe6761","l3":"7А2, ","c3":"#5a5d02","l4":"9, ","c4":"#a72d06","l5":"92","c5":"#066559"},"geometry":{"type":"Point","coordinates":[27.465507,42.503535]}},{"type":"Feature","properties":{"lines":"7","arr":["7"],"mode":"bus","angle":31.9,"l0":"7","c0":"#b0045c"},"geometry":{"type":"Point","coordinates":[27.462959,42.504699]}},{"type":"Feature","properties":{"lines":"7, Бо","arr":["7","Бо"],"mode":"bus","angle":30.5,"l0":"7, ","c0":"#b0045c","l1":"Бо","c1":"#cf8a11"},"geometry":{"type":"Point","coordinates":[27.451109,42.510819]}},{"type":"Feature","properties":{"lines":"7, Бо","arr":["7","Бо"],"mode":"bus","angle":31,"extra":1,"ei":0,"l0":"7, ","c0":"#b0045c","l1":"Бо","c1":"#cf8a11"},"geometry":{"type":"Point","coordinates":[27.461093,42.505532]}},{"type":"Feature","properties":{"lines":"7, Бо","arr":["7","Бо"],"mode":"bus","angle":30.8,"extra":1,"ei":1,"l0":"7, ","c0":"#b0045c","l1":"Бо","c1":"#cf8a11"},"geometry":{"type":"Point","coordinates":[27.458897,42.506504]}},{"type":"Feature","properties":{"lines":"7, Бо","arr":["7","Бо"],"mode":"bus","angle":38.5,"extra":1,"ei":2,"l0":"7, ","c0":"#b0045c","l1":"Бо","c1":"#cf8a11"},"geometry":{"type":"Point","coordinates":[27.456766,42.507549]}},{"type":"Feature","properties":{"lines":"7, Бо","arr":["7","Бо"],"mode":"bus","angle":38.9,"extra":1,"ei":3,"l0":"7, ","c0":"#b0045c","l1":"Бо","c1":"#cf8a11"},"geometry":{"type":"Point","coordinates":[27.45479,42.508751]}},{"type":"Feature","properties":{"lines":"7, Бо","arr":["7","Бо"],"mode":"bus","angle":39.8,"extra":1,"ei":4,"l0":"7, ","c0":"#b0045c","l1":"Бо","c1":"#cf8a11"},"geometry":{"type":"Point","coordinates":[27.452807,42.509946]}},{"type":"Feature","properties":{"lines":"7, Бо","arr":["7","Бо"],"mode":"bus","angle":23.9,"extra":1,"ei":5,"l0":"7, ","c0":"#b0045c","l1":"Бо","c1":"#cf8a11"},"geometry":{"type":"Point","coordinates":[27.44835,42.511776]}},{"type":"Feature","properties":{"lines":"7, Бо","arr":["7","Бо"],"mode":"bus","angle":23.9,"extra":1,"ei":6,"l0":"7, ","c0":"#b0045c","l1":"Бо","c1":"#cf8a11"},"geometry":{"type":"Point","coordinates":[27.446004,42.512534]}},{"type":"Feature","properties":{"lines":"7, Бо","arr":["7","Бо"],"mode":"bus","angle":23,"extra":1,"ei":7,"l0":"7, ","c0":"#b0045c","l1":"Бо","c1":"#cf8a11"},"geometry":{"type":"Point","coordinates":[27.443658,42.513294]}},{"type":"Feature","properties":{"lines":"7, Бо","arr":["7","Бо"],"mode":"bus","angle":22.7,"extra":1,"ei":8,"l0":"7, ","c0":"#b0045c","l1":"Бо","c1":"#cf8a11"},"geometry":{"type":"Point","coordinates":[27.4413,42.514032]}},{"type":"Feature","properties":{"lines":"7, Бо","arr":["7","Бо"],"mode":"bus","angle":23,"extra":1,"ei":9,"l0":"7, ","c0":"#b0045c","l1":"Бо","c1":"#cf8a11"},"geometry":{"type":"Point","coordinates":[27.438937,42.514762]}},{"type":"Feature","properties":{"lines":"7, Бо","arr":["7","Бо"],"mode":"bus","angle":67.8,"mi":1,"l0":"7, ","c0":"#b0045c","l1":"Бо","c1":"#cf8a11"},"geometry":{"type":"Point","coordinates":[27.43769,42.515282]}},{"type":"Feature","properties":{"lines":"7, Бо","arr":["7","Бо"],"mode":"bus","angle":-75.1,"side":-1,"l0":"7, ","c0":"#b0045c","l1":"Бо","c1":"#cf8a11"},"geometry":{"type":"Point","coordinates":[27.435401,42.516058]}},{"type":"Feature","properties":{"lines":"7, 7А, Бо","arr":["7","7А","Бо"],"mode":"bus","angle":81.4,"mi":1,"l0":"7, ","c0":"#b0045c","l1":"7А, ","c1":"#11a2e3","l2":"Бо","c2":"#cf8a11"},"geometry":{"type":"Point","coordinates":[27.437981,42.516364]}},{"type":"Feature","properties":{"lines":"7, 7А, Бо","arr":["7","7А","Бо"],"mode":"bus","angle":-31.6,"l0":"7, ","c0":"#b0045c","l1":"7А, ","c1":"#11a2e3","l2":"Бо","c2":"#cf8a11"},"geometry":{"type":"Point","coordinates":[27.43663,42.51671]}},{"type":"Feature","properties":{"lines":"7А2","arr":["7А2"],"mode":"bus","angle":-69.1,"side":-1,"mi":1,"l0":"7А2","c0":"#5a5d02"},"geometry":{"type":"Point","coordinates":[27.436727,42.515564]}},{"type":"Feature","properties":{"lines":"7, 7А, 7А2, Бо","arr":["7","7А","7А2","Бо"],"mode":"bus","angle":-69.6,"side":-1,"l0":"7, ","c0":"#b0045c","l1":"7А, ","c1":"#11a2e3","l2":"7А2, ","c2":"#5a5d02","l3":"Бо","c3":"#cf8a11"},"geometry":{"type":"Point","coordinates":[27.43839,42.518818]}},{"type":"Feature","properties":{"lines":"7, 7А, 7А1, 7А2, 9, 11, 12, 92, Б2, Б12, Бо, Н","arr":["7","7А","7А1","7А2","9","11","12","92","Б2","Б12","Бо","Н"],"mode":"bus","angle":-59.3,"l0":"7, ","c0":"#b0045c","l1":"7А, ","c1":"#11a2e3","l2":"7А1, ","c2":"#fe6761","l3":"7А2, ","c3":"#5a5d02","l4":"9, ","c4":"#a72d06","l5":"11, ","c5":"#4d4aba","l6":"12, ","c6":"#e16cd6","l7":"92, ","c7":"#066559","l8":"Б2, ","c8":"#095d97","l9":"Б12, ","c9":"#2d8c1b","l10":"Бо, ","c10":"#cf8a11","l11":"Н","c11":"#9789ff"},"geometry":{"type":"Point","coordinates":[27.438808,42.519785]}},{"type":"Feature","properties":{"lines":"7, 7А, 7А1, Бо","arr":["7","7А","7А1","Бо"],"mode":"bus","angle":-69.5,"l0":"7, ","c0":"#b0045c","l1":"7А, ","c1":"#11a2e3","l2":"7А1, ","c2":"#fe6761","l3":"Бо","c3":"#cf8a11"},"geometry":{"type":"Point","coordinates":[27.437964,42.518248]}},{"type":"Feature","properties":{"lines":"7А1","arr":["7А1"],"mode":"bus","angle":-69,"l0":"7А1","c0":"#fe6761"},"geometry":{"type":"Point","coordinates":[27.436385,42.515232]}},{"type":"Feature","properties":{"lines":"7А1","arr":["7А1"],"mode":"bus","angle":-68.5,"extra":1,"ei":0,"l0":"7А1","c0":"#fe6761"},"geometry":{"type":"Point","coordinates":[27.437041,42.516476]}},{"type":"Feature","properties":{"lines":"7, 7А, 7А1, 7А2, 92","arr":["7","7А","7А1","7А2","92"],"mode":"bus","angle":-61.7,"l0":"7, ","c0":"#b0045c","l1":"7А, ","c1":"#11a2e3","l2":"7А1, ","c2":"#fe6761","l3":"7А2, ","c3":"#5a5d02","l4":"92","c4":"#066559"},"geometry":{"type":"Point","coordinates":[27.43821,42.519362]}},{"type":"Feature","properties":{"lines":"7, 7А, 7А1, 7А2, 9, 11, 12, 92, Б2, Б9, Б12, Бо, Н","arr":["7","7А","7А1","7А2","9","11","12","92","Б2","Б9","Б12","Бо","Н"],"mode":"bus","angle":-84.3,"l0":"7, ","c0":"#b0045c","l1":"7А, ","c1":"#11a2e3","l2":"7А1, ","c2":"#fe6761","l3":"7А2, ","c3":"#5a5d02","l4":"9, ","c4":"#a72d06","l5":"11, ","c5":"#4d4aba","l6":"12, ","c6":"#e16cd6","l7":"92, ","c7":"#066559","l8":"Б2, ","c8":"#095d97","l9":"Б9, ","c9":"#1cab97","l10":"Б12, ","c10":"#2d8c1b","l11":"Бо, ","c11":"#cf8a11","l12":"Н","c12":"#9789ff"},"geometry":{"type":"Point","coordinates":[27.438606,42.520261]}},{"type":"Feature","properties":{"lines":"7, 7А, 7А1, 7А2, 9, 11, 12, 92, Б2, Б9, Б12, Бо, Н","arr":["7","7А","7А1","7А2","9","11","12","92","Б2","Б9","Б12","Бо","Н"],"mode":"bus","angle":48.8,"mi":1,"l0":"7, ","c0":"#b0045c","l1":"7А, ","c1":"#11a2e3","l2":"7А1, ","c2":"#fe6761","l3":"7А2, ","c3":"#5a5d02","l4":"9, ","c4":"#a72d06","l5":"11, ","c5":"#4d4aba","l6":"12, ","c6":"#e16cd6","l7":"92, ","c7":"#066559","l8":"Б2, ","c8":"#095d97","l9":"Б9, ","c9":"#1cab97","l10":"Б12, ","c10":"#2d8c1b","l11":"Бо, ","c11":"#cf8a11","l12":"Н","c12":"#9789ff"},"geometry":{"type":"Point","coordinates":[27.439189,42.520664]}},{"type":"Feature","properties":{"lines":"7, 7А","arr":["7","7А"],"mode":"bus","angle":-18.5,"l0":"7, ","c0":"#b0045c","l1":"7А","c1":"#11a2e3"},"geometry":{"type":"Point","coordinates":[27.435175,42.516104]}},{"type":"Feature","properties":{"lines":"7, 7А","arr":["7","7А"],"mode":"bus","angle":19.4,"l0":"7, ","c0":"#b0045c","l1":"7А","c1":"#11a2e3"},"geometry":{"type":"Point","coordinates":[27.422887,42.519583]}},{"type":"Feature","properties":{"lines":"7, 7А","arr":["7","7А"],"mode":"bus","angle":19.1,"extra":1,"ei":0,"l0":"7, ","c0":"#b0045c","l1":"7А","c1":"#11a2e3"},"geometry":{"type":"Point","coordinates":[27.433573,42.516357]}},{"type":"Feature","properties":{"lines":"7, 7А","arr":["7","7А"],"mode":"bus","angle":20.3,"extra":1,"ei":1,"l0":"7, ","c0":"#b0045c","l1":"7А","c1":"#11a2e3"},"geometry":{"type":"Point","coordinates":[27.431151,42.516973]}},{"type":"Feature","properties":{"lines":"7, 7А","arr":["7","7А"],"mode":"bus","angle":23.2,"extra":1,"ei":2,"l0":"7, ","c0":"#b0045c","l1":"7А","c1":"#11a2e3"},"geometry":{"type":"Point","coordinates":[27.428779,42.517686]}},{"type":"Feature","properties":{"lines":"7, 7А","arr":["7","7А"],"mode":"bus","angle":21.8,"extra":1,"ei":3,"l0":"7, ","c0":"#b0045c","l1":"7А","c1":"#11a2e3"},"geometry":{"type":"Point","coordinates":[27.426424,42.51843]}},{"type":"Feature","properties":{"lines":"7, 7А","arr":["7","7А"],"mode":"bus","angle":21.4,"extra":1,"ei":0,"l0":"7, ","c0":"#b0045c","l1":"7А","c1":"#11a2e3"},"geometry":{"type":"Point","coordinates":[27.410935,42.520256]}},{"type":"Feature","properties":{"lines":"7, 7А","arr":["7","7А"],"mode":"bus","angle":20.1,"extra":1,"ei":1,"l0":"7, ","c0":"#b0045c","l1":"7А","c1":"#11a2e3"},"geometry":{"type":"Point","coordinates":[27.41332,42.519566]}},{"type":"Feature","properties":{"lines":"7, 7А","arr":["7","7А"],"mode":"bus","angle":1.4,"extra":1,"ei":2,"l0":"7, ","c0":"#b0045c","l1":"7А","c1":"#11a2e3"},"geometry":{"type":"Point","coordinates":[27.415803,42.519139]}},{"type":"Feature","properties":{"lines":"7, 7А","arr":["7","7А"],"mode":"bus","angle":-11.9,"extra":1,"ei":3,"l0":"7, ","c0":"#b0045c","l1":"7А","c1":"#11a2e3"},"geometry":{"type":"Point","coordinates":[27.41833,42.519424]}},{"type":"Feature","properties":{"lines":"7, 7А","arr":["7","7А"],"mode":"bus","angle":-5.9,"extra":1,"ei":4,"l0":"7, ","c0":"#b0045c","l1":"7А","c1":"#11a2e3"},"geometry":{"type":"Point","coordinates":[27.420842,42.519793]}},{"type":"Feature","properties":{"lines":"7, 7А","arr":["7","7А"],"mode":"bus","angle":-1.7,"extra":1,"ei":5,"l0":"7, ","c0":"#b0045c","l1":"7А","c1":"#11a2e3"},"geometry":{"type":"Point","coordinates":[27.435111,42.515787]}},{"type":"Feature","properties":{"lines":"7, 7А1, 7А2","arr":["7","7А1","7А2"],"mode":"bus","angle":22.1,"l0":"7, ","c0":"#b0045c","l1":"7А1, ","c1":"#fe6761","l2":"7А2","c2":"#5a5d02"},"geometry":{"type":"Point","coordinates":[27.409035,42.520813]}},{"type":"Feature","properties":{"lines":"7, 7А2","arr":["7","7А2"],"mode":"bus","angle":20.3,"l0":"7, ","c0":"#b0045c","l1":"7А2","c1":"#5a5d02"},"geometry":{"type":"Point","coordinates":[27.40801,42.521111]}},{"type":"Feature","properties":{"lines":"7","arr":["7"],"mode":"bus","angle":12,"l0":"7","c0":"#b0045c"},"geometry":{"type":"Point","coordinates":[27.398012,42.522961]}},{"type":"Feature","properties":{"lines":"7","arr":["7"],"mode":"bus","angle":-28.8,"mi":1,"l0":"7","c0":"#b0045c"},"geometry":{"type":"Point","coordinates":[27.386122,42.521704]}},{"type":"Feature","properties":{"lines":"7","arr":["7"],"mode":"bus","angle":14.7,"extra":1,"ei":0,"l0":"7","c0":"#b0045c"},"geometry":{"type":"Point","coordinates":[27.406483,42.521507]}},{"type":"Feature","properties":{"lines":"7","arr":["7"],"mode":"bus","angle":12.9,"extra":1,"ei":1,"l0":"7","c0":"#b0045c"},"geometry":{"type":"Point","coordinates":[27.403993,42.521952]}},{"type":"Feature","properties":{"lines":"7","arr":["7"],"mode":"bus","angle":12.9,"extra":1,"ei":2,"l0":"7","c0":"#b0045c"},"geometry":{"type":"Point","coordinates":[27.401495,42.522372]}},{"type":"Feature","properties":{"lines":"7","arr":["7"],"mode":"bus","angle":-3.3,"extra":1,"ei":3,"l0":"7","c0":"#b0045c"},"geometry":{"type":"Point","coordinates":[27.393914,42.522951]}},{"type":"Feature","properties":{"lines":"7","arr":["7"],"mode":"bus","angle":-3.7,"extra":1,"ei":4,"l0":"7","c0":"#b0045c"},"geometry":{"type":"Point","coordinates":[27.391356,42.522839]}},{"type":"Feature","properties":{"lines":"7","arr":["7"],"mode":"bus","angle":2.6,"extra":1,"ei":5,"l0":"7","c0":"#b0045c"},"geometry":{"type":"Point","coordinates":[27.388797,42.522767]}},{"type":"Feature","properties":{"lines":"7","arr":["7"],"mode":"bus","angle":-28.5,"mi":4,"l0":"7","c0":"#b0045c"},"geometry":{"type":"Point","coordinates":[27.373225,42.517087]}},{"type":"Feature","properties":{"lines":"7","arr":["7"],"mode":"bus","angle":-29.2,"extra":1,"ei":0,"l0":"7","c0":"#b0045c"},"geometry":{"type":"Point","coordinates":[27.382246,42.520116]}},{"type":"Feature","properties":{"lines":"7","arr":["7"],"mode":"bus","angle":-27.7,"extra":1,"ei":1,"l0":"7","c0":"#b0045c"},"geometry":{"type":"Point","coordinates":[27.380009,42.519196]}},{"type":"Feature","properties":{"lines":"7","arr":["7"],"mode":"bus","angle":-20.3,"extra":1,"ei":2,"l0":"7","c0":"#b0045c"},"geometry":{"type":"Point","coordinates":[27.377672,42.518426]}},{"type":"Feature","properties":{"lines":"7","arr":["7"],"mode":"bus","angle":-21.3,"extra":1,"ei":3,"l0":"7","c0":"#b0045c"},"geometry":{"type":"Point","coordinates":[27.375278,42.517754]}},{"type":"Feature","properties":{"lines":"7","arr":["7"],"mode":"bus","angle":-4.6,"extra":1,"ei":4,"l0":"7","c0":"#b0045c"},"geometry":{"type":"Point","coordinates":[27.370496,42.51654]}},{"type":"Feature","properties":{"lines":"7","arr":["7"],"mode":"bus","angle":-4.6,"extra":1,"ei":5,"l0":"7","c0":"#b0045c"},"geometry":{"type":"Point","coordinates":[27.367941,42.516401]}},{"type":"Feature","properties":{"lines":"7","arr":["7"],"mode":"bus","angle":-4.4,"extra":1,"ei":6,"l0":"7","c0":"#b0045c"},"geometry":{"type":"Point","coordinates":[27.365385,42.516266]}},{"type":"Feature","properties":{"lines":"7","arr":["7"],"mode":"bus","angle":-3.4,"extra":1,"ei":7,"l0":"7","c0":"#b0045c"},"geometry":{"type":"Point","coordinates":[27.36283,42.51613]}},{"type":"Feature","properties":{"lines":"7","arr":["7"],"mode":"bus","angle":78.7,"mi":1,"l0":"7","c0":"#b0045c"},"geometry":{"type":"Point","coordinates":[27.371708,42.518031]}},{"type":"Feature","properties":{"lines":"7","arr":["7"],"mode":"bus","angle":-7.9,"l0":"7","c0":"#b0045c"},"geometry":{"type":"Point","coordinates":[27.365654,42.519802]}},{"type":"Feature","properties":{"lines":"7","arr":["7"],"mode":"bus","angle":13.2,"extra":1,"ei":0,"l0":"7","c0":"#b0045c"},"geometry":{"type":"Point","coordinates":[27.370119,42.519625]}},{"type":"Feature","properties":{"lines":"7","arr":["7"],"mode":"bus","angle":-4,"extra":1,"ei":1,"l0":"7","c0":"#b0045c"},"geometry":{"type":"Point","coordinates":[27.367623,42.520006]}},{"type":"Feature","properties":{"lines":"7","arr":["7"],"mode":"bus","angle":-7.9,"extra":1,"ei":2,"l0":"7","c0":"#b0045c"},"geometry":{"type":"Point","coordinates":[27.362545,42.519502]}},{"type":"Feature","properties":{"lines":"7","arr":["7"],"mode":"bus","angle":11.7,"extra":1,"ei":3,"l0":"7","c0":"#b0045c"},"geometry":{"type":"Point","coordinates":[27.360028,42.519702]}},{"type":"Feature","properties":{"lines":"7","arr":["7"],"mode":"bus","angle":-78.4,"mi":3,"l0":"7","c0":"#b0045c"},"geometry":{"type":"Point","coordinates":[27.359557,42.51854]}},{"type":"Feature","properties":{"lines":"7","arr":["7"],"mode":"bus","angle":29.6,"mi":2,"l0":"7","c0":"#b0045c"},"geometry":{"type":"Point","coordinates":[27.360696,42.516719]}},{"type":"Feature","properties":{"lines":"7, 7А, 7А1, 7А2","arr":["7","7А","7А1","7А2"],"mode":"bus","angle":86.7,"mi":1,"l0":"7, ","c0":"#b0045c","l1":"7А, ","c1":"#11a2e3","l2":"7А1, ","c2":"#fe6761","l3":"7А2","c3":"#5a5d02"},"geometry":{"type":"Point","coordinates":[27.40952,42.524933]}},{"type":"Feature","properties":{"lines":"7, 7А, 7А1, 7А2","arr":["7","7А","7А1","7А2"],"mode":"bus","angle":89.7,"extra":1,"ei":0,"l0":"7, ","c0":"#b0045c","l1":"7А, ","c1":"#11a2e3","l2":"7А1, ","c2":"#fe6761","l3":"7А2","c3":"#5a5d02"},"geometry":{"type":"Point","coordinates":[27.409733,42.521545]}},{"type":"Feature","properties":{"lines":"7, 7А, 7А1, 7А2","arr":["7","7А","7А1","7А2"],"mode":"bus","angle":87.1,"extra":1,"ei":1,"l0":"7, ","c0":"#b0045c","l1":"7А, ","c1":"#11a2e3","l2":"7А1, ","c2":"#fe6761","l3":"7А2","c3":"#5a5d02"},"geometry":{"type":"Point","coordinates":[27.409638,42.523432]}},{"type":"Feature","properties":{"lines":"7, 7А, 7А1, 7А2","arr":["7","7А","7А1","7А2"],"mode":"bus","angle":86.8,"extra":1,"ei":2,"l0":"7, ","c0":"#b0045c","l1":"7А, ","c1":"#11a2e3","l2":"7А1, ","c2":"#fe6761","l3":"7А2","c3":"#5a5d02"},"geometry":{"type":"Point","coordinates":[27.409341,42.527203]}},{"type":"Feature","properties":{"lines":"7, 7А, 7А1, 7А2","arr":["7","7А","7А1","7А2"],"mode":"bus","angle":86.8,"extra":1,"ei":3,"l0":"7, ","c0":"#b0045c","l1":"7А, ","c1":"#11a2e3","l2":"7А1, ","c2":"#fe6761","l3":"7А2","c3":"#5a5d02"},"geometry":{"type":"Point","coordinates":[27.409199,42.529089]}},{"type":"Feature","properties":{"lines":"7, 7А, 7А1, 7А2","arr":["7","7А","7А1","7А2"],"mode":"bus","angle":88,"l0":"7, ","c0":"#b0045c","l1":"7А, ","c1":"#11a2e3","l2":"7А1, ","c2":"#fe6761","l3":"7А2","c3":"#5a5d02"},"geometry":{"type":"Point","coordinates":[27.40898,42.533573]}},{"type":"Feature","properties":{"lines":"7, 7А, 7А1, 7А2","arr":["7","7А","7А1","7А2"],"mode":"bus","angle":88,"extra":1,"ei":0,"l0":"7, ","c0":"#b0045c","l1":"7А, ","c1":"#11a2e3","l2":"7А1, ","c2":"#fe6761","l3":"7А2","c3":"#5a5d02"},"geometry":{"type":"Point","coordinates":[27.409141,42.530207]}},{"type":"Feature","properties":{"lines":"7, 7А, 7А1, 7А2","arr":["7","7А","7А1","7А2"],"mode":"bus","angle":88,"extra":1,"ei":1,"l0":"7, ","c0":"#b0045c","l1":"7А, ","c1":"#11a2e3","l2":"7А1, ","c2":"#fe6761","l3":"7А2","c3":"#5a5d02"},"geometry":{"type":"Point","coordinates":[27.409051,42.532094]}},{"type":"Feature","properties":{"lines":"7, 7А, 7А1, 7А2","arr":["7","7А","7А1","7А2"],"mode":"bus","angle":88,"extra":1,"ei":2,"l0":"7, ","c0":"#b0045c","l1":"7А, ","c1":"#11a2e3","l2":"7А1, ","c2":"#fe6761","l3":"7А2","c3":"#5a5d02"},"geometry":{"type":"Point","coordinates":[27.408871,42.535869]}},{"type":"Feature","properties":{"lines":"7, 7А, 7А1, 7А2","arr":["7","7А","7А1","7А2"],"mode":"bus","angle":88,"extra":1,"ei":3,"l0":"7, ","c0":"#b0045c","l1":"7А, ","c1":"#11a2e3","l2":"7А1, ","c2":"#fe6761","l3":"7А2","c3":"#5a5d02"},"geometry":{"type":"Point","coordinates":[27.408781,42.537756]}},{"type":"Feature","properties":{"lines":"7, 7А, Бо","arr":["7","7А","Бо"],"mode":"bus","angle":23.1,"mi":2,"l0":"7, ","c0":"#b0045c","l1":"7А, ","c1":"#11a2e3","l2":"Бо","c2":"#cf8a11"},"geometry":{"type":"Point","coordinates":[27.436447,42.515547]}},{"type":"Feature","properties":{"lines":"7, 11","arr":["7","11"],"mode":"bus","angle":31,"side":-1,"l0":"7, ","c0":"#b0045c","l1":"11","c1":"#4d4aba"},"geometry":{"type":"Point","coordinates":[27.460591,42.505668]}},{"type":"Feature","properties":{"lines":"7, 11, Бо","arr":["7","11","Бо"],"mode":"bus","angle":31.1,"side":-1,"l0":"7, ","c0":"#b0045c","l1":"11, ","c1":"#4d4aba","l2":"Бо","c2":"#cf8a11"},"geometry":{"type":"Point","coordinates":[27.461353,42.50533]}},{"type":"Feature","properties":{"lines":"7, 7А, 7А2, 9","arr":["7","7А","7А2","9"],"mode":"bus","angle":27.2,"side":-1,"l0":"7, ","c0":"#b0045c","l1":"7А, ","c1":"#11a2e3","l2":"7А2, ","c2":"#5a5d02","l3":"9","c3":"#a72d06"},"geometry":{"type":"Point","coordinates":[27.463028,42.504579]}},{"type":"Feature","properties":{"lines":"7А, 7А1, 9, 92","arr":["7А","7А1","9","92"],"mode":"bus","angle":52.8,"l0":"7А, ","c0":"#11a2e3","l1":"7А1, ","c1":"#fe6761","l2":"9, ","c2":"#a72d06","l3":"92","c3":"#066559"},"geometry":{"type":"Point","coordinates":[27.462815,42.504824]}},{"type":"Feature","properties":{"lines":"7А, 7А1, 9, 11, 92","arr":["7А","7А1","9","11","92"],"mode":"bus","angle":-81.4,"side":-1,"l0":"7А, ","c0":"#11a2e3","l1":"7А1, ","c1":"#fe6761","l2":"9, ","c2":"#a72d06","l3":"11, ","c3":"#4d4aba","l4":"92","c4":"#066559"},"geometry":{"type":"Point","coordinates":[27.462791,42.505594]}},{"type":"Feature","properties":{"lines":"7А, 7А1, 7А2, 9, 11, 12, 92, Б9","arr":["7А","7А1","7А2","9","11","12","92","Б9"],"mode":"bus","angle":-80.2,"l0":"7А, ","c0":"#11a2e3","l1":"7А1, ","c1":"#fe6761","l2":"7А2, ","c2":"#5a5d02","l3":"9, ","c3":"#a72d06","l4":"11, ","c4":"#4d4aba","l5":"12, ","c5":"#e16cd6","l6":"92, ","c6":"#066559","l7":"Б9","c7":"#1cab97"},"geometry":{"type":"Point","coordinates":[27.463276,42.507761]}},{"type":"Feature","properties":{"lines":"7А, 7А1, 7А2, 9, 92, Б9","arr":["7А","7А1","7А2","9","92","Б9"],"mode":"bus","angle":32.7,"l0":"7А, ","c0":"#11a2e3","l1":"7А1, ","c1":"#fe6761","l2":"7А2, ","c2":"#5a5d02","l3":"9, ","c3":"#a72d06","l4":"92, ","c4":"#066559","l5":"Б9","c5":"#1cab97"},"geometry":{"type":"Point","coordinates":[27.460764,42.510858]}},{"type":"Feature","properties":{"lines":"7А, 7А1, 7А2, 9, 92, Б9","arr":["7А","7А1","7А2","9","92","Б9"],"mode":"bus","angle":29.2,"extra":1,"ei":0,"l0":"7А, ","c0":"#11a2e3","l1":"7А1, ","c1":"#fe6761","l2":"7А2, ","c2":"#5a5d02","l3":"9, ","c3":"#a72d06","l4":"92, ","c4":"#066559","l5":"Б9","c5":"#1cab97"},"geometry":{"type":"Point","coordinates":[27.462604,42.510037]}},{"type":"Feature","properties":{"lines":"7А, 7А1, 7А2, 9, 92, Б9","arr":["7А","7А1","7А2","9","92","Б9"],"mode":"bus","angle":33.4,"extra":1,"ei":1,"l0":"7А, ","c0":"#11a2e3","l1":"7А1, ","c1":"#fe6761","l2":"7А2, ","c2":"#5a5d02","l3":"9, ","c3":"#a72d06","l4":"92, ","c4":"#066559","l5":"Б9","c5":"#1cab97"},"geometry":{"type":"Point","coordinates":[27.45827,42.51205]}},{"type":"Feature","properties":{"lines":"7А, 7А1, 9, 11, 92","arr":["7А","7А1","9","11","92"],"mode":"bus","angle":32,"l0":"7А, ","c0":"#11a2e3","l1":"7А1, ","c1":"#fe6761","l2":"9, ","c2":"#a72d06","l3":"11, ","c3":"#4d4aba","l4":"92","c4":"#066559"},"geometry":{"type":"Point","coordinates":[27.452534,42.5147]}},{"type":"Feature","properties":{"lines":"7А, 7А1, 9, 11, 92","arr":["7А","7А1","9","11","92"],"mode":"bus","angle":31.7,"extra":1,"ei":0,"l0":"7А, ","c0":"#11a2e3","l1":"7А1, ","c1":"#fe6761","l2":"9, ","c2":"#a72d06","l3":"11, ","c3":"#4d4aba","l4":"92","c4":"#066559"},"geometry":{"type":"Point","coordinates":[27.456252,42.51302]}},{"type":"Feature","properties":{"lines":"7А, 7А1, 9, 11, 92","arr":["7А","7А1","9","11","92"],"mode":"bus","angle":31.9,"extra":1,"ei":1,"l0":"7А, ","c0":"#11a2e3","l1":"7А1, ","c1":"#fe6761","l2":"9, ","c2":"#a72d06","l3":"11, ","c3":"#4d4aba","l4":"92","c4":"#066559"},"geometry":{"type":"Point","coordinates":[27.454079,42.51402]}},{"type":"Feature","properties":{"lines":"7А, 7А1, 9, 11, 92","arr":["7А","7А1","9","11","92"],"mode":"bus","angle":31.4,"extra":1,"ei":2,"l0":"7А, ","c0":"#11a2e3","l1":"7А1, ","c1":"#fe6761","l2":"9, ","c2":"#a72d06","l3":"11, ","c3":"#4d4aba","l4":"92","c4":"#066559"},"geometry":{"type":"Point","coordinates":[27.449705,42.515988]}},{"type":"Feature","properties":{"lines":"7А, 7А1, 9, 11, 92, Б2, Н","arr":["7А","7А1","9","11","92","Б2","Н"],"mode":"bus","angle":33,"l0":"7А, ","c0":"#11a2e3","l1":"7А1, ","c1":"#fe6761","l2":"9, ","c2":"#a72d06","l3":"11, ","c3":"#4d4aba","l4":"92, ","c4":"#066559","l5":"Б2, ","c5":"#095d97","l6":"Н","c6":"#9789ff"},"geometry":{"type":"Point","coordinates":[27.443863,42.51865]}},{"type":"Feature","properties":{"lines":"7А, 7А1, 9, 11, 92, Б2, Н","arr":["7А","7А1","9","11","92","Б2","Н"],"mode":"bus","angle":33.6,"extra":1,"ei":0,"l0":"7А, ","c0":"#11a2e3","l1":"7А1, ","c1":"#fe6761","l2":"9, ","c2":"#a72d06","l3":"11, ","c3":"#4d4aba","l4":"92, ","c4":"#066559","l5":"Б2, ","c5":"#095d97","l6":"Н","c6":"#9789ff"},"geometry":{"type":"Point","coordinates":[27.446636,42.517373]}},{"type":"Feature","properties":{"lines":"7А, 7А1, 9, 11, 92, Б2, Н","arr":["7А","7А1","9","11","92","Б2","Н"],"mode":"bus","angle":32.6,"extra":1,"ei":1,"l0":"7А, ","c0":"#11a2e3","l1":"7А1, ","c1":"#fe6761","l2":"9, ","c2":"#a72d06","l3":"11, ","c3":"#4d4aba","l4":"92, ","c4":"#066559","l5":"Б2, ","c5":"#095d97","l6":"Н","c6":"#9789ff"},"geometry":{"type":"Point","coordinates":[27.442304,42.519391]}},{"type":"Feature","properties":{"lines":"7А, 7А1, 9, 11, 92, Б2, Н","arr":["7А","7А1","9","11","92","Б2","Н"],"mode":"bus","angle":36.9,"extra":1,"ei":2,"l0":"7А, ","c0":"#11a2e3","l1":"7А1, ","c1":"#fe6761","l2":"9, ","c2":"#a72d06","l3":"11, ","c3":"#4d4aba","l4":"92, ","c4":"#066559","l5":"Б2, ","c5":"#095d97","l6":"Н","c6":"#9789ff"},"geometry":{"type":"Point","coordinates":[27.440069,42.520296]}},{"type":"Feature","properties":{"lines":"7А, 7А2, 9, 12, Б2, Б9, Н","arr":["7А","7А2","9","12","Б2","Б9","Н"],"mode":"bus","angle":32.8,"side":-1,"l0":"7А, ","c0":"#11a2e3","l1":"7А2, ","c1":"#5a5d02","l2":"9, ","c2":"#a72d06","l3":"12, ","c3":"#e16cd6","l4":"Б2, ","c4":"#095d97","l5":"Б9, ","c5":"#1cab97","l6":"Н","c6":"#9789ff"},"geometry":{"type":"Point","coordinates":[27.443969,42.51852]}},{"type":"Feature","properties":{"lines":"7А, 7А2, 9, 12, Б2, Б9, Н","arr":["7А","7А2","9","12","Б2","Б9","Н"],"mode":"bus","angle":31.9,"side":-1,"extra":1,"ei":0,"l0":"7А, ","c0":"#11a2e3","l1":"7А2, ","c1":"#5a5d02","l2":"9, ","c2":"#a72d06","l3":"12, ","c3":"#e16cd6","l4":"Б2, ","c4":"#095d97","l5":"Б9, ","c5":"#1cab97","l6":"Н","c6":"#9789ff"},"geometry":{"type":"Point","coordinates":[27.440968,42.519782]}},{"type":"Feature","properties":{"lines":"7А, 7А2, 9, 12, Б2, Б9, Н","arr":["7А","7А2","9","12","Б2","Б9","Н"],"mode":"bus","angle":31.7,"side":-1,"extra":1,"ei":1,"l0":"7А, ","c0":"#11a2e3","l1":"7А2, ","c1":"#5a5d02","l2":"9, ","c2":"#a72d06","l3":"12, ","c3":"#e16cd6","l4":"Б2, ","c4":"#095d97","l5":"Б9, ","c5":"#1cab97","l6":"Н","c6":"#9789ff"},"geometry":{"type":"Point","coordinates":[27.445377,42.517866]}},{"type":"Feature","properties":{"lines":"7А, 7А2, 9, 12, Б2, Б9, Н","arr":["7А","7А2","9","12","Б2","Б9","Н"],"mode":"bus","angle":31.1,"side":-1,"extra":1,"ei":2,"l0":"7А, ","c0":"#11a2e3","l1":"7А2, ","c1":"#5a5d02","l2":"9, ","c2":"#a72d06","l3":"12, ","c3":"#e16cd6","l4":"Б2, ","c4":"#095d97","l5":"Б9, ","c5":"#1cab97","l6":"Н","c6":"#9789ff"},"geometry":{"type":"Point","coordinates":[27.447468,42.516785]}},{"type":"Feature","properties":{"lines":"7А, 7А2, 9, 12, Б9","arr":["7А","7А2","9","12","Б9"],"mode":"bus","angle":30.3,"side":-1,"l0":"7А, ","c0":"#11a2e3","l1":"7А2, ","c1":"#5a5d02","l2":"9, ","c2":"#a72d06","l3":"12, ","c3":"#e16cd6","l4":"Б9","c4":"#1cab97"},"geometry":{"type":"Point","coordinates":[27.452535,42.514601]}},{"type":"Feature","properties":{"lines":"7А, 7А2, 9, 12, Б9","arr":["7А","7А2","9","12","Б9"],"mode":"bus","angle":29.6,"side":-1,"extra":1,"ei":0,"l0":"7А, ","c0":"#11a2e3","l1":"7А2, ","c1":"#5a5d02","l2":"9, ","c2":"#a72d06","l3":"12, ","c3":"#e16cd6","l4":"Б9","c4":"#1cab97"},"geometry":{"type":"Point","coordinates":[27.449,42.516097]}},{"type":"Feature","properties":{"lines":"7А, 7А2, 9, 12, Б9","arr":["7А","7А2","9","12","Б9"],"mode":"bus","angle":32.1,"side":-1,"extra":1,"ei":1,"l0":"7А, ","c0":"#11a2e3","l1":"7А2, ","c1":"#5a5d02","l2":"9, ","c2":"#a72d06","l3":"12, ","c3":"#e16cd6","l4":"Б9","c4":"#1cab97"},"geometry":{"type":"Point","coordinates":[27.455613,42.513211]}},{"type":"Feature","properties":{"lines":"7А, 7А2, 9, 12, Б9","arr":["7А","7А2","9","12","Б9"],"mode":"bus","angle":-72,"l0":"7А, ","c0":"#11a2e3","l1":"7А2, ","c1":"#5a5d02","l2":"9, ","c2":"#a72d06","l3":"12, ","c3":"#e16cd6","l4":"Б9","c4":"#1cab97"},"geometry":{"type":"Point","coordinates":[27.462641,42.5055]}},{"type":"Feature","properties":{"lines":"7А1","arr":["7А1"],"mode":"bus","angle":-5.2,"mi":1,"l0":"7А1","c0":"#fe6761"},"geometry":{"type":"Point","coordinates":[27.432648,42.511738]}},{"type":"Feature","properties":{"lines":"7А1","arr":["7А1"],"mode":"bus","angle":-42.8,"extra":1,"ei":0,"l0":"7А1","c0":"#fe6761"},"geometry":{"type":"Point","coordinates":[27.434516,42.512348]}},{"type":"Feature","properties":{"lines":"7А1","arr":["7А1"],"mode":"bus","angle":1.1,"extra":1,"ei":1,"l0":"7А1","c0":"#fe6761"},"geometry":{"type":"Point","coordinates":[27.429606,42.511767]}},{"type":"Feature","properties":{"lines":"7А1","arr":["7А1"],"mode":"bus","angle":-42,"side":-1,"l0":"7А1","c0":"#fe6761"},"geometry":{"type":"Point","coordinates":[27.407732,42.52091]}},{"type":"Feature","properties":{"lines":"7А1, 7А2","arr":["7А1","7А2"],"mode":"bus","angle":1.9,"l0":"7А1, ","c0":"#fe6761","l1":"7А2","c1":"#5a5d02"},"geometry":{"type":"Point","coordinates":[27.424417,42.511872]}},{"type":"Feature","properties":{"lines":"7А1, 7А2","arr":["7А1","7А2"],"mode":"bus","angle":1.6,"extra":1,"ei":0,"l0":"7А1, ","c0":"#fe6761","l1":"7А2","c1":"#5a5d02"},"geometry":{"type":"Point","coordinates":[27.428008,42.511798]}},{"type":"Feature","properties":{"lines":"7А1, 7А2","arr":["7А1","7А2"],"mode":"bus","angle":2,"extra":1,"ei":1,"l0":"7А1, ","c0":"#fe6761","l1":"7А2","c1":"#5a5d02"},"geometry":{"type":"Point","coordinates":[27.420326,42.511981]}},{"type":"Feature","properties":{"lines":"7А1, 7А2","arr":["7А1","7А2"],"mode":"bus","angle":-70,"l0":"7А1, ","c0":"#fe6761","l1":"7А2","c1":"#5a5d02"},"geometry":{"type":"Point","coordinates":[27.40845,42.513196]}},{"type":"Feature","properties":{"lines":"7А1, 7А2","arr":["7А1","7А2"],"mode":"bus","angle":1.8,"extra":1,"ei":0,"l0":"7А1, ","c0":"#fe6761","l1":"7А2","c1":"#5a5d02"},"geometry":{"type":"Point","coordinates":[27.418266,42.512032]}},{"type":"Feature","properties":{"lines":"7А1, 7А2","arr":["7А1","7А2"],"mode":"bus","angle":1.8,"extra":1,"ei":1,"l0":"7А1, ","c0":"#fe6761","l1":"7А2","c1":"#5a5d02"},"geometry":{"type":"Point","coordinates":[27.415705,42.512091]}},{"type":"Feature","properties":{"lines":"7А1, 7А2","arr":["7А1","7А2"],"mode":"bus","angle":2,"extra":1,"ei":2,"l0":"7А1, ","c0":"#fe6761","l1":"7А2","c1":"#5a5d02"},"geometry":{"type":"Point","coordinates":[27.413144,42.512154]}},{"type":"Feature","properties":{"lines":"7А1, 7А2","arr":["7А1","7А2"],"mode":"bus","angle":1.7,"extra":1,"ei":3,"l0":"7А1, ","c0":"#fe6761","l1":"7А2","c1":"#5a5d02"},"geometry":{"type":"Point","coordinates":[27.410583,42.512211]}},{"type":"Feature","properties":{"lines":"7А1, 7А2","arr":["7А1","7А2"],"mode":"bus","angle":-67.9,"extra":1,"ei":4,"l0":"7А1, ","c0":"#fe6761","l1":"7А2","c1":"#5a5d02"},"geometry":{"type":"Point","coordinates":[27.409013,42.514312]}},{"type":"Feature","properties":{"lines":"7А1, 7А2","arr":["7А1","7А2"],"mode":"bus","angle":-75.8,"extra":1,"ei":5,"l0":"7А1, ","c0":"#fe6761","l1":"7А2","c1":"#5a5d02"},"geometry":{"type":"Point","coordinates":[27.409763,42.516116]}},{"type":"Feature","properties":{"lines":"7А1, 7А2","arr":["7А1","7А2"],"mode":"bus","angle":-72.6,"extra":1,"ei":6,"l0":"7А1, ","c0":"#fe6761","l1":"7А2","c1":"#5a5d02"},"geometry":{"type":"Point","coordinates":[27.410466,42.51793]}},{"type":"Feature","properties":{"lines":"7А1, 7А2","arr":["7А1","7А2"],"mode":"bus","angle":13.9,"extra":1,"ei":7,"l0":"7А1, ","c0":"#fe6761","l1":"7А2","c1":"#5a5d02"},"geometry":{"type":"Point","coordinates":[27.409189,42.519214]}},{"type":"Feature","properties":{"lines":"7А1, 7А2","arr":["7А1","7А2"],"mode":"bus","angle":-81.3,"extra":1,"ei":8,"l0":"7А1, ","c0":"#fe6761","l1":"7А2","c1":"#5a5d02"},"geometry":{"type":"Point","coordinates":[27.4073,42.520056]}},{"type":"Feature","properties":{"lines":"7А2","arr":["7А2"],"mode":"bus","angle":-77.6,"l0":"7А2","c0":"#5a5d02"},"geometry":{"type":"Point","coordinates":[27.407492,42.520864]}},{"type":"Feature","properties":{"lines":"7А2","arr":["7А2"],"mode":"bus","angle":-86.5,"side":-1,"l0":"7А2","c0":"#5a5d02"},"geometry":{"type":"Point","coordinates":[27.435381,42.51286]}},{"type":"Feature","properties":{"lines":"7А2","arr":["7А2"],"mode":"bus","angle":2,"side":-1,"mi":2,"l0":"7А2","c0":"#5a5d02"},"geometry":{"type":"Point","coordinates":[27.431734,42.511595]}},{"type":"Feature","properties":{"lines":"8, 15, 15А, 81, Б11, Б12","arr":["8","15","15А","81","Б11","Б12"],"mode":"bus","angle":52.6,"l0":"8, ","c0":"#cf5128","l1":"15, ","c1":"#b0045c","l2":"15А, ","c2":"#7c5001","l3":"81, ","c3":"#066559","l4":"Б11, ","c4":"#11a2e3","l5":"Б12","c5":"#2d8c1b"},"geometry":{"type":"Point","coordinates":[27.475449,42.503006]}},{"type":"Feature","properties":{"lines":"15А","arr":["15А"],"mode":"bus","angle":52.8,"l0":"15А","c0":"#7c5001"},"geometry":{"type":"Point","coordinates":[27.476701,42.50179]}},{"type":"Feature","properties":{"lines":"8, 11, 15, 15А, 81, Б11, Б12","arr":["8","11","15","15А","81","Б11","Б12"],"mode":"bus","angle":53.4,"side":-1,"l0":"8, ","c0":"#cf5128","l1":"11, ","c1":"#4d4aba","l2":"15, ","c2":"#b0045c","l3":"15А, ","c3":"#7c5001","l4":"81, ","c4":"#066559","l5":"Б11, ","c5":"#11a2e3","l6":"Б12","c6":"#2d8c1b"},"geometry":{"type":"Point","coordinates":[27.478206,42.500303]}},{"type":"Feature","properties":{"lines":"11","arr":["11"],"mode":"bus","angle":52.4,"side":-1,"l0":"11","c0":"#4d4aba"},"geometry":{"type":"Point","coordinates":[27.475351,42.502966]}},{"type":"Feature","properties":{"lines":"11","arr":["11"],"mode":"bus","angle":61.4,"mi":3,"l0":"11","c0":"#4d4aba"},"geometry":{"type":"Point","coordinates":[27.462709,42.530677]}},{"type":"Feature","properties":{"lines":"11","arr":["11"],"mode":"bus","angle":52.6,"mi":6,"l0":"11","c0":"#4d4aba"},"geometry":{"type":"Point","coordinates":[27.461509,42.491659]}},{"type":"Feature","properties":{"lines":"11","arr":["11"],"mode":"bus","angle":-64.7,"side":-1,"l0":"11","c0":"#4d4aba"},"geometry":{"type":"Point","coordinates":[27.458581,42.500704]}},{"type":"Feature","properties":{"lines":"11","arr":["11"],"mode":"bus","angle":-58.2,"mi":5,"l0":"11","c0":"#4d4aba"},"geometry":{"type":"Point","coordinates":[27.459931,42.50566]}},{"type":"Feature","properties":{"lines":"8, 11, 15, 81, Б11, Б12","arr":["8","11","15","81","Б11","Б12"],"mode":"bus","angle":53,"side":-1,"l0":"8, ","c0":"#cf5128","l1":"11, ","c1":"#4d4aba","l2":"15, ","c2":"#b0045c","l3":"81, ","c3":"#066559","l4":"Б11, ","c4":"#11a2e3","l5":"Б12","c5":"#2d8c1b"},"geometry":{"type":"Point","coordinates":[27.476628,42.501733]}},{"type":"Feature","properties":{"lines":"8, 15, 15А, Б11, Б12","arr":["8","15","15А","Б11","Б12"],"mode":"bus","angle":55.6,"l0":"8, ","c0":"#cf5128","l1":"15, ","c1":"#b0045c","l2":"15А, ","c2":"#7c5001","l3":"Б11, ","c3":"#11a2e3","l4":"Б12","c4":"#2d8c1b"},"geometry":{"type":"Point","coordinates":[27.479893,42.49882]}},{"type":"Feature","properties":{"lines":"8, 12, 15, 15А, 82, Б11, Б12","arr":["8","12","15","15А","82","Б11","Б12"],"mode":"bus","angle":83.7,"l0":"8, ","c0":"#cf5128","l1":"12, ","c1":"#e16cd6","l2":"15, ","c2":"#b0045c","l3":"15А, ","c3":"#7c5001","l4":"82, ","c4":"#999f01","l5":"Б11, ","c5":"#11a2e3","l6":"Б12","c6":"#2d8c1b"},"geometry":{"type":"Point","coordinates":[27.480364,42.496876]}},{"type":"Feature","properties":{"lines":"8, 12, 15, 15А, 82, Б11","arr":["8","12","15","15А","82","Б11"],"mode":"bus","angle":-69.5,"side":-1,"l0":"8, ","c0":"#cf5128","l1":"12, ","c1":"#e16cd6","l2":"15, ","c2":"#b0045c","l3":"15А, ","c3":"#7c5001","l4":"82, ","c4":"#999f01","l5":"Б11","c5":"#11a2e3"},"geometry":{"type":"Point","coordinates":[27.48079,42.493903]}},{"type":"Feature","properties":{"lines":"8, 11, 12, 15, 15А, 81, 82, Б11, Б12","arr":["8","11","12","15","15А","81","82","Б11","Б12"],"mode":"bus","angle":-19.3,"l0":"8, ","c0":"#cf5128","l1":"11, ","c1":"#4d4aba","l2":"12, ","c2":"#e16cd6","l3":"15, ","c3":"#b0045c","l4":"15А, ","c4":"#7c5001","l5":"81, ","c5":"#066559","l6":"82, ","c6":"#999f01","l7":"Б11, ","c7":"#11a2e3","l8":"Б12","c8":"#2d8c1b"},"geometry":{"type":"Point","coordinates":[27.477761,42.491886]}},{"type":"Feature","properties":{"lines":"8","arr":["8"],"mode":"bus","angle":-77.1,"mi":2,"l0":"8","c0":"#cf5128"},"geometry":{"type":"Point","coordinates":[27.478293,42.491679]}},{"type":"Feature","properties":{"lines":"8","arr":["8"],"mode":"bus","angle":-22.7,"l0":"8","c0":"#cf5128"},"geometry":{"type":"Point","coordinates":[27.477186,42.491007]}},{"type":"Feature","properties":{"lines":"8","arr":["8"],"mode":"bus","angle":-85.1,"mi":1,"l0":"8","c0":"#cf5128"},"geometry":{"type":"Point","coordinates":[27.477477,42.491289]}},{"type":"Feature","properties":{"lines":"8","arr":["8"],"mode":"bus","angle":1.8,"mi":3,"l0":"8","c0":"#cf5128"},"geometry":{"type":"Point","coordinates":[27.475816,42.490697]}},{"type":"Feature","properties":{"lines":"8, 11, 12, 17, Б1, Б2","arr":["8","11","12","17","Б1","Б2"],"mode":"bus","angle":0.2,"l0":"8, ","c0":"#cf5128","l1":"11, ","c1":"#4d4aba","l2":"12, ","c2":"#e16cd6","l3":"17, ","c3":"#1cab97","l4":"Б1, ","c4":"#fe6761","l5":"Б2","c5":"#095d97"},"geometry":{"type":"Point","coordinates":[27.474151,42.490721]}},{"type":"Feature","properties":{"lines":"8, 11, 12, 17, 81, 82, Б1, Б2, Б11, Б12, Н","arr":["8","11","12","17","81","82","Б1","Б2","Б11","Б12","Н"],"mode":"bus","angle":2.1,"l0":"8, ","c0":"#cf5128","l1":"11, ","c1":"#4d4aba","l2":"12, ","c2":"#e16cd6","l3":"17, ","c3":"#1cab97","l4":"81, ","c4":"#066559","l5":"82, ","c5":"#999f01","l6":"Б1, ","c6":"#fe6761","l7":"Б2, ","c7":"#095d97","l8":"Б11, ","c8":"#11a2e3","l9":"Б12, ","c9":"#2d8c1b","l10":"Н","c10":"#9789ff"},"geometry":{"type":"Point","coordinates":[27.472657,42.491242]}},{"type":"Feature","properties":{"lines":"8, 9, 11, 12, 17, 81, 82, 92, Б1, Б2, Б11, Б12, Н, Т1","arr":["8","9","11","12","17","81","82","92","Б1","Б2","Б11","Б12","Н","Т1"],"mode":"bus","angle":-4,"l0":"8, ","c0":"#cf5128","l1":"9, ","c1":"#a72d06","l2":"11, ","c2":"#4d4aba","l3":"12, ","c3":"#e16cd6","l4":"17, ","c4":"#1cab97","l5":"81, ","c5":"#066559","l6":"82, ","c6":"#999f01","l7":"92, ","c7":"#066559","l8":"Б1, ","c8":"#fe6761","l9":"Б2, ","c9":"#095d97","l10":"Б11, ","c10":"#11a2e3","l11":"Б12, ","c11":"#2d8c1b","l12":"Н, ","c12":"#9789ff","l13":"Т1","c13":"#6b5806"},"geometry":{"type":"Point","coordinates":[27.466805,42.490283]}},{"type":"Feature","properties":{"lines":"8, 9, 11, 12, 17, 81, 82, 92, Б1, Б2, Б11, Б12, Н, Т1","arr":["8","9","11","12","17","81","82","92","Б1","Б2","Б11","Б12","Н","Т1"],"mode":"bus","angle":-16.1,"extra":1,"ei":0,"l0":"8, ","c0":"#cf5128","l1":"9, ","c1":"#a72d06","l2":"11, ","c2":"#4d4aba","l3":"12, ","c3":"#e16cd6","l4":"17, ","c4":"#1cab97","l5":"81, ","c5":"#066559","l6":"82, ","c6":"#999f01","l7":"92, ","c7":"#066559","l8":"Б1, ","c8":"#fe6761","l9":"Б2, ","c9":"#095d97","l10":"Б11, ","c10":"#11a2e3","l11":"Б12, ","c11":"#2d8c1b","l12":"Н, ","c12":"#9789ff","l13":"Т1","c13":"#6b5806"},"geometry":{"type":"Point","coordinates":[27.470691,42.491105]}},{"type":"Feature","properties":{"lines":"8, 9, 11, 12, 17, 81, 82, 92, Б1, Б2, Б11, Б12, Н, Т1","arr":["8","9","11","12","17","81","82","92","Б1","Б2","Б11","Б12","Н","Т1"],"mode":"bus","angle":22.7,"extra":1,"ei":1,"l0":"8, ","c0":"#cf5128","l1":"9, ","c1":"#a72d06","l2":"11, ","c2":"#4d4aba","l3":"12, ","c3":"#e16cd6","l4":"17, ","c4":"#1cab97","l5":"81, ","c5":"#066559","l6":"82, ","c6":"#999f01","l7":"92, ","c7":"#066559","l8":"Б1, ","c8":"#fe6761","l9":"Б2, ","c9":"#095d97","l10":"Б11, ","c10":"#11a2e3","l11":"Б12, ","c11":"#2d8c1b","l12":"Н, ","c12":"#9789ff","l13":"Т1","c13":"#6b5806"},"geometry":{"type":"Point","coordinates":[27.463301,42.490927]}},{"type":"Feature","properties":{"lines":"8, 9, 17, 82, 92, Б11, Б12, Н, Т1","arr":["8","9","17","82","92","Б11","Б12","Н","Т1"],"mode":"bus","angle":-14.8,"side":-1,"l0":"8, ","c0":"#cf5128","l1":"9, ","c1":"#a72d06","l2":"17, ","c2":"#1cab97","l3":"82, ","c3":"#999f01","l4":"92, ","c4":"#066559","l5":"Б11, ","c5":"#11a2e3","l6":"Б12, ","c6":"#2d8c1b","l7":"Н, ","c7":"#9789ff","l8":"Т1","c8":"#6b5806"},"geometry":{"type":"Point","coordinates":[27.458015,42.490885]}},{"type":"Feature","properties":{"lines":"8, 9, 17, 82, 92, Б11, Б12, Н, Т1","arr":["8","9","17","82","92","Б11","Б12","Н","Т1"],"mode":"bus","angle":-14.8,"side":-1,"extra":1,"ei":0,"l0":"8, ","c0":"#cf5128","l1":"9, ","c1":"#a72d06","l2":"17, ","c2":"#1cab97","l3":"82, ","c3":"#999f01","l4":"92, ","c4":"#066559","l5":"Б11, ","c5":"#11a2e3","l6":"Б12, ","c6":"#2d8c1b","l7":"Н, ","c7":"#9789ff","l8":"Т1","c8":"#6b5806"},"geometry":{"type":"Point","coordinates":[27.459899,42.491252]}},{"type":"Feature","properties":{"lines":"8, 9, 17, 82, 92, Б11, Б12, Н, Т1","arr":["8","9","17","82","92","Б11","Б12","Н","Т1"],"mode":"bus","angle":-21.8,"side":-1,"extra":1,"ei":1,"l0":"8, ","c0":"#cf5128","l1":"9, ","c1":"#a72d06","l2":"17, ","c2":"#1cab97","l3":"82, ","c3":"#999f01","l4":"92, ","c4":"#066559","l5":"Б11, ","c5":"#11a2e3","l6":"Б12, ","c6":"#2d8c1b","l7":"Н, ","c7":"#9789ff","l8":"Т1","c8":"#6b5806"},"geometry":{"type":"Point","coordinates":[27.454947,42.490295]}},{"type":"Feature","properties":{"lines":"8, 17, 81, 82, Б11, Б12, Т1","arr":["8","17","81","82","Б11","Б12","Т1"],"mode":"bus","angle":-39,"l0":"8, ","c0":"#cf5128","l1":"17, ","c1":"#1cab97","l2":"81, ","c2":"#066559","l3":"82, ","c3":"#999f01","l4":"Б11, ","c4":"#11a2e3","l5":"Б12, ","c5":"#2d8c1b","l6":"Т1","c6":"#6b5806"},"geometry":{"type":"Point","coordinates":[27.447951,42.486225]}},{"type":"Feature","properties":{"lines":"8, 17, 81, 82, Б11, Б12, Т1","arr":["8","17","81","82","Б11","Б12","Т1"],"mode":"bus","angle":-39.2,"extra":1,"ei":0,"l0":"8, ","c0":"#cf5128","l1":"17, ","c1":"#1cab97","l2":"81, ","c2":"#066559","l3":"82, ","c3":"#999f01","l4":"Б11, ","c4":"#11a2e3","l5":"Б12, ","c5":"#2d8c1b","l6":"Т1","c6":"#6b5806"},"geometry":{"type":"Point","coordinates":[27.453722,42.489635]}},{"type":"Feature","properties":{"lines":"8, 17, 81, 82, Б11, Б12, Т1","arr":["8","17","81","82","Б11","Б12","Т1"],"mode":"bus","angle":-39.2,"extra":1,"ei":1,"l0":"8, ","c0":"#cf5128","l1":"17, ","c1":"#1cab97","l2":"81, ","c2":"#066559","l3":"82, ","c3":"#999f01","l4":"Б11, ","c4":"#11a2e3","l5":"Б12, ","c5":"#2d8c1b","l6":"Т1","c6":"#6b5806"},"geometry":{"type":"Point","coordinates":[27.451725,42.488452]}},{"type":"Feature","properties":{"lines":"8, 17, 81, 82, Б11, Б12, Т1","arr":["8","17","81","82","Б11","Б12","Т1"],"mode":"bus","angle":-39.2,"extra":1,"ei":2,"l0":"8, ","c0":"#cf5128","l1":"17, ","c1":"#1cab97","l2":"81, ","c2":"#066559","l3":"82, ","c3":"#999f01","l4":"Б11, ","c4":"#11a2e3","l5":"Б12, ","c5":"#2d8c1b","l6":"Т1","c6":"#6b5806"},"geometry":{"type":"Point","coordinates":[27.449726,42.48727]}},{"type":"Feature","properties":{"lines":"8, 17, 81, 82, Б11, Б12, Т1","arr":["8","17","81","82","Б11","Б12","Т1"],"mode":"bus","angle":-38.2,"extra":1,"ei":3,"l0":"8, ","c0":"#cf5128","l1":"17, ","c1":"#1cab97","l2":"81, ","c2":"#066559","l3":"82, ","c3":"#999f01","l4":"Б11, ","c4":"#11a2e3","l5":"Б12, ","c5":"#2d8c1b","l6":"Т1","c6":"#6b5806"},"geometry":{"type":"Point","coordinates":[27.445743,42.484895]}},{"type":"Feature","properties":{"lines":"8, 17, 81, 82, Б11, Б12, Т1","arr":["8","17","81","82","Б11","Б12","Т1"],"mode":"bus","angle":-38.2,"extra":1,"ei":4,"l0":"8, ","c0":"#cf5128","l1":"17, ","c1":"#1cab97","l2":"81, ","c2":"#066559","l3":"82, ","c3":"#999f01","l4":"Б11, ","c4":"#11a2e3","l5":"Б12, ","c5":"#2d8c1b","l6":"Т1","c6":"#6b5806"},"geometry":{"type":"Point","coordinates":[27.443729,42.483727]}},{"type":"Feature","properties":{"lines":"8, 17, 81, 82, Б11, Б12, Т1","arr":["8","17","81","82","Б11","Б12","Т1"],"mode":"bus","angle":-50.7,"extra":1,"ei":5,"l0":"8, ","c0":"#cf5128","l1":"17, ","c1":"#1cab97","l2":"81, ","c2":"#066559","l3":"82, ","c3":"#999f01","l4":"Б11, ","c4":"#11a2e3","l5":"Б12, ","c5":"#2d8c1b","l6":"Т1","c6":"#6b5806"},"geometry":{"type":"Point","coordinates":[27.441792,42.482498]}},{"type":"Feature","properties":{"lines":"8, 17, 81, 82, Б11, Б12, Т1","arr":["8","17","81","82","Б11","Б12","Т1"],"mode":"bus","angle":-73.6,"l0":"8, ","c0":"#cf5128","l1":"17, ","c1":"#1cab97","l2":"81, ","c2":"#066559","l3":"82, ","c3":"#999f01","l4":"Б11, ","c4":"#11a2e3","l5":"Б12, ","c5":"#2d8c1b","l6":"Т1","c6":"#6b5806"},"geometry":{"type":"Point","coordinates":[27.440173,42.479296]}},{"type":"Feature","properties":{"lines":"8, 17, 81, 82, Б11, Б12, Т1","arr":["8","17","81","82","Б11","Б12","Т1"],"mode":"bus","angle":-48.4,"mi":1,"l0":"8, ","c0":"#cf5128","l1":"17, ","c1":"#1cab97","l2":"81, ","c2":"#066559","l3":"82, ","c3":"#999f01","l4":"Б11, ","c4":"#11a2e3","l5":"Б12, ","c5":"#2d8c1b","l6":"Т1","c6":"#6b5806"},"geometry":{"type":"Point","coordinates":[27.437591,42.475207]}},{"type":"Feature","properties":{"lines":"8, 17, 81, 82, Б11, Б12, Т1","arr":["8","17","81","82","Б11","Б12","Т1"],"mode":"bus","angle":-74.4,"extra":1,"ei":0,"l0":"8, ","c0":"#cf5128","l1":"17, ","c1":"#1cab97","l2":"81, ","c2":"#066559","l3":"82, ","c3":"#999f01","l4":"Б11, ","c4":"#11a2e3","l5":"Б12, ","c5":"#2d8c1b","l6":"Т1","c6":"#6b5806"},"geometry":{"type":"Point","coordinates":[27.440933,42.481195]}},{"type":"Feature","properties":{"lines":"8, 17, 81, 82, Б11, Б12, Т1","arr":["8","17","81","82","Б11","Б12","Т1"],"mode":"bus","angle":-74,"extra":1,"ei":1,"l0":"8, ","c0":"#cf5128","l1":"17, ","c1":"#1cab97","l2":"81, ","c2":"#066559","l3":"82, ","c3":"#999f01","l4":"Б11, ","c4":"#11a2e3","l5":"Б12, ","c5":"#2d8c1b","l6":"Т1","c6":"#6b5806"},"geometry":{"type":"Point","coordinates":[27.43949,42.477571]}},{"type":"Feature","properties":{"lines":"8, 17, 81, Б11, Б12, Т1","arr":["8","17","81","Б11","Б12","Т1"],"mode":"bus","angle":-53.7,"l0":"8, ","c0":"#cf5128","l1":"17, ","c1":"#1cab97","l2":"81, ","c2":"#066559","l3":"Б11, ","c3":"#11a2e3","l4":"Б12, ","c4":"#2d8c1b","l5":"Т1","c5":"#6b5806"},"geometry":{"type":"Point","coordinates":[27.438813,42.476222]}},{"type":"Feature","properties":{"lines":"8, 17, 81, Б11, Б12, Т1","arr":["8","17","81","Б11","Б12","Т1"],"mode":"bus","angle":-10,"mi":1,"l0":"8, ","c0":"#cf5128","l1":"17, ","c1":"#1cab97","l2":"81, ","c2":"#066559","l3":"Б11, ","c3":"#11a2e3","l4":"Б12, ","c4":"#2d8c1b","l5":"Т1","c5":"#6b5806"},"geometry":{"type":"Point","coordinates":[27.43641,42.474337]}},{"type":"Feature","properties":{"lines":"8, 9, 17А, 81, Б1, Б2, Б9, Б11, Б12, Бо, Н, Т1","arr":["8","9","17А","81","Б1","Б2","Б9","Б11","Б12","Бо","Н","Т1"],"mode":"bus","angle":-9.5,"l0":"8, ","c0":"#cf5128","l1":"9, ","c1":"#a72d06","l2":"17А, ","c2":"#992492","l3":"81, ","c3":"#066559","l4":"Б1, ","c4":"#fe6761","l5":"Б2, ","c5":"#095d97","l6":"Б9, ","c6":"#1cab97","l7":"Б11, ","c7":"#11a2e3","l8":"Б12, ","c8":"#2d8c1b","l9":"Бо, ","c9":"#cf8a11","l10":"Н, ","c10":"#9789ff","l11":"Т1","c11":"#6b5806"},"geometry":{"type":"Point","coordinates":[27.431706,42.473001]}},{"type":"Feature","properties":{"lines":"8, 9, 17А, 81, Б1, Б2, Б9, Б11, Б12, Бо, Н, Т1","arr":["8","9","17А","81","Б1","Б2","Б9","Б11","Б12","Бо","Н","Т1"],"mode":"bus","angle":-12.6,"extra":1,"ei":0,"l0":"8, ","c0":"#cf5128","l1":"9, ","c1":"#a72d06","l2":"17А, ","c2":"#992492","l3":"81, ","c3":"#066559","l4":"Б1, ","c4":"#fe6761","l5":"Б2, ","c5":"#095d97","l6":"Б9, ","c6":"#1cab97","l7":"Б11, ","c7":"#11a2e3","l8":"Б12, ","c8":"#2d8c1b","l9":"Бо, ","c9":"#cf8a11","l10":"Н, ","c10":"#9789ff","l11":"Т1","c11":"#6b5806"},"geometry":{"type":"Point","coordinates":[27.434191,42.473278]}},{"type":"Feature","properties":{"lines":"8, 9, 17А, 81, Б1, Б2, Б9, Б11, Б12, Бо, Н, Т1","arr":["8","9","17А","81","Б1","Б2","Б9","Б11","Б12","Бо","Н","Т1"],"mode":"bus","angle":-8,"extra":1,"ei":1,"l0":"8, ","c0":"#cf5128","l1":"9, ","c1":"#a72d06","l2":"17А, ","c2":"#992492","l3":"81, ","c3":"#066559","l4":"Б1, ","c4":"#fe6761","l5":"Б2, ","c5":"#095d97","l6":"Б9, ","c6":"#1cab97","l7":"Б11, ","c7":"#11a2e3","l8":"Б12, ","c8":"#2d8c1b","l9":"Бо, ","c9":"#cf8a11","l10":"Н, ","c10":"#9789ff","l11":"Т1","c11":"#6b5806"},"geometry":{"type":"Point","coordinates":[27.429119,42.472743]}},{"type":"Feature","properties":{"lines":"9, 17А, Б1, Б2, Б9, Б11, Б12, Бо, Н, Т1","arr":["9","17А","Б1","Б2","Б9","Б11","Б12","Бо","Н","Т1"],"mode":"bus","angle":-61.3,"l0":"9, ","c0":"#a72d06","l1":"17А, ","c1":"#992492","l2":"Б1, ","c2":"#fe6761","l3":"Б2, ","c3":"#095d97","l4":"Б9, ","c4":"#1cab97","l5":"Б11, ","c5":"#11a2e3","l6":"Б12, ","c6":"#2d8c1b","l7":"Бо, ","c7":"#cf8a11","l8":"Н, ","c8":"#9789ff","l9":"Т1","c9":"#6b5806"},"geometry":{"type":"Point","coordinates":[27.424073,42.469864]}},{"type":"Feature","properties":{"lines":"9, 17А, Б1, Б2, Б9, Б11, Б12, Бо, Н, Т1","arr":["9","17А","Б1","Б2","Б9","Б11","Б12","Бо","Н","Т1"],"mode":"bus","angle":-30.5,"extra":1,"ei":0,"l0":"9, ","c0":"#a72d06","l1":"17А, ","c1":"#992492","l2":"Б1, ","c2":"#fe6761","l3":"Б2, ","c3":"#095d97","l4":"Б9, ","c4":"#1cab97","l5":"Б11, ","c5":"#11a2e3","l6":"Б12, ","c6":"#2d8c1b","l7":"Бо, ","c7":"#cf8a11","l8":"Н, ","c8":"#9789ff","l9":"Т1","c9":"#6b5806"},"geometry":{"type":"Point","coordinates":[27.426757,42.472271]}},{"type":"Feature","properties":{"lines":"9, 17А, Б1, Б2, Б9, Б11, Б12, Бо, Н, Т1","arr":["9","17А","Б1","Б2","Б9","Б11","Б12","Бо","Н","Т1"],"mode":"bus","angle":-56.7,"extra":1,"ei":1,"l0":"9, ","c0":"#a72d06","l1":"17А, ","c1":"#992492","l2":"Б1, ","c2":"#fe6761","l3":"Б2, ","c3":"#095d97","l4":"Б9, ","c4":"#1cab97","l5":"Б11, ","c5":"#11a2e3","l6":"Б12, ","c6":"#2d8c1b","l7":"Бо, ","c7":"#cf8a11","l8":"Н, ","c8":"#9789ff","l9":"Т1","c9":"#6b5806"},"geometry":{"type":"Point","coordinates":[27.424908,42.470988]}},{"type":"Feature","properties":{"lines":"9, 17А, Б1, Б2, Б9, Б11, Б12, Бо, Н, Т1","arr":["9","17А","Б1","Б2","Б9","Б11","Б12","Бо","Н","Т1"],"mode":"bus","angle":-28.9,"extra":1,"ei":2,"l0":"9, ","c0":"#a72d06","l1":"17А, ","c1":"#992492","l2":"Б1, ","c2":"#fe6761","l3":"Б2, ","c3":"#095d97","l4":"Б9, ","c4":"#1cab97","l5":"Б11, ","c5":"#11a2e3","l6":"Б12, ","c6":"#2d8c1b","l7":"Бо, ","c7":"#cf8a11","l8":"Н, ","c8":"#9789ff","l9":"Т1","c9":"#6b5806"},"geometry":{"type":"Point","coordinates":[27.421879,42.468019]}},{"type":"Feature","properties":{"lines":"8, 81","arr":["8","81"],"mode":"bus","angle":4,"l0":"8, ","c0":"#cf5128","l1":"81","c1":"#066559"},"geometry":{"type":"Point","coordinates":[27.427139,42.472654]}},{"type":"Feature","properties":{"lines":"8, 81","arr":["8","81"],"mode":"bus","angle":34.5,"l0":"8, ","c0":"#cf5128","l1":"81","c1":"#066559"},"geometry":{"type":"Point","coordinates":[27.386141,42.480959]}},{"type":"Feature","properties":{"lines":"8, 82","arr":["8","82"],"mode":"bus","angle":-0.9,"mi":2,"l0":"8, ","c0":"#cf5128","l1":"82","c1":"#999f01"},"geometry":{"type":"Point","coordinates":[27.382994,42.480876]}},{"type":"Feature","properties":{"lines":"8, 82","arr":["8","82"],"mode":"bus","angle":54.7,"side":-1,"l0":"8, ","c0":"#cf5128","l1":"82","c1":"#999f01"},"geometry":{"type":"Point","coordinates":[27.426477,42.472479]}},{"type":"Feature","properties":{"lines":"8, 82","arr":["8","82"],"mode":"bus","angle":-1,"extra":1,"ei":0,"l0":"8, ","c0":"#cf5128","l1":"82","c1":"#999f01"},"geometry":{"type":"Point","coordinates":[27.380873,42.480848]}},{"type":"Feature","properties":{"lines":"8, 82","arr":["8","82"],"mode":"bus","angle":4.8,"side":-1,"extra":1,"ei":1,"l0":"8, ","c0":"#cf5128","l1":"82","c1":"#999f01"},"geometry":{"type":"Point","coordinates":[27.385996,42.480895]}},{"type":"Feature","properties":{"lines":"8, 81, 82","arr":["8","81","82"],"mode":"bus","angle":-14.8,"l0":"8, ","c0":"#cf5128","l1":"81, ","c1":"#066559","l2":"82","c2":"#999f01"},"geometry":{"type":"Point","coordinates":[27.405343,42.476912]}},{"type":"Feature","properties":{"lines":"8, 81, 82","arr":["8","81","82"],"mode":"bus","angle":47.2,"extra":1,"ei":0,"l0":"8, ","c0":"#cf5128","l1":"81, ","c1":"#066559","l2":"82","c2":"#999f01"},"geometry":{"type":"Point","coordinates":[27.387447,42.480338]}},{"type":"Feature","properties":{"lines":"8, 81, 82","arr":["8","81","82"],"mode":"bus","angle":57.9,"extra":1,"ei":1,"l0":"8, ","c0":"#cf5128","l1":"81, ","c1":"#066559","l2":"82","c2":"#999f01"},"geometry":{"type":"Point","coordinates":[27.388851,42.478761]}},{"type":"Feature","properties":{"lines":"8, 81, 82","arr":["8","81","82"],"mode":"bus","angle":32.4,"extra":1,"ei":2,"l0":"8, ","c0":"#cf5128","l1":"81, ","c1":"#066559","l2":"82","c2":"#999f01"},"geometry":{"type":"Point","coordinates":[27.390476,42.477333]}},{"type":"Feature","properties":{"lines":"8, 81, 82","arr":["8","81","82"],"mode":"bus","angle":12.7,"extra":1,"ei":3,"l0":"8, ","c0":"#cf5128","l1":"81, ","c1":"#066559","l2":"82","c2":"#999f01"},"geometry":{"type":"Point","coordinates":[27.392923,42.476808]}},{"type":"Feature","properties":{"lines":"8, 81, 82","arr":["8","81","82"],"mode":"bus","angle":42.4,"extra":1,"ei":4,"l0":"8, ","c0":"#cf5128","l1":"81, ","c1":"#066559","l2":"82","c2":"#999f01"},"geometry":{"type":"Point","coordinates":[27.395262,42.476113]}},{"type":"Feature","properties":{"lines":"8, 81, 82","arr":["8","81","82"],"mode":"bus","angle":41,"extra":1,"ei":5,"l0":"8, ","c0":"#cf5128","l1":"81, ","c1":"#066559","l2":"82","c2":"#999f01"},"geometry":{"type":"Point","coordinates":[27.397058,42.474766]}},{"type":"Feature","properties":{"lines":"8, 81, 82","arr":["8","81","82"],"mode":"bus","angle":-30.8,"extra":1,"ei":6,"l0":"8, ","c0":"#cf5128","l1":"81, ","c1":"#066559","l2":"82","c2":"#999f01"},"geometry":{"type":"Point","coordinates":[27.399405,42.474798]}},{"type":"Feature","properties":{"lines":"8, 81, 82","arr":["8","81","82"],"mode":"bus","angle":-31.4,"extra":1,"ei":7,"l0":"8, ","c0":"#cf5128","l1":"81, ","c1":"#066559","l2":"82","c2":"#999f01"},"geometry":{"type":"Point","coordinates":[27.401593,42.475781]}},{"type":"Feature","properties":{"lines":"8, 81, 82","arr":["8","81","82"],"mode":"bus","angle":-3.8,"extra":1,"ei":8,"l0":"8, ","c0":"#cf5128","l1":"81, ","c1":"#066559","l2":"82","c2":"#999f01"},"geometry":{"type":"Point","coordinates":[27.408868,42.477415]}},{"type":"Feature","properties":{"lines":"8, 81, 82","arr":["8","81","82"],"mode":"bus","angle":-3.8,"extra":1,"ei":9,"l0":"8, ","c0":"#cf5128","l1":"81, ","c1":"#066559","l2":"82","c2":"#999f01"},"geometry":{"type":"Point","coordinates":[27.411425,42.477539]}},{"type":"Feature","properties":{"lines":"8, 81, 82","arr":["8","81","82"],"mode":"bus","angle":32.3,"extra":1,"ei":10,"l0":"8, ","c0":"#cf5128","l1":"81, ","c1":"#066559","l2":"82","c2":"#999f01"},"geometry":{"type":"Point","coordinates":[27.41391,42.477322]}},{"type":"Feature","properties":{"lines":"8, 81, 82","arr":["8","81","82"],"mode":"bus","angle":47.9,"extra":1,"ei":11,"l0":"8, ","c0":"#cf5128","l1":"81, ","c1":"#066559","l2":"82","c2":"#999f01"},"geometry":{"type":"Point","coordinates":[27.415701,42.475979]}},{"type":"Feature","properties":{"lines":"8, 81, 82","arr":["8","81","82"],"mode":"bus","angle":48.6,"extra":1,"ei":12,"l0":"8, ","c0":"#cf5128","l1":"81, ","c1":"#066559","l2":"82","c2":"#999f01"},"geometry":{"type":"Point","coordinates":[27.417399,42.474565]}},{"type":"Feature","properties":{"lines":"8, 81, 82","arr":["8","81","82"],"mode":"bus","angle":17.5,"extra":1,"ei":13,"l0":"8, ","c0":"#cf5128","l1":"81, ","c1":"#066559","l2":"82","c2":"#999f01"},"geometry":{"type":"Point","coordinates":[27.419356,42.473401]}},{"type":"Feature","properties":{"lines":"8, 81, 82","arr":["8","81","82"],"mode":"bus","angle":0.2,"extra":1,"ei":14,"l0":"8, ","c0":"#cf5128","l1":"81, ","c1":"#066559","l2":"82","c2":"#999f01"},"geometry":{"type":"Point","coordinates":[27.421898,42.473253]}},{"type":"Feature","properties":{"lines":"8, 81, 82","arr":["8","81","82"],"mode":"bus","angle":15.5,"extra":1,"ei":15,"l0":"8, ","c0":"#cf5128","l1":"81, ","c1":"#066559","l2":"82","c2":"#999f01"},"geometry":{"type":"Point","coordinates":[27.424438,42.473105]}},{"type":"Feature","properties":{"lines":"8, 81","arr":["8","81"],"mode":"bus","angle":42,"mi":1,"l0":"8, ","c0":"#cf5128","l1":"81","c1":"#066559"},"geometry":{"type":"Point","coordinates":[27.382751,42.48329]}},{"type":"Feature","properties":{"lines":"8, 81","arr":["8","81"],"mode":"bus","angle":40.8,"extra":1,"ei":0,"l0":"8, ","c0":"#cf5128","l1":"81","c1":"#066559"},"geometry":{"type":"Point","coordinates":[27.385118,42.481811]}},{"type":"Feature","properties":{"lines":"8, 81","arr":["8","81"],"mode":"bus","angle":41.7,"extra":1,"ei":1,"l0":"8, ","c0":"#cf5128","l1":"81","c1":"#066559"},"geometry":{"type":"Point","coordinates":[27.381243,42.484282]}},{"type":"Feature","properties":{"lines":"8, 82","arr":["8","82"],"mode":"bus","angle":88.3,"mi":1,"l0":"8, ","c0":"#cf5128","l1":"82","c1":"#999f01"},"geometry":{"type":"Point","coordinates":[27.377606,42.484898]}},{"type":"Feature","properties":{"lines":"8, 82","arr":["8","82"],"mode":"bus","angle":47.8,"l0":"8, ","c0":"#cf5128","l1":"82","c1":"#999f01"},"geometry":{"type":"Point","coordinates":[27.378485,42.481998]}},{"type":"Feature","properties":{"lines":"8, 82","arr":["8","82"],"mode":"bus","angle":38.4,"extra":1,"ei":0,"l0":"8, ","c0":"#cf5128","l1":"82","c1":"#999f01"},"geometry":{"type":"Point","coordinates":[27.377065,42.482899]}},{"type":"Feature","properties":{"lines":"8, 9, 17А, 82, 92, Б1, Б2, Б11, Б12, Бо, Н, Т1","arr":["8","9","17А","82","92","Б1","Б2","Б11","Б12","Бо","Н","Т1"],"mode":"bus","angle":-13.9,"l0":"8, ","c0":"#cf5128","l1":"9, ","c1":"#a72d06","l2":"17А, ","c2":"#992492","l3":"82, ","c3":"#999f01","l4":"92, ","c4":"#066559","l5":"Б1, ","c5":"#fe6761","l6":"Б2, ","c6":"#095d97","l7":"Б11, ","c7":"#11a2e3","l8":"Б12, ","c8":"#2d8c1b","l9":"Бо, ","c9":"#cf8a11","l10":"Н, ","c10":"#9789ff","l11":"Т1","c11":"#6b5806"},"geometry":{"type":"Point","coordinates":[27.431017,42.472634]}},{"type":"Feature","properties":{"lines":"8, 9, 17А, 82, 92, Б1, Б2, Б11, Б12, Бо, Н, Т1","arr":["8","9","17А","82","92","Б1","Б2","Б11","Б12","Бо","Н","Т1"],"mode":"bus","angle":-12.6,"side":-1,"extra":1,"ei":0,"l0":"8, ","c0":"#cf5128","l1":"9, ","c1":"#a72d06","l2":"17А, ","c2":"#992492","l3":"82, ","c3":"#999f01","l4":"92, ","c4":"#066559","l5":"Б1, ","c5":"#fe6761","l6":"Б2, ","c6":"#095d97","l7":"Б11, ","c7":"#11a2e3","l8":"Б12, ","c8":"#2d8c1b","l9":"Бо, ","c9":"#cf8a11","l10":"Н, ","c10":"#9789ff","l11":"Т1","c11":"#6b5806"},"geometry":{"type":"Point","coordinates":[27.427929,42.472496]}},{"type":"Feature","properties":{"lines":"8, 9, 17А, 82, 92, Б1, Б2, Б11, Б12, Бо, Н, Т1","arr":["8","9","17А","82","92","Б1","Б2","Б11","Б12","Бо","Н","Т1"],"mode":"bus","angle":-11.5,"side":-1,"extra":1,"ei":1,"l0":"8, ","c0":"#cf5128","l1":"9, ","c1":"#a72d06","l2":"17А, ","c2":"#992492","l3":"82, ","c3":"#999f01","l4":"92, ","c4":"#066559","l5":"Б1, ","c5":"#fe6761","l6":"Б2, ","c6":"#095d97","l7":"Б11, ","c7":"#11a2e3","l8":"Б12, ","c8":"#2d8c1b","l9":"Бо, ","c9":"#cf8a11","l10":"Н, ","c10":"#9789ff","l11":"Т1","c11":"#6b5806"},"geometry":{"type":"Point","coordinates":[27.432981,42.472972]}},{"type":"Feature","properties":{"lines":"8, 17, 82, Б11, Б12, Т1","arr":["8","17","82","Б11","Б12","Т1"],"mode":"bus","angle":-62,"side":-1,"l0":"8, ","c0":"#cf5128","l1":"17, ","c1":"#1cab97","l2":"82, ","c2":"#999f01","l3":"Б11, ","c3":"#11a2e3","l4":"Б12, ","c4":"#2d8c1b","l5":"Т1","c5":"#6b5806"},"geometry":{"type":"Point","coordinates":[27.436473,42.474204]}},{"type":"Feature","properties":{"lines":"8, 11, 17, 81, 82, Б1, Б2, Б11, Б12, Н","arr":["8","11","17","81","82","Б1","Б2","Б11","Б12","Н"],"mode":"bus","angle":-3.4,"l0":"8, ","c0":"#cf5128","l1":"11, ","c1":"#4d4aba","l2":"17, ","c2":"#1cab97","l3":"81, ","c3":"#066559","l4":"82, ","c4":"#999f01","l5":"Б1, ","c5":"#fe6761","l6":"Б2, ","c6":"#095d97","l7":"Б11, ","c7":"#11a2e3","l8":"Б12, ","c8":"#2d8c1b","l9":"Н","c9":"#9789ff"},"geometry":{"type":"Point","coordinates":[27.474329,42.491314]}},{"type":"Feature","properties":{"lines":"8, 12, 82","arr":["8","12","82"],"mode":"bus","angle":-83.4,"l0":"8, ","c0":"#cf5128","l1":"12, ","c1":"#e16cd6","l2":"82","c2":"#999f01"},"geometry":{"type":"Point","coordinates":[27.48068,42.502428]}},{"type":"Feature","properties":{"lines":"8, 12, 82","arr":["8","12","82"],"mode":"bus","angle":-83.2,"extra":1,"ei":0,"l0":"8, ","c0":"#cf5128","l1":"12, ","c1":"#e16cd6","l2":"82","c2":"#999f01"},"geometry":{"type":"Point","coordinates":[27.48023,42.499574]}},{"type":"Feature","properties":{"lines":"8, 12, 82","arr":["8","12","82"],"mode":"bus","angle":87.8,"extra":1,"ei":1,"l0":"8, ","c0":"#cf5128","l1":"12, ","c1":"#e16cd6","l2":"82","c2":"#999f01"},"geometry":{"type":"Point","coordinates":[27.480905,42.505213]}},{"type":"Feature","properties":{"lines":"8, 11, 82","arr":["8","11","82"],"mode":"bus","angle":-61,"l0":"8, ","c0":"#cf5128","l1":"11, ","c1":"#4d4aba","l2":"82","c2":"#999f01"},"geometry":{"type":"Point","coordinates":[27.477297,42.505621]}},{"type":"Feature","properties":{"lines":"8, 11, 82","arr":["8","11","82"],"mode":"bus","angle":-5.3,"extra":1,"ei":0,"l0":"8, ","c0":"#cf5128","l1":"11, ","c1":"#4d4aba","l2":"82","c2":"#999f01"},"geometry":{"type":"Point","coordinates":[27.479393,42.506138]}},{"type":"Feature","properties":{"lines":"8, 11, 82","arr":["8","11","82"],"mode":"bus","angle":-50.9,"extra":1,"ei":1,"l0":"8, ","c0":"#cf5128","l1":"11, ","c1":"#4d4aba","l2":"82","c2":"#999f01"},"geometry":{"type":"Point","coordinates":[27.475425,42.50415]}},{"type":"Feature","properties":{"lines":"9, 9А, 9Б, 17А, 92, Б1, Б2, Н","arr":["9","9А","9Б","17А","92","Б1","Б2","Н"],"mode":"bus","angle":-39.5,"l0":"9, ","c0":"#a72d06","l1":"9А, ","c1":"#f661b9","l2":"9Б, ","c2":"#79a620","l3":"17А, ","c3":"#992492","l4":"92, ","c4":"#066559","l5":"Б1, ","c5":"#fe6761","l6":"Б2, ","c6":"#095d97","l7":"Н","c7":"#9789ff"},"geometry":{"type":"Point","coordinates":[27.41806,42.452002]}},{"type":"Feature","properties":{"lines":"9, 9А, 9Б, 17А, 92, Б1, Б2, Б11, Н, Т1","arr":["9","9А","9Б","17А","92","Б1","Б2","Б11","Н","Т1"],"mode":"bus","angle":67.5,"l0":"9, ","c0":"#a72d06","l1":"9А, ","c1":"#f661b9","l2":"9Б, ","c2":"#79a620","l3":"17А, ","c3":"#992492","l4":"92, ","c4":"#066559","l5":"Б1, ","c5":"#fe6761","l6":"Б2, ","c6":"#095d97","l7":"Б11, ","c7":"#11a2e3","l8":"Н, ","c8":"#9789ff","l9":"Т1","c9":"#6b5806"},"geometry":{"type":"Point","coordinates":[27.418144,42.451503]}},{"type":"Feature","properties":{"lines":"9, 17А, 92, Б9, Б11, Бо, Н, Т1","arr":["9","17А","92","Б9","Б11","Бо","Н","Т1"],"mode":"bus","angle":37,"l0":"9, ","c0":"#a72d06","l1":"17А, ","c1":"#992492","l2":"92, ","c2":"#066559","l3":"Б9, ","c3":"#1cab97","l4":"Б11, ","c4":"#11a2e3","l5":"Бо, ","c5":"#cf8a11","l6":"Н, ","c6":"#9789ff","l7":"Т1","c7":"#6b5806"},"geometry":{"type":"Point","coordinates":[27.4079,42.456674]}},{"type":"Feature","properties":{"lines":"9, 9А, 9Б, 17А, 92, Б9, Б11, Бо, Н, Т1","arr":["9","9А","9Б","17А","92","Б9","Б11","Бо","Н","Т1"],"mode":"bus","angle":87.9,"l0":"9, ","c0":"#a72d06","l1":"9А, ","c1":"#f661b9","l2":"9Б, ","c2":"#79a620","l3":"17А, ","c3":"#992492","l4":"92, ","c4":"#066559","l5":"Б9, ","c5":"#1cab97","l6":"Б11, ","c6":"#11a2e3","l7":"Бо, ","c7":"#cf8a11","l8":"Н, ","c8":"#9789ff","l9":"Т1","c9":"#6b5806"},"geometry":{"type":"Point","coordinates":[27.413714,42.451473]}},{"type":"Feature","properties":{"lines":"9, 9А, 9Б, 17А, 92, Б9, Б11, Бо, Н, Т1","arr":["9","9А","9Б","17А","92","Б9","Б11","Бо","Н","Т1"],"mode":"bus","angle":42.2,"extra":1,"ei":0,"l0":"9, ","c0":"#a72d06","l1":"9А, ","c1":"#f661b9","l2":"9Б, ","c2":"#79a620","l3":"17А, ","c3":"#992492","l4":"92, ","c4":"#066559","l5":"Б9, ","c5":"#1cab97","l6":"Б11, ","c6":"#11a2e3","l7":"Бо, ","c7":"#cf8a11","l8":"Н, ","c8":"#9789ff","l9":"Т1","c9":"#6b5806"},"geometry":{"type":"Point","coordinates":[27.411309,42.45477]}},{"type":"Feature","properties":{"lines":"9, 9А, 9Б, 17А, 92, Б9, Б11, Бо, Н, Т1","arr":["9","9А","9Б","17А","92","Б9","Б11","Бо","Н","Т1"],"mode":"bus","angle":60.4,"extra":1,"ei":1,"l0":"9, ","c0":"#a72d06","l1":"9А, ","c1":"#f661b9","l2":"9Б, ","c2":"#79a620","l3":"17А, ","c3":"#992492","l4":"92, ","c4":"#066559","l5":"Б9, ","c5":"#1cab97","l6":"Б11, ","c6":"#11a2e3","l7":"Бо, ","c7":"#cf8a11","l8":"Н, ","c8":"#9789ff","l9":"Т1","c9":"#6b5806"},"geometry":{"type":"Point","coordinates":[27.412805,42.453253]}},{"type":"Feature","properties":{"lines":"9, 9А, 9Б, 17А, 92, Б9, Б11, Бо, Н, Т1","arr":["9","9А","9Б","17А","92","Б9","Б11","Бо","Н","Т1"],"mode":"bus","angle":-3.2,"extra":1,"ei":2,"l0":"9, ","c0":"#a72d06","l1":"9А, ","c1":"#f661b9","l2":"9Б, ","c2":"#79a620","l3":"17А, ","c3":"#992492","l4":"92, ","c4":"#066559","l5":"Б9, ","c5":"#1cab97","l6":"Б11, ","c6":"#11a2e3","l7":"Бо, ","c7":"#cf8a11","l8":"Н, ","c8":"#9789ff","l9":"Т1","c9":"#6b5806"},"geometry":{"type":"Point","coordinates":[27.414695,42.450089]}},{"type":"Feature","properties":{"lines":"9, 9А, 9Б, 17А, 92, Б9, Б11, Бо, Н, Т1","arr":["9","9А","9Б","17А","92","Б9","Б11","Бо","Н","Т1"],"mode":"bus","angle":-23,"extra":1,"ei":3,"l0":"9, ","c0":"#a72d06","l1":"9А, ","c1":"#f661b9","l2":"9Б, ","c2":"#79a620","l3":"17А, ","c3":"#992492","l4":"92, ","c4":"#066559","l5":"Б9, ","c5":"#1cab97","l6":"Б11, ","c6":"#11a2e3","l7":"Бо, ","c7":"#cf8a11","l8":"Н, ","c8":"#9789ff","l9":"Т1","c9":"#6b5806"},"geometry":{"type":"Point","coordinates":[27.417113,42.450702]}},{"type":"Feature","properties":{"lines":"Б1, Б2, Б9, Б11, Б12, Бо, Н, Т1","arr":["Б1","Б2","Б9","Б11","Б12","Бо","Н","Т1"],"mode":"bus","angle":-54.3,"l0":"Б1, ","c0":"#fe6761","l1":"Б2, ","c1":"#095d97","l2":"Б9, ","c2":"#1cab97","l3":"Б11, ","c3":"#11a2e3","l4":"Б12, ","c4":"#2d8c1b","l5":"Бо, ","c5":"#cf8a11","l6":"Н, ","c6":"#9789ff","l7":"Т1","c7":"#6b5806"},"geometry":{"type":"Point","coordinates":[27.418915,42.45159]}},{"type":"Feature","properties":{"lines":"9А, 9Б","arr":["9А","9Б"],"mode":"bus","angle":-48.8,"mi":3,"l0":"9А, ","c0":"#f661b9","l1":"9Б","c1":"#79a620"},"geometry":{"type":"Point","coordinates":[27.402174,42.454922]}},{"type":"Feature","properties":{"lines":"9, 9А, 9Б, 92","arr":["9","9А","9Б","92"],"mode":"bus","angle":-51.2,"l0":"9, ","c0":"#a72d06","l1":"9А, ","c1":"#f661b9","l2":"9Б, ","c2":"#79a620","l3":"92","c3":"#066559"},"geometry":{"type":"Point","coordinates":[27.404415,42.456806]}},{"type":"Feature","properties":{"lines":"9, 9А, 9Б, 17А, Б9, Б11, Бо, Н, Т1","arr":["9","9А","9Б","17А","Б9","Б11","Бо","Н","Т1"],"mode":"bus","angle":-52.5,"l0":"9, ","c0":"#a72d06","l1":"9А, ","c1":"#f661b9","l2":"9Б, ","c2":"#79a620","l3":"17А, ","c3":"#992492","l4":"Б9, ","c4":"#1cab97","l5":"Б11, ","c5":"#11a2e3","l6":"Бо, ","c6":"#cf8a11","l7":"Н, ","c7":"#9789ff","l8":"Т1","c8":"#6b5806"},"geometry":{"type":"Point","coordinates":[27.407331,42.459516]}},{"type":"Feature","properties":{"lines":"9, 92","arr":["9","92"],"mode":"bus","angle":57.7,"mi":4,"l0":"9, ","c0":"#a72d06","l1":"92","c1":"#066559"},"geometry":{"type":"Point","coordinates":[27.402678,42.456137]}},{"type":"Feature","properties":{"lines":"9, 92","arr":["9","92"],"mode":"bus","angle":74.5,"mi":1,"l0":"9, ","c0":"#a72d06","l1":"92","c1":"#066559"},"geometry":{"type":"Point","coordinates":[27.40096,42.459043]}},{"type":"Feature","properties":{"lines":"9","arr":["9"],"mode":"bus","angle":60.1,"mi":2,"l0":"9","c0":"#a72d06"},"geometry":{"type":"Point","coordinates":[27.401559,42.457378]}},{"type":"Feature","properties":{"lines":"9","arr":["9"],"mode":"bus","angle":-29.2,"l0":"9","c0":"#a72d06"},"geometry":{"type":"Point","coordinates":[27.402739,42.458648]}},{"type":"Feature","properties":{"lines":"9, 92","arr":["9","92"],"mode":"bus","angle":71.9,"mi":2,"l0":"9, ","c0":"#a72d06","l1":"92","c1":"#066559"},"geometry":{"type":"Point","coordinates":[27.401249,42.458408]}},{"type":"Feature","properties":{"lines":"9, 92","arr":["9","92"],"mode":"bus","angle":-45,"mi":3,"l0":"9, ","c0":"#a72d06","l1":"92","c1":"#066559"},"geometry":{"type":"Point","coordinates":[27.404307,42.462017]}},{"type":"Feature","properties":{"lines":"9, 92","arr":["9","92"],"mode":"bus","angle":-28.1,"l0":"9, ","c0":"#a72d06","l1":"92","c1":"#066559"},"geometry":{"type":"Point","coordinates":[27.401829,42.459821]}},{"type":"Feature","properties":{"lines":"9, 92","arr":["9","92"],"mode":"bus","angle":49.4,"mi":5,"l0":"9, ","c0":"#a72d06","l1":"92","c1":"#066559"},"geometry":{"type":"Point","coordinates":[27.407379,42.462585]}},{"type":"Feature","properties":{"lines":"9, 9А, 9Б, 17А, 92, Б9, Б11, Бо, Н, Т1","arr":["9","9А","9Б","17А","92","Б9","Б11","Бо","Н","Т1"],"mode":"bus","angle":-47.1,"l0":"9, ","c0":"#a72d06","l1":"9А, ","c1":"#f661b9","l2":"9Б, ","c2":"#79a620","l3":"17А, ","c3":"#992492","l4":"92, ","c4":"#066559","l5":"Б9, ","c5":"#1cab97","l6":"Б11, ","c6":"#11a2e3","l7":"Бо, ","c7":"#cf8a11","l8":"Н, ","c8":"#9789ff","l9":"Т1","c9":"#6b5806"},"geometry":{"type":"Point","coordinates":[27.409775,42.461645]}},{"type":"Feature","properties":{"lines":"9, 9А, 9Б, 17А, 92, Б9, Б11, Бо, Т1","arr":["9","9А","9Б","17А","92","Б9","Б11","Бо","Т1"],"mode":"bus","angle":-50.2,"side":-1,"l0":"9, ","c0":"#a72d06","l1":"9А, ","c1":"#f661b9","l2":"9Б, ","c2":"#79a620","l3":"17А, ","c3":"#992492","l4":"92, ","c4":"#066559","l5":"Б9, ","c5":"#1cab97","l6":"Б11, ","c6":"#11a2e3","l7":"Бо, ","c7":"#cf8a11","l8":"Т1","c8":"#6b5806"},"geometry":{"type":"Point","coordinates":[27.411613,42.463034]}},{"type":"Feature","properties":{"lines":"9, 17А, 92","arr":["9","17А","92"],"mode":"bus","angle":4.4,"side":-1,"l0":"9, ","c0":"#a72d06","l1":"17А, ","c1":"#992492","l2":"92","c2":"#066559"},"geometry":{"type":"Point","coordinates":[27.413106,42.464087]}},{"type":"Feature","properties":{"lines":"Б1, Б2","arr":["Б1","Б2"],"mode":"bus","angle":60.7,"l0":"Б1, ","c0":"#fe6761","l1":"Б2","c1":"#095d97"},"geometry":{"type":"Point","coordinates":[27.413278,42.464178]}},{"type":"Feature","properties":{"lines":"9, 17А, 92, Б1, Б2","arr":["9","17А","92","Б1","Б2"],"mode":"bus","angle":58.7,"side":-1,"l0":"9, ","c0":"#a72d06","l1":"17А, ","c1":"#992492","l2":"92, ","c2":"#066559","l3":"Б1, ","c3":"#fe6761","l4":"Б2","c4":"#095d97"},"geometry":{"type":"Point","coordinates":[27.414475,42.460435]}},{"type":"Feature","properties":{"lines":"9, 17А, 92, Б1, Б2","arr":["9","17А","92","Б1","Б2"],"mode":"bus","angle":88.1,"side":-1,"extra":1,"ei":0,"l0":"9, ","c0":"#a72d06","l1":"17А, ","c1":"#992492","l2":"92, ","c2":"#066559","l3":"Б1, ","c3":"#fe6761","l4":"Б2","c4":"#095d97"},"geometry":{"type":"Point","coordinates":[27.413523,42.462969]}},{"type":"Feature","properties":{"lines":"9, 17А, 92, Б1, Б2","arr":["9","17А","92","Б1","Б2"],"mode":"bus","angle":61.2,"side":-1,"extra":1,"ei":1,"l0":"9, ","c0":"#a72d06","l1":"17А, ","c1":"#992492","l2":"92, ","c2":"#066559","l3":"Б1, ","c3":"#fe6761","l4":"Б2","c4":"#095d97"},"geometry":{"type":"Point","coordinates":[27.416425,42.457844]}},{"type":"Feature","properties":{"lines":"9, 17А, 92, Б12, Бо","arr":["9","17А","92","Б12","Бо"],"mode":"bus","angle":-36.9,"side":-1,"mi":1,"l0":"9, ","c0":"#a72d06","l1":"17А, ","c1":"#992492","l2":"92, ","c2":"#066559","l3":"Б12, ","c3":"#2d8c1b","l4":"Бо","c4":"#cf8a11"},"geometry":{"type":"Point","coordinates":[27.418206,42.457666]}},{"type":"Feature","properties":{"lines":"9, 17А, 92, Б9, Б12, Бо","arr":["9","17А","92","Б9","Б12","Бо"],"mode":"bus","angle":56.3,"l0":"9, ","c0":"#a72d06","l1":"17А, ","c1":"#992492","l2":"92, ","c2":"#066559","l3":"Б9, ","c3":"#1cab97","l4":"Б12, ","c4":"#2d8c1b","l5":"Бо","c5":"#cf8a11"},"geometry":{"type":"Point","coordinates":[27.418912,42.458564]}},{"type":"Feature","properties":{"lines":"9, 17А, 92, Б12, Бо","arr":["9","17А","92","Б12","Бо"],"mode":"bus","angle":69.5,"l0":"9, ","c0":"#a72d06","l1":"17А, ","c1":"#992492","l2":"92, ","c2":"#066559","l3":"Б12, ","c3":"#2d8c1b","l4":"Бо","c4":"#cf8a11"},"geometry":{"type":"Point","coordinates":[27.419356,42.460206]}},{"type":"Feature","properties":{"lines":"9, 9А, 9Б, 17А, 92, Б9, Б12, Бо","arr":["9","9А","9Б","17А","92","Б9","Б12","Бо"],"mode":"bus","angle":-76,"l0":"9, ","c0":"#a72d06","l1":"9А, ","c1":"#f661b9","l2":"9Б, ","c2":"#79a620","l3":"17А, ","c3":"#992492","l4":"92, ","c4":"#066559","l5":"Б9, ","c5":"#1cab97","l6":"Б12, ","c6":"#2d8c1b","l7":"Бо","c7":"#cf8a11"},"geometry":{"type":"Point","coordinates":[27.418954,42.46387]}},{"type":"Feature","properties":{"lines":"9, 9А, 9Б, 17А, 92, Б9, Б12, Бо","arr":["9","9А","9Б","17А","92","Б9","Б12","Бо"],"mode":"bus","angle":-67.4,"extra":1,"ei":0,"l0":"9, ","c0":"#a72d06","l1":"9А, ","c1":"#f661b9","l2":"9Б, ","c2":"#79a620","l3":"17А, ","c3":"#992492","l4":"92, ","c4":"#066559","l5":"Б9, ","c5":"#1cab97","l6":"Б12, ","c6":"#2d8c1b","l7":"Бо","c7":"#cf8a11"},"geometry":{"type":"Point","coordinates":[27.418856,42.462546]}},{"type":"Feature","properties":{"lines":"9, 9А, 9Б, 17А, 92, Б9, Б12, Бо","arr":["9","9А","9Б","17А","92","Б9","Б12","Бо"],"mode":"bus","angle":71.4,"mi":1,"l0":"9, ","c0":"#a72d06","l1":"9А, ","c1":"#f661b9","l2":"9Б, ","c2":"#79a620","l3":"17А, ","c3":"#992492","l4":"92, ","c4":"#066559","l5":"Б9, ","c5":"#1cab97","l6":"Б12, ","c6":"#2d8c1b","l7":"Бо","c7":"#cf8a11"},"geometry":{"type":"Point","coordinates":[27.420105,42.466461]}},{"type":"Feature","properties":{"lines":"9, 17А, 92, Б12, Бо","arr":["9","17А","92","Б12","Бо"],"mode":"bus","angle":-54.1,"side":-1,"mi":2,"l0":"9, ","c0":"#a72d06","l1":"17А, ","c1":"#992492","l2":"92, ","c2":"#066559","l3":"Б12, ","c3":"#2d8c1b","l4":"Бо","c4":"#cf8a11"},"geometry":{"type":"Point","coordinates":[27.420053,42.467335]}},{"type":"Feature","properties":{"lines":"9, 17А, 92, Б1, Б2, Б11, Б12, Бо, Н, Т1","arr":["9","17А","92","Б1","Б2","Б11","Б12","Бо","Н","Т1"],"mode":"bus","angle":-60.2,"side":-1,"l0":"9, ","c0":"#a72d06","l1":"17А, ","c1":"#992492","l2":"92, ","c2":"#066559","l3":"Б1, ","c3":"#fe6761","l4":"Б2, ","c4":"#095d97","l5":"Б11, ","c5":"#11a2e3","l6":"Б12, ","c6":"#2d8c1b","l7":"Бо, ","c7":"#cf8a11","l8":"Н, ","c8":"#9789ff","l9":"Т1","c9":"#6b5806"},"geometry":{"type":"Point","coordinates":[27.423923,42.469464]}},{"type":"Feature","properties":{"lines":"9, 17А, 92, Б1, Б2, Б11, Б12, Бо, Н, Т1","arr":["9","17А","92","Б1","Б2","Б11","Б12","Бо","Н","Т1"],"mode":"bus","angle":-22.5,"side":-1,"extra":1,"ei":0,"l0":"9, ","c0":"#a72d06","l1":"17А, ","c1":"#992492","l2":"92, ","c2":"#066559","l3":"Б1, ","c3":"#fe6761","l4":"Б2, ","c4":"#095d97","l5":"Б11, ","c5":"#11a2e3","l6":"Б12, ","c6":"#2d8c1b","l7":"Бо, ","c7":"#cf8a11","l8":"Н, ","c8":"#9789ff","l9":"Т1","c9":"#6b5806"},"geometry":{"type":"Point","coordinates":[27.421495,42.467776]}},{"type":"Feature","properties":{"lines":"9, 17А, 92, Б1, Б2, Б11, Б12, Бо, Н, Т1","arr":["9","17А","92","Б1","Б2","Б11","Б12","Бо","Н","Т1"],"mode":"bus","angle":-61.8,"side":-1,"extra":1,"ei":1,"l0":"9, ","c0":"#a72d06","l1":"17А, ","c1":"#992492","l2":"92, ","c2":"#066559","l3":"Б1, ","c3":"#fe6761","l4":"Б2, ","c4":"#095d97","l5":"Б11, ","c5":"#11a2e3","l6":"Б12, ","c6":"#2d8c1b","l7":"Бо, ","c7":"#cf8a11","l8":"Н, ","c8":"#9789ff","l9":"Т1","c9":"#6b5806"},"geometry":{"type":"Point","coordinates":[27.424742,42.470578]}},{"type":"Feature","properties":{"lines":"9, 17А, 92, Б1, Б2, Б11, Б12, Бо, Н, Т1","arr":["9","17А","92","Б1","Б2","Б11","Б12","Бо","Н","Т1"],"mode":"bus","angle":-35.3,"side":-1,"extra":1,"ei":2,"l0":"9, ","c0":"#a72d06","l1":"17А, ","c1":"#992492","l2":"92, ","c2":"#066559","l3":"Б1, ","c3":"#fe6761","l4":"Б2, ","c4":"#095d97","l5":"Б11, ","c5":"#11a2e3","l6":"Б12, ","c6":"#2d8c1b","l7":"Бо, ","c7":"#cf8a11","l8":"Н, ","c8":"#9789ff","l9":"Т1","c9":"#6b5806"},"geometry":{"type":"Point","coordinates":[27.426398,42.471993]}},{"type":"Feature","properties":{"lines":"9, 92, Б1, Б2, Бо, Н","arr":["9","92","Б1","Б2","Бо","Н"],"mode":"bus","angle":-51.2,"side":-1,"l0":"9, ","c0":"#a72d06","l1":"92, ","c1":"#066559","l2":"Б1, ","c2":"#fe6761","l3":"Б2, ","c3":"#095d97","l4":"Бо, ","c4":"#cf8a11","l5":"Н","c5":"#9789ff"},"geometry":{"type":"Point","coordinates":[27.440549,42.484556]}},{"type":"Feature","properties":{"lines":"9, 92, Б1, Б2, Бо, Н","arr":["9","92","Б1","Б2","Бо","Н"],"mode":"bus","angle":88.6,"extra":1,"ei":0,"l0":"9, ","c0":"#a72d06","l1":"92, ","c1":"#066559","l2":"Б1, ","c2":"#fe6761","l3":"Б2, ","c3":"#095d97","l4":"Бо, ","c4":"#cf8a11","l5":"Н","c5":"#9789ff"},"geometry":{"type":"Point","coordinates":[27.435743,42.475346]}},{"type":"Feature","properties":{"lines":"9, 92, Б1, Б2, Бо, Н","arr":["9","92","Б1","Б2","Бо","Н"],"mode":"bus","angle":-84.7,"side":-1,"extra":1,"ei":1,"l0":"9, ","c0":"#a72d06","l1":"92, ","c1":"#066559","l2":"Б1, ","c2":"#fe6761","l3":"Б2, ","c3":"#095d97","l4":"Бо, ","c4":"#cf8a11","l5":"Н","c5":"#9789ff"},"geometry":{"type":"Point","coordinates":[27.435848,42.477232]}},{"type":"Feature","properties":{"lines":"9, 92, Б1, Б2, Бо, Н","arr":["9","92","Б1","Б2","Бо","Н"],"mode":"bus","angle":-73.1,"side":-1,"extra":1,"ei":2,"l0":"9, ","c0":"#a72d06","l1":"92, ","c1":"#066559","l2":"Б1, ","c2":"#fe6761","l3":"Б2, ","c3":"#095d97","l4":"Бо, ","c4":"#cf8a11","l5":"Н","c5":"#9789ff"},"geometry":{"type":"Point","coordinates":[27.436289,42.479082]}},{"type":"Feature","properties":{"lines":"9, 92, Б1, Б2, Бо, Н","arr":["9","92","Б1","Б2","Бо","Н"],"mode":"bus","angle":-63.5,"side":-1,"extra":1,"ei":3,"l0":"9, ","c0":"#a72d06","l1":"92, ","c1":"#066559","l2":"Б1, ","c2":"#fe6761","l3":"Б2, ","c3":"#095d97","l4":"Бо, ","c4":"#cf8a11","l5":"Н","c5":"#9789ff"},"geometry":{"type":"Point","coordinates":[27.437224,42.480838]}},{"type":"Feature","properties":{"lines":"9, 92, Б1, Б2, Бо, Н","arr":["9","92","Б1","Б2","Бо","Н"],"mode":"bus","angle":-56,"side":-1,"extra":1,"ei":4,"l0":"9, ","c0":"#a72d06","l1":"92, ","c1":"#066559","l2":"Б1, ","c2":"#fe6761","l3":"Б2, ","c3":"#095d97","l4":"Бо, ","c4":"#cf8a11","l5":"Н","c5":"#9789ff"},"geometry":{"type":"Point","coordinates":[27.438505,42.482471]}},{"type":"Feature","properties":{"lines":"9, 92, Б1, Б2, Бо, Н","arr":["9","92","Б1","Б2","Бо","Н"],"mode":"bus","angle":-50.8,"side":-1,"extra":1,"ei":5,"l0":"9, ","c0":"#a72d06","l1":"92, ","c1":"#066559","l2":"Б1, ","c2":"#fe6761","l3":"Б2, ","c3":"#095d97","l4":"Бо, ","c4":"#cf8a11","l5":"Н","c5":"#9789ff"},"geometry":{"type":"Point","coordinates":[27.441581,42.485489]}},{"type":"Feature","properties":{"lines":"9, 92, Б1, Б2, Бо, Н","arr":["9","92","Б1","Б2","Бо","Н"],"mode":"bus","angle":-50.6,"side":-1,"extra":1,"ei":6,"l0":"9, ","c0":"#a72d06","l1":"92, ","c1":"#066559","l2":"Б1, ","c2":"#fe6761","l3":"Б2, ","c3":"#095d97","l4":"Бо, ","c4":"#cf8a11","l5":"Н","c5":"#9789ff"},"geometry":{"type":"Point","coordinates":[27.443207,42.486949]}},{"type":"Feature","properties":{"lines":"9, 92, Б1, Б2, Бо, Н","arr":["9","92","Б1","Б2","Бо","Н"],"mode":"bus","angle":-49.8,"side":-1,"extra":1,"ei":7,"l0":"9, ","c0":"#a72d06","l1":"92, ","c1":"#066559","l2":"Б1, ","c2":"#fe6761","l3":"Б2, ","c3":"#095d97","l4":"Бо, ","c4":"#cf8a11","l5":"Н","c5":"#9789ff"},"geometry":{"type":"Point","coordinates":[27.444844,42.488401]}},{"type":"Feature","properties":{"lines":"9, 92, Б1, Б2, Бо, Н","arr":["9","92","Б1","Б2","Бо","Н"],"mode":"bus","angle":-50.9,"side":-1,"extra":1,"ei":8,"l0":"9, ","c0":"#a72d06","l1":"92, ","c1":"#066559","l2":"Б1, ","c2":"#fe6761","l3":"Б2, ","c3":"#095d97","l4":"Бо, ","c4":"#cf8a11","l5":"Н","c5":"#9789ff"},"geometry":{"type":"Point","coordinates":[27.446499,42.489843]}},{"type":"Feature","properties":{"lines":"9, 92, Б1, Б2, Бо, Н","arr":["9","92","Б1","Б2","Бо","Н"],"mode":"bus","angle":-49.8,"side":-1,"extra":1,"ei":9,"l0":"9, ","c0":"#a72d06","l1":"92, ","c1":"#066559","l2":"Б1, ","c2":"#fe6761","l3":"Б2, ","c3":"#095d97","l4":"Бо, ","c4":"#cf8a11","l5":"Н","c5":"#9789ff"},"geometry":{"type":"Point","coordinates":[27.44807,42.491334]}},{"type":"Feature","properties":{"lines":"9, 92, Б1, Б2, Бо, Н","arr":["9","92","Б1","Б2","Бо","Н"],"mode":"bus","angle":-50,"side":-1,"extra":1,"ei":10,"l0":"9, ","c0":"#a72d06","l1":"92, ","c1":"#066559","l2":"Б1, ","c2":"#fe6761","l3":"Б2, ","c3":"#095d97","l4":"Бо, ","c4":"#cf8a11","l5":"Н","c5":"#9789ff"},"geometry":{"type":"Point","coordinates":[27.449721,42.492778]}},{"type":"Feature","properties":{"lines":"9, Бо","arr":["9","Бо"],"mode":"bus","angle":-51.8,"l0":"9, ","c0":"#a72d06","l1":"Бо","c1":"#cf8a11"},"geometry":{"type":"Point","coordinates":[27.450254,42.493256]}},{"type":"Feature","properties":{"lines":"9, Б1, Б2, Н","arr":["9","Б1","Б2","Н"],"mode":"bus","angle":37.2,"mi":1,"l0":"9, ","c0":"#a72d06","l1":"Б1, ","c1":"#fe6761","l2":"Б2, ","c2":"#095d97","l3":"Н","c3":"#9789ff"},"geometry":{"type":"Point","coordinates":[27.45062,42.493279]}},{"type":"Feature","properties":{"lines":"9, 92, Б1, Б2, Н","arr":["9","92","Б1","Б2","Н"],"mode":"bus","angle":43,"l0":"9, ","c0":"#a72d06","l1":"92, ","c1":"#066559","l2":"Б1, ","c2":"#fe6761","l3":"Б2, ","c3":"#095d97","l4":"Н","c4":"#9789ff"},"geometry":{"type":"Point","coordinates":[27.452417,42.492086]}},{"type":"Feature","properties":{"lines":"9, 92, Б1, Б2, Н","arr":["9","92","Б1","Б2","Н"],"mode":"bus","angle":42.7,"extra":1,"ei":0,"l0":"9, ","c0":"#a72d06","l1":"92, ","c1":"#066559","l2":"Б1, ","c2":"#fe6761","l3":"Б2, ","c3":"#095d97","l4":"Н","c4":"#9789ff"},"geometry":{"type":"Point","coordinates":[27.453653,42.491237]}},{"type":"Feature","properties":{"lines":"9, 92, Н","arr":["9","92","Н"],"mode":"bus","angle":42.8,"side":-1,"l0":"9, ","c0":"#a72d06","l1":"92, ","c1":"#066559","l2":"Н","c2":"#9789ff"},"geometry":{"type":"Point","coordinates":[27.454452,42.490646]}},{"type":"Feature","properties":{"lines":"9, 92, Б1, Б2, Н, Т1","arr":["9","92","Б1","Б2","Н","Т1"],"mode":"bus","angle":70.5,"mi":1,"l0":"9, ","c0":"#a72d06","l1":"92, ","c1":"#066559","l2":"Б1, ","c2":"#fe6761","l3":"Б2, ","c3":"#095d97","l4":"Н, ","c4":"#9789ff","l5":"Т1","c5":"#6b5806"},"geometry":{"type":"Point","coordinates":[27.471368,42.492386]}},{"type":"Feature","properties":{"lines":"9, 92, Б1, Б2, Н, Т1","arr":["9","92","Б1","Б2","Н","Т1"],"mode":"bus","angle":75.2,"l0":"9, ","c0":"#a72d06","l1":"92, ","c1":"#066559","l2":"Б1, ","c2":"#fe6761","l3":"Б2, ","c3":"#095d97","l4":"Н, ","c4":"#9789ff","l5":"Т1","c5":"#6b5806"},"geometry":{"type":"Point","coordinates":[27.468816,42.497854]}},{"type":"Feature","properties":{"lines":"9, 92, Б1, Б2, Н, Т1","arr":["9","92","Б1","Б2","Н","Т1"],"mode":"bus","angle":71.9,"extra":1,"ei":0,"l0":"9, ","c0":"#a72d06","l1":"92, ","c1":"#066559","l2":"Б1, ","c2":"#fe6761","l3":"Б2, ","c3":"#095d97","l4":"Н, ","c4":"#9789ff","l5":"Т1","c5":"#6b5806"},"geometry":{"type":"Point","coordinates":[27.470254,42.494305]}},{"type":"Feature","properties":{"lines":"9, 92, Б1, Б2, Н, Т1","arr":["9","92","Б1","Б2","Н","Т1"],"mode":"bus","angle":73.3,"extra":1,"ei":1,"l0":"9, ","c0":"#a72d06","l1":"92, ","c1":"#066559","l2":"Б1, ","c2":"#fe6761","l3":"Б2, ","c3":"#095d97","l4":"Н, ","c4":"#9789ff","l5":"Т1","c5":"#6b5806"},"geometry":{"type":"Point","coordinates":[27.469467,42.496102]}},{"type":"Feature","properties":{"lines":"9, 92, Б1, Б2, Н, Т1","arr":["9","92","Б1","Б2","Н","Т1"],"mode":"bus","angle":75.4,"extra":1,"ei":2,"l0":"9, ","c0":"#a72d06","l1":"92, ","c1":"#066559","l2":"Б1, ","c2":"#fe6761","l3":"Б2, ","c3":"#095d97","l4":"Н, ","c4":"#9789ff","l5":"Т1","c5":"#6b5806"},"geometry":{"type":"Point","coordinates":[27.468145,42.499751]}},{"type":"Feature","properties":{"lines":"9, 92, Б1, Б2, Н, Т1","arr":["9","92","Б1","Б2","Н","Т1"],"mode":"bus","angle":80.9,"extra":1,"ei":3,"l0":"9, ","c0":"#a72d06","l1":"92, ","c1":"#066559","l2":"Б1, ","c2":"#fe6761","l3":"Б2, ","c3":"#095d97","l4":"Н, ","c4":"#9789ff","l5":"Т1","c5":"#6b5806"},"geometry":{"type":"Point","coordinates":[27.467583,42.501586]}},{"type":"Feature","properties":{"lines":"9, 92, Б1, Б2, Н","arr":["9","92","Б1","Б2","Н"],"mode":"bus","angle":-6.6,"side":-1,"mi":1,"l0":"9, ","c0":"#a72d06","l1":"92, ","c1":"#066559","l2":"Б1, ","c2":"#fe6761","l3":"Б2, ","c3":"#095d97","l4":"Н","c4":"#9789ff"},"geometry":{"type":"Point","coordinates":[27.450453,42.493207]}},{"type":"Feature","properties":{"lines":"9, Б1, Б2, Н","arr":["9","Б1","Б2","Н"],"mode":"bus","angle":75.2,"side":-1,"l0":"9, ","c0":"#a72d06","l1":"Б1, ","c1":"#fe6761","l2":"Б2, ","c2":"#095d97","l3":"Н","c3":"#9789ff"},"geometry":{"type":"Point","coordinates":[27.467419,42.501764]}},{"type":"Feature","properties":{"lines":"9, 17, 81, Б1, Б2, Б11, Б12, Н, Т1","arr":["9","17","81","Б1","Б2","Б11","Б12","Н","Т1"],"mode":"bus","angle":-15.3,"l0":"9, ","c0":"#a72d06","l1":"17, ","c1":"#1cab97","l2":"81, ","c2":"#066559","l3":"Б1, ","c3":"#fe6761","l4":"Б2, ","c4":"#095d97","l5":"Б11, ","c5":"#11a2e3","l6":"Б12, ","c6":"#2d8c1b","l7":"Н, ","c7":"#9789ff","l8":"Т1","c8":"#6b5806"},"geometry":{"type":"Point","coordinates":[27.458496,42.491094]}},{"type":"Feature","properties":{"lines":"9, Б1, Б2, Н","arr":["9","Б1","Б2","Н"],"mode":"bus","angle":8.1,"l0":"9, ","c0":"#a72d06","l1":"Б1, ","c1":"#fe6761","l2":"Б2, ","c2":"#095d97","l3":"Н","c3":"#9789ff"},"geometry":{"type":"Point","coordinates":[27.455114,42.490615]}},{"type":"Feature","properties":{"lines":"9, Б1, Б2, Б9, Бо, Н","arr":["9","Б1","Б2","Б9","Бо","Н"],"mode":"bus","angle":-51.4,"l0":"9, ","c0":"#a72d06","l1":"Б1, ","c1":"#fe6761","l2":"Б2, ","c2":"#095d97","l3":"Б9, ","c3":"#1cab97","l4":"Бо, ","c4":"#cf8a11","l5":"Н","c5":"#9789ff"},"geometry":{"type":"Point","coordinates":[27.440457,42.484644]}},{"type":"Feature","properties":{"lines":"9, Б1, Б2, Б9, Бо, Н","arr":["9","Б1","Б2","Б9","Бо","Н"],"mode":"bus","angle":-50.4,"extra":1,"ei":0,"l0":"9, ","c0":"#a72d06","l1":"Б1, ","c1":"#fe6761","l2":"Б2, ","c2":"#095d97","l3":"Б9, ","c3":"#1cab97","l4":"Бо, ","c4":"#cf8a11","l5":"Н","c5":"#9789ff"},"geometry":{"type":"Point","coordinates":[27.449475,42.492757]}},{"type":"Feature","properties":{"lines":"9, Б1, Б2, Б9, Бо, Н","arr":["9","Б1","Б2","Б9","Бо","Н"],"mode":"bus","angle":-50.4,"extra":1,"ei":1,"l0":"9, ","c0":"#a72d06","l1":"Б1, ","c1":"#fe6761","l2":"Б2, ","c2":"#095d97","l3":"Б9, ","c3":"#1cab97","l4":"Бо, ","c4":"#cf8a11","l5":"Н","c5":"#9789ff"},"geometry":{"type":"Point","coordinates":[27.447842,42.491302]}},{"type":"Feature","properties":{"lines":"9, Б1, Б2, Б9, Бо, Н","arr":["9","Б1","Б2","Б9","Бо","Н"],"mode":"bus","angle":-50.6,"extra":1,"ei":2,"l0":"9, ","c0":"#a72d06","l1":"Б1, ","c1":"#fe6761","l2":"Б2, ","c2":"#095d97","l3":"Б9, ","c3":"#1cab97","l4":"Бо, ","c4":"#cf8a11","l5":"Н","c5":"#9789ff"},"geometry":{"type":"Point","coordinates":[27.446213,42.489845]}},{"type":"Feature","properties":{"lines":"9, Б1, Б2, Б9, Бо, Н","arr":["9","Б1","Б2","Б9","Бо","Н"],"mode":"bus","angle":-50.6,"extra":1,"ei":3,"l0":"9, ","c0":"#a72d06","l1":"Б1, ","c1":"#fe6761","l2":"Б2, ","c2":"#095d97","l3":"Б9, ","c3":"#1cab97","l4":"Бо, ","c4":"#cf8a11","l5":"Н","c5":"#9789ff"},"geometry":{"type":"Point","coordinates":[27.444586,42.488386]}},{"type":"Feature","properties":{"lines":"9, Б1, Б2, Б9, Бо, Н","arr":["9","Б1","Б2","Б9","Бо","Н"],"mode":"bus","angle":-51.1,"extra":1,"ei":4,"l0":"9, ","c0":"#a72d06","l1":"Б1, ","c1":"#fe6761","l2":"Б2, ","c2":"#095d97","l3":"Б9, ","c3":"#1cab97","l4":"Бо, ","c4":"#cf8a11","l5":"Н","c5":"#9789ff"},"geometry":{"type":"Point","coordinates":[27.442967,42.486922]}},{"type":"Feature","properties":{"lines":"9, Б1, Б2, Б9, Бо, Н","arr":["9","Б1","Б2","Б9","Бо","Н"],"mode":"bus","angle":-57,"extra":1,"ei":5,"l0":"9, ","c0":"#a72d06","l1":"Б1, ","c1":"#fe6761","l2":"Б2, ","c2":"#095d97","l3":"Б9, ","c3":"#1cab97","l4":"Бо, ","c4":"#cf8a11","l5":"Н","c5":"#9789ff"},"geometry":{"type":"Point","coordinates":[27.438265,42.482443]}},{"type":"Feature","properties":{"lines":"9, Б1, Б2, Б9, Бо, Н","arr":["9","Б1","Б2","Б9","Бо","Н"],"mode":"bus","angle":-64.7,"extra":1,"ei":6,"l0":"9, ","c0":"#a72d06","l1":"Б1, ","c1":"#fe6761","l2":"Б2, ","c2":"#095d97","l3":"Б9, ","c3":"#1cab97","l4":"Бо, ","c4":"#cf8a11","l5":"Н","c5":"#9789ff"},"geometry":{"type":"Point","coordinates":[27.437025,42.480793]}},{"type":"Feature","properties":{"lines":"9, Б1, Б2, Б9, Бо, Н","arr":["9","Б1","Б2","Б9","Бо","Н"],"mode":"bus","angle":-73.2,"extra":1,"ei":7,"l0":"9, ","c0":"#a72d06","l1":"Б1, ","c1":"#fe6761","l2":"Б2, ","c2":"#095d97","l3":"Б9, ","c3":"#1cab97","l4":"Бо, ","c4":"#cf8a11","l5":"Н","c5":"#9789ff"},"geometry":{"type":"Point","coordinates":[27.436109,42.479031]}},{"type":"Feature","properties":{"lines":"9, Б1, Б2, Б9, Бо, Н","arr":["9","Б1","Б2","Б9","Бо","Н"],"mode":"bus","angle":-79.6,"extra":1,"ei":8,"l0":"9, ","c0":"#a72d06","l1":"Б1, ","c1":"#fe6761","l2":"Б2, ","c2":"#095d97","l3":"Б9, ","c3":"#1cab97","l4":"Бо, ","c4":"#cf8a11","l5":"Н","c5":"#9789ff"},"geometry":{"type":"Point","coordinates":[27.435477,42.477202]}},{"type":"Feature","properties":{"lines":"9, Б1, Б2, Б9, Бо, Н","arr":["9","Б1","Б2","Б9","Бо","Н"],"mode":"bus","angle":-86.4,"extra":1,"ei":9,"l0":"9, ","c0":"#a72d06","l1":"Б1, ","c1":"#fe6761","l2":"Б2, ","c2":"#095d97","l3":"Б9, ","c3":"#1cab97","l4":"Бо, ","c4":"#cf8a11","l5":"Н","c5":"#9789ff"},"geometry":{"type":"Point","coordinates":[27.43527,42.475321]}},{"type":"Feature","properties":{"lines":"9, 9А, 9Б, 17А, Б9, Б12, Бо","arr":["9","9А","9Б","17А","Б9","Б12","Бо"],"mode":"bus","angle":77.6,"l0":"9, ","c0":"#a72d06","l1":"9А, ","c1":"#f661b9","l2":"9Б, ","c2":"#79a620","l3":"17А, ","c3":"#992492","l4":"Б9, ","c4":"#1cab97","l5":"Б12, ","c5":"#2d8c1b","l6":"Бо","c6":"#cf8a11"},"geometry":{"type":"Point","coordinates":[27.419852,42.467347]}},{"type":"Feature","properties":{"lines":"9А, 9Б","arr":["9А","9Б"],"mode":"bus","angle":-68.3,"mi":4,"l0":"9А, ","c0":"#f661b9","l1":"9Б","c1":"#79a620"},"geometry":{"type":"Point","coordinates":[27.415782,42.460389]}},{"type":"Feature","properties":{"lines":"9, 9А, 9Б, 17А, Б9","arr":["9","9А","9Б","17А","Б9"],"mode":"bus","angle":-30.2,"l0":"9, ","c0":"#a72d06","l1":"9А, ","c1":"#f661b9","l2":"9Б, ","c2":"#79a620","l3":"17А, ","c3":"#992492","l4":"Б9","c4":"#1cab97"},"geometry":{"type":"Point","coordinates":[27.417633,42.461328]}},{"type":"Feature","properties":{"lines":"9, 17А, Б9","arr":["9","17А","Б9"],"mode":"bus","angle":58.3,"l0":"9, ","c0":"#a72d06","l1":"17А, ","c1":"#992492","l2":"Б9","c2":"#1cab97"},"geometry":{"type":"Point","coordinates":[27.417821,42.459923]}},{"type":"Feature","properties":{"lines":"9, 17А, Б9, Б12, Бо","arr":["9","17А","Б9","Б12","Бо"],"mode":"bus","angle":-36.5,"l0":"9, ","c0":"#a72d06","l1":"17А, ","c1":"#992492","l2":"Б9, ","c2":"#1cab97","l3":"Б12, ","c3":"#2d8c1b","l4":"Бо","c4":"#cf8a11"},"geometry":{"type":"Point","coordinates":[27.418111,42.457765]}},{"type":"Feature","properties":{"lines":"9, 17А, Б1, Б2, Н","arr":["9","17А","Б1","Б2","Н"],"mode":"bus","angle":58.4,"l0":"9, ","c0":"#a72d06","l1":"17А, ","c1":"#992492","l2":"Б1, ","c2":"#fe6761","l3":"Б2, ","c3":"#095d97","l4":"Н","c4":"#9789ff"},"geometry":{"type":"Point","coordinates":[27.414423,42.460711]}},{"type":"Feature","properties":{"lines":"9, 17А, Б1, Б2, Н","arr":["9","17А","Б1","Б2","Н"],"mode":"bus","angle":60.2,"extra":1,"ei":0,"l0":"9, ","c0":"#a72d06","l1":"17А, ","c1":"#992492","l2":"Б1, ","c2":"#fe6761","l3":"Б2, ","c3":"#095d97","l4":"Н","c4":"#9789ff"},"geometry":{"type":"Point","coordinates":[27.416386,42.458134]}},{"type":"Feature","properties":{"lines":"9, 17А, Б1, Б2, Н","arr":["9","17А","Б1","Б2","Н"],"mode":"bus","angle":87.4,"extra":1,"ei":1,"l0":"9, ","c0":"#a72d06","l1":"17А, ","c1":"#992492","l2":"Б1, ","c2":"#fe6761","l3":"Б2, ","c3":"#095d97","l4":"Н","c4":"#9789ff"},"geometry":{"type":"Point","coordinates":[27.413648,42.46329]}},{"type":"Feature","properties":{"lines":"9, 9А, 9Б, 17А, Б11, Бо, Н, Т1","arr":["9","9А","9Б","17А","Б11","Бо","Н","Т1"],"mode":"bus","angle":-48.6,"l0":"9, ","c0":"#a72d06","l1":"9А, ","c1":"#f661b9","l2":"9Б, ","c2":"#79a620","l3":"17А, ","c3":"#992492","l4":"Б11, ","c4":"#11a2e3","l5":"Бо, ","c5":"#cf8a11","l6":"Н, ","c6":"#9789ff","l7":"Т1","c7":"#6b5806"},"geometry":{"type":"Point","coordinates":[27.411721,42.46331]}},{"type":"Feature","properties":{"lines":"9, 9А, 9Б, 17А, Б11, Бо, Н, Т1","arr":["9","9А","9Б","17А","Б11","Бо","Н","Т1"],"mode":"bus","angle":-55,"extra":1,"ei":0,"l0":"9, ","c0":"#a72d06","l1":"9А, ","c1":"#f661b9","l2":"9Б, ","c2":"#79a620","l3":"17А, ","c3":"#992492","l4":"Б11, ","c4":"#11a2e3","l5":"Бо, ","c5":"#cf8a11","l6":"Н, ","c6":"#9789ff","l7":"Т1","c7":"#6b5806"},"geometry":{"type":"Point","coordinates":[27.41051,42.462298]}},{"type":"Feature","properties":{"lines":"9","arr":["9"],"mode":"bus","angle":34,"mi":1,"l0":"9","c0":"#a72d06"},"geometry":{"type":"Point","coordinates":[27.404557,42.4584]}},{"type":"Feature","properties":{"lines":"9А, 9Б, Б1, Б2, Б11, Н, Т1","arr":["9А","9Б","Б1","Б2","Б11","Н","Т1"],"mode":"bus","angle":-27.3,"l0":"9А, ","c0":"#f661b9","l1":"9Б, ","c1":"#79a620","l2":"Б1, ","c2":"#fe6761","l3":"Б2, ","c3":"#095d97","l4":"Б11, ","c4":"#11a2e3","l5":"Н, ","c5":"#9789ff","l6":"Т1","c6":"#6b5806"},"geometry":{"type":"Point","coordinates":[27.416468,42.466842]}},{"type":"Feature","properties":{"lines":"9А, 9Б, Б1, Б2, Б11, Н, Т1","arr":["9А","9Б","Б1","Б2","Б11","Н","Т1"],"mode":"bus","angle":-47.3,"extra":1,"ei":0,"l0":"9А, ","c0":"#f661b9","l1":"9Б, ","c1":"#79a620","l2":"Б1, ","c2":"#fe6761","l3":"Б2, ","c3":"#095d97","l4":"Б11, ","c4":"#11a2e3","l5":"Н, ","c5":"#9789ff","l6":"Т1","c6":"#6b5806"},"geometry":{"type":"Point","coordinates":[27.414746,42.465863]}},{"type":"Feature","properties":{"lines":"9А, 9Б, Б1, Б2, Б11, Н, Т1","arr":["9А","9Б","Б1","Б2","Б11","Н","Т1"],"mode":"bus","angle":-13.5,"extra":1,"ei":1,"l0":"9А, ","c0":"#f661b9","l1":"9Б, ","c1":"#79a620","l2":"Б1, ","c2":"#fe6761","l3":"Б2, ","c3":"#095d97","l4":"Б11, ","c4":"#11a2e3","l5":"Н, ","c5":"#9789ff","l6":"Т1","c6":"#6b5806"},"geometry":{"type":"Point","coordinates":[27.41927,42.467471]}},{"type":"Feature","properties":{"lines":"9А, 9Б, Б1, Б2, Б11, Бо, Н, Т1","arr":["9А","9Б","Б1","Б2","Б11","Бо","Н","Т1"],"mode":"bus","angle":-50.2,"l0":"9А, ","c0":"#f661b9","l1":"9Б, ","c1":"#79a620","l2":"Б1, ","c2":"#fe6761","l3":"Б2, ","c3":"#095d97","l4":"Б11, ","c4":"#11a2e3","l5":"Бо, ","c5":"#cf8a11","l6":"Н, ","c6":"#9789ff","l7":"Т1","c7":"#6b5806"},"geometry":{"type":"Point","coordinates":[27.413562,42.464859]}},{"type":"Feature","properties":{"lines":"9А, 9Б","arr":["9А","9Б"],"mode":"bus","angle":-51.5,"l0":"9А, ","c0":"#f661b9","l1":"9Б","c1":"#79a620"},"geometry":{"type":"Point","coordinates":[27.411778,42.456896]}},{"type":"Feature","properties":{"lines":"9А, 9Б","arr":["9А","9Б"],"mode":"bus","angle":-43,"mi":2,"l0":"9А, ","c0":"#f661b9","l1":"9Б","c1":"#79a620"},"geometry":{"type":"Point","coordinates":[27.414432,42.458892]}},{"type":"Feature","properties":{"lines":"9А, 9Б","arr":["9А","9Б"],"mode":"bus","angle":60.1,"mi":1,"l0":"9А, ","c0":"#f661b9","l1":"9Б","c1":"#79a620"},"geometry":{"type":"Point","coordinates":[27.413754,42.458049]}},{"type":"Feature","properties":{"lines":"9А, 9Б","arr":["9А","9Б"],"mode":"bus","angle":4.7,"mi":6,"l0":"9А, ","c0":"#f661b9","l1":"9Б","c1":"#79a620"},"geometry":{"type":"Point","coordinates":[27.394843,42.450499]}},{"type":"Feature","properties":{"lines":"9А, 9Б","arr":["9А","9Б"],"mode":"bus","angle":19.8,"side":-1,"mi":7,"l0":"9А, ","c0":"#f661b9","l1":"9Б","c1":"#79a620"},"geometry":{"type":"Point","coordinates":[27.41959,42.467302]}},{"type":"Feature","properties":{"lines":"9А, 9Б","arr":["9А","9Б"],"mode":"bus","angle":-55.8,"mi":5,"l0":"9А, ","c0":"#f661b9","l1":"9Б","c1":"#79a620"},"geometry":{"type":"Point","coordinates":[27.399343,42.452052]}},{"type":"Feature","properties":{"lines":"9А, 9Б","arr":["9А","9Б"],"mode":"bus","angle":-55.9,"extra":1,"ei":0,"l0":"9А, ","c0":"#f661b9","l1":"9Б","c1":"#79a620"},"geometry":{"type":"Point","coordinates":[27.40048,42.453288]}},{"type":"Feature","properties":{"lines":"9А, 9Б","arr":["9А","9Б"],"mode":"bus","angle":-56,"extra":1,"ei":1,"l0":"9А, ","c0":"#f661b9","l1":"9Б","c1":"#79a620"},"geometry":{"type":"Point","coordinates":[27.397585,42.450171]}},{"type":"Feature","properties":{"lines":"9Б","arr":["9Б"],"mode":"bus","angle":78.9,"l0":"9Б","c0":"#79a620"},"geometry":{"type":"Point","coordinates":[27.392573,42.455876]}},{"type":"Feature","properties":{"lines":"9Б","arr":["9Б"],"mode":"bus","angle":82.3,"extra":1,"ei":0,"l0":"9Б","c0":"#79a620"},"geometry":{"type":"Point","coordinates":[27.391884,42.45143]}},{"type":"Feature","properties":{"lines":"9Б","arr":["9Б"],"mode":"bus","angle":-88.4,"extra":1,"ei":1,"l0":"9Б","c0":"#79a620"},"geometry":{"type":"Point","coordinates":[27.392456,42.453209]}},{"type":"Feature","properties":{"lines":"9Б","arr":["9Б"],"mode":"bus","angle":-81.9,"extra":1,"ei":2,"l0":"9Б","c0":"#79a620"},"geometry":{"type":"Point","coordinates":[27.392347,42.458836]}},{"type":"Feature","properties":{"lines":"9Б","arr":["9Б"],"mode":"bus","angle":-71.9,"extra":1,"ei":3,"l0":"9Б","c0":"#79a620"},"geometry":{"type":"Point","coordinates":[27.392829,42.460688]}},{"type":"Feature","properties":{"lines":"9А, 9Б, Б9, Б11, Бо, Т1","arr":["9А","9Б","Б9","Б11","Бо","Т1"],"mode":"bus","angle":-48.3,"l0":"9А, ","c0":"#f661b9","l1":"9Б, ","c1":"#79a620","l2":"Б9, ","c2":"#1cab97","l3":"Б11, ","c3":"#11a2e3","l4":"Бо, ","c4":"#cf8a11","l5":"Т1","c5":"#6b5806"},"geometry":{"type":"Point","coordinates":[27.413005,42.46419]}},{"type":"Feature","properties":{"lines":"9А, 9Б, Б1, Б2, Б9, Б11, Бо, Н, Т1","arr":["9А","9Б","Б1","Б2","Б9","Б11","Бо","Н","Т1"],"mode":"bus","angle":-51.4,"side":-1,"l0":"9А, ","c0":"#f661b9","l1":"9Б, ","c1":"#79a620","l2":"Б1, ","c2":"#fe6761","l3":"Б2, ","c3":"#095d97","l4":"Б9, ","c4":"#1cab97","l5":"Б11, ","c5":"#11a2e3","l6":"Бо, ","c6":"#cf8a11","l7":"Н, ","c7":"#9789ff","l8":"Т1","c8":"#6b5806"},"geometry":{"type":"Point","coordinates":[27.413642,42.464755]}},{"type":"Feature","properties":{"lines":"Б1, Б2, Б11, Н, Т1","arr":["Б1","Б2","Б11","Н","Т1"],"mode":"bus","angle":-12.2,"l0":"Б1, ","c0":"#fe6761","l1":"Б2, ","c1":"#095d97","l2":"Б11, ","c2":"#11a2e3","l3":"Н, ","c3":"#9789ff","l4":"Т1","c4":"#6b5806"},"geometry":{"type":"Point","coordinates":[27.419734,42.4674]}},{"type":"Feature","properties":{"lines":"11, 92, Б12","arr":["11","92","Б12"],"mode":"bus","angle":-34.9,"side":-1,"mi":1,"l0":"11, ","c0":"#4d4aba","l1":"92, ","c1":"#066559","l2":"Б12","c2":"#2d8c1b"},"geometry":{"type":"Point","coordinates":[27.442054,42.521565]}},{"type":"Feature","properties":{"lines":"11, 92, Б12","arr":["11","92","Б12"],"mode":"bus","angle":-32.3,"side":-1,"l0":"11, ","c0":"#4d4aba","l1":"92, ","c1":"#066559","l2":"Б12","c2":"#2d8c1b"},"geometry":{"type":"Point","coordinates":[27.451435,42.526522]}},{"type":"Feature","properties":{"lines":"92","arr":["92"],"mode":"bus","angle":-35.4,"l0":"92","c0":"#066559"},"geometry":{"type":"Point","coordinates":[27.447364,42.5245]}},{"type":"Feature","properties":{"lines":"92","arr":["92"],"mode":"bus","angle":-35.8,"extra":1,"ei":0,"l0":"92","c0":"#066559"},"geometry":{"type":"Point","coordinates":[27.445099,42.52329]}},{"type":"Feature","properties":{"lines":"92","arr":["92"],"mode":"bus","angle":-35.5,"extra":1,"ei":1,"l0":"92","c0":"#066559"},"geometry":{"type":"Point","coordinates":[27.449284,42.52547]}},{"type":"Feature","properties":{"lines":"11, Б12","arr":["11","Б12"],"mode":"bus","angle":-38.1,"side":-1,"l0":"11, ","c0":"#4d4aba","l1":"Б12","c1":"#2d8c1b"},"geometry":{"type":"Point","coordinates":[27.447425,42.524289]}},{"type":"Feature","properties":{"lines":"11, Б12","arr":["11","Б12"],"mode":"bus","angle":-34.9,"side":-1,"extra":1,"ei":0,"l0":"11, ","c0":"#4d4aba","l1":"Б12","c1":"#2d8c1b"},"geometry":{"type":"Point","coordinates":[27.44507,42.523015]}},{"type":"Feature","properties":{"lines":"11, Б12","arr":["11","Б12"],"mode":"bus","angle":-36.8,"side":-1,"extra":1,"ei":1,"l0":"11, ","c0":"#4d4aba","l1":"Б12","c1":"#2d8c1b"},"geometry":{"type":"Point","coordinates":[27.449211,42.525238]}},{"type":"Feature","properties":{"lines":"11, 15, 15А, 92","arr":["11","15","15А","92"],"mode":"bus","angle":-25,"side":-1,"l0":"11, ","c0":"#4d4aba","l1":"15, ","c1":"#b0045c","l2":"15А, ","c2":"#7c5001","l3":"92","c3":"#066559"},"geometry":{"type":"Point","coordinates":[27.457422,42.529155]}},{"type":"Feature","properties":{"lines":"11, 15, 15А, 92","arr":["11","15","15А","92"],"mode":"bus","angle":-30.6,"side":-1,"extra":1,"ei":0,"l0":"11, ","c0":"#4d4aba","l1":"15, ","c1":"#b0045c","l2":"15А, ","c2":"#7c5001","l3":"92","c3":"#066559"},"geometry":{"type":"Point","coordinates":[27.453578,42.527698]}},{"type":"Feature","properties":{"lines":"11, 15, 15А, 92","arr":["11","15","15А","92"],"mode":"bus","angle":-26.6,"side":-1,"extra":1,"ei":1,"l0":"11, ","c0":"#4d4aba","l1":"15, ","c1":"#b0045c","l2":"15А, ","c2":"#7c5001","l3":"92","c3":"#066559"},"geometry":{"type":"Point","coordinates":[27.455835,42.52859]}},{"type":"Feature","properties":{"lines":"11, 15, 15А, 92","arr":["11","15","15А","92"],"mode":"bus","angle":-24.7,"side":-1,"extra":1,"ei":2,"l0":"11, ","c0":"#4d4aba","l1":"15, ","c1":"#b0045c","l2":"15А, ","c2":"#7c5001","l3":"92","c3":"#066559"},"geometry":{"type":"Point","coordinates":[27.460457,42.530223]}},{"type":"Feature","properties":{"lines":"11, 12, Б1","arr":["11","12","Б1"],"mode":"bus","angle":71.4,"l0":"11, ","c0":"#4d4aba","l1":"12, ","c1":"#e16cd6","l2":"Б1","c2":"#fe6761"},"geometry":{"type":"Point","coordinates":[27.463498,42.528245]}},{"type":"Feature","properties":{"lines":"11, 12, Б1","arr":["11","12","Б1"],"mode":"bus","angle":77.6,"extra":1,"ei":0,"l0":"11, ","c0":"#4d4aba","l1":"12, ","c1":"#e16cd6","l2":"Б1","c2":"#fe6761"},"geometry":{"type":"Point","coordinates":[27.463124,42.529491]}},{"type":"Feature","properties":{"lines":"11, 12","arr":["11","12"],"mode":"bus","angle":14.7,"mi":3,"l0":"11, ","c0":"#4d4aba","l1":"12","c1":"#e16cd6"},"geometry":{"type":"Point","coordinates":[27.467007,42.523365]}},{"type":"Feature","properties":{"lines":"11, 12","arr":["11","12"],"mode":"bus","angle":57.4,"mi":5,"l0":"11, ","c0":"#4d4aba","l1":"12","c1":"#e16cd6"},"geometry":{"type":"Point","coordinates":[27.465574,42.526342]}},{"type":"Feature","properties":{"lines":"11","arr":["11"],"mode":"bus","angle":-72.5,"l0":"11","c0":"#4d4aba"},"geometry":{"type":"Point","coordinates":[27.465587,42.524449]}},{"type":"Feature","properties":{"lines":"11","arr":["11"],"mode":"bus","angle":65.8,"side":-1,"mi":1,"l0":"11","c0":"#4d4aba"},"geometry":{"type":"Point","coordinates":[27.465864,42.520635]}},{"type":"Feature","properties":{"lines":"11, 12","arr":["11","12"],"mode":"bus","angle":26.2,"l0":"11, ","c0":"#4d4aba","l1":"12","c1":"#e16cd6"},"geometry":{"type":"Point","coordinates":[27.4673,42.519461]}},{"type":"Feature","properties":{"lines":"11, 12","arr":["11","12"],"mode":"bus","angle":63.7,"mi":1,"l0":"11, ","c0":"#4d4aba","l1":"12","c1":"#e16cd6"},"geometry":{"type":"Point","coordinates":[27.47026,42.515212]}},{"type":"Feature","properties":{"lines":"11, 12","arr":["11","12"],"mode":"bus","angle":83.1,"extra":1,"ei":0,"l0":"11, ","c0":"#4d4aba","l1":"12","c1":"#e16cd6"},"geometry":{"type":"Point","coordinates":[27.468669,42.518331]}},{"type":"Feature","properties":{"lines":"11, 12","arr":["11","12"],"mode":"bus","angle":62.9,"extra":1,"ei":1,"l0":"11, ","c0":"#4d4aba","l1":"12","c1":"#e16cd6"},"geometry":{"type":"Point","coordinates":[27.469396,42.516534]}},{"type":"Feature","properties":{"lines":"11, 12","arr":["11","12"],"mode":"bus","angle":36,"extra":1,"ei":2,"l0":"11, ","c0":"#4d4aba","l1":"12","c1":"#e16cd6"},"geometry":{"type":"Point","coordinates":[27.47211,42.513402]}},{"type":"Feature","properties":{"lines":"11, 12","arr":["11","12"],"mode":"bus","angle":67,"extra":1,"ei":3,"l0":"11, ","c0":"#4d4aba","l1":"12","c1":"#e16cd6"},"geometry":{"type":"Point","coordinates":[27.474104,42.512264]}},{"type":"Feature","properties":{"lines":"11, 12","arr":["11","12"],"mode":"bus","angle":45.2,"mi":6,"l0":"11, ","c0":"#4d4aba","l1":"12","c1":"#e16cd6"},"geometry":{"type":"Point","coordinates":[27.477612,42.509489]}},{"type":"Feature","properties":{"lines":"11, 12","arr":["11","12"],"mode":"bus","angle":30.5,"extra":1,"ei":0,"l0":"11, ","c0":"#4d4aba","l1":"12","c1":"#e16cd6"},"geometry":{"type":"Point","coordinates":[27.474567,42.511601]}},{"type":"Feature","properties":{"lines":"11, 12","arr":["11","12"],"mode":"bus","angle":44.9,"extra":1,"ei":1,"l0":"11, ","c0":"#4d4aba","l1":"12","c1":"#e16cd6"},"geometry":{"type":"Point","coordinates":[27.476463,42.510335]}},{"type":"Feature","properties":{"lines":"11, 12","arr":["11","12"],"mode":"bus","angle":58.9,"extra":1,"ei":2,"l0":"11, ","c0":"#4d4aba","l1":"12","c1":"#e16cd6"},"geometry":{"type":"Point","coordinates":[27.479917,42.507556]}},{"type":"Feature","properties":{"lines":"11, 15, 15А, 81, Б11, Б12","arr":["11","15","15А","81","Б11","Б12"],"mode":"bus","angle":82.1,"side":-1,"l0":"11, ","c0":"#4d4aba","l1":"15, ","c1":"#b0045c","l2":"15А, ","c2":"#7c5001","l3":"81, ","c3":"#066559","l4":"Б11, ","c4":"#11a2e3","l5":"Б12","c5":"#2d8c1b"},"geometry":{"type":"Point","coordinates":[27.480391,42.496093]}},{"type":"Feature","properties":{"lines":"11, 15, 15А, 81, Б11, Б12","arr":["11","15","15А","81","Б11","Б12"],"mode":"bus","angle":74.6,"side":-1,"extra":1,"ei":0,"l0":"11, ","c0":"#4d4aba","l1":"15, ","c1":"#b0045c","l2":"15А, ","c2":"#7c5001","l3":"81, ","c3":"#066559","l4":"Б11, ","c4":"#11a2e3","l5":"Б12","c5":"#2d8c1b"},"geometry":{"type":"Point","coordinates":[27.479969,42.498481]}},{"type":"Feature","properties":{"lines":"11, 15, 15А, 81, Б11, Б12","arr":["11","15","15А","81","Б11","Б12"],"mode":"bus","angle":81,"side":-1,"extra":1,"ei":1,"l0":"11, ","c0":"#4d4aba","l1":"15, ","c1":"#b0045c","l2":"15А, ","c2":"#7c5001","l3":"81, ","c3":"#066559","l4":"Б11, ","c4":"#11a2e3","l5":"Б12","c5":"#2d8c1b"},"geometry":{"type":"Point","coordinates":[27.480656,42.494741]}},{"type":"Feature","properties":{"lines":"11, 15, 15А, 81, Б11, Б12","arr":["11","15","15А","81","Б11","Б12"],"mode":"bus","angle":-56.6,"extra":1,"ei":2,"l0":"11, ","c0":"#4d4aba","l1":"15, ","c1":"#b0045c","l2":"15А, ","c2":"#7c5001","l3":"81, ","c3":"#066559","l4":"Б11, ","c4":"#11a2e3","l5":"Б12","c5":"#2d8c1b"},"geometry":{"type":"Point","coordinates":[27.479862,42.493032]}},{"type":"Feature","properties":{"lines":"11, 12, 15, 15А, Б1, Б2, Н","arr":["11","12","15","15А","Б1","Б2","Н"],"mode":"bus","angle":89.2,"l0":"11, ","c0":"#4d4aba","l1":"12, ","c1":"#e16cd6","l2":"15, ","c2":"#b0045c","l3":"15А, ","c3":"#7c5001","l4":"Б1, ","c4":"#fe6761","l5":"Б2, ","c5":"#095d97","l6":"Н","c6":"#9789ff"},"geometry":{"type":"Point","coordinates":[27.475427,42.491041]}},{"type":"Feature","properties":{"lines":"11, 12, Т1","arr":["11","12","Т1"],"mode":"bus","angle":75.6,"l0":"11, ","c0":"#4d4aba","l1":"12, ","c1":"#e16cd6","l2":"Т1","c2":"#6b5806"},"geometry":{"type":"Point","coordinates":[27.459854,42.495921]}},{"type":"Feature","properties":{"lines":"11, 12, Т1","arr":["11","12","Т1"],"mode":"bus","angle":75.5,"extra":1,"ei":0,"l0":"11, ","c0":"#4d4aba","l1":"12, ","c1":"#e16cd6","l2":"Т1","c2":"#6b5806"},"geometry":{"type":"Point","coordinates":[27.460949,42.492806]}},{"type":"Feature","properties":{"lines":"11, 12, Т1","arr":["11","12","Т1"],"mode":"bus","angle":74.9,"extra":1,"ei":1,"l0":"11, ","c0":"#4d4aba","l1":"12, ","c1":"#e16cd6","l2":"Т1","c2":"#6b5806"},"geometry":{"type":"Point","coordinates":[27.460312,42.494635]}},{"type":"Feature","properties":{"lines":"11, 12, Т1","arr":["11","12","Т1"],"mode":"bus","angle":75.5,"extra":1,"ei":2,"l0":"11, ","c0":"#4d4aba","l1":"12, ","c1":"#e16cd6","l2":"Т1","c2":"#6b5806"},"geometry":{"type":"Point","coordinates":[27.459025,42.498291]}},{"type":"Feature","properties":{"lines":"11","arr":["11"],"mode":"bus","angle":-89,"side":-1,"mi":1,"l0":"11","c0":"#4d4aba"},"geometry":{"type":"Point","coordinates":[27.458412,42.500219]}},{"type":"Feature","properties":{"lines":"11","arr":["11"],"mode":"bus","angle":-15.1,"mi":3,"l0":"11","c0":"#4d4aba"},"geometry":{"type":"Point","coordinates":[27.458765,42.50399]}},{"type":"Feature","properties":{"lines":"11","arr":["11"],"mode":"bus","angle":76.3,"mi":4,"l0":"11","c0":"#4d4aba"},"geometry":{"type":"Point","coordinates":[27.459953,42.504851]}},{"type":"Feature","properties":{"lines":"11, 12","arr":["11","12"],"mode":"bus","angle":-79.7,"mi":2,"l0":"11, ","c0":"#4d4aba","l1":"12","c1":"#e16cd6"},"geometry":{"type":"Point","coordinates":[27.464162,42.511306]}},{"type":"Feature","properties":{"lines":"11","arr":["11"],"mode":"bus","angle":-72.3,"mi":2,"l0":"11","c0":"#4d4aba"},"geometry":{"type":"Point","coordinates":[27.461648,42.515798]}},{"type":"Feature","properties":{"lines":"11, 12","arr":["11","12"],"mode":"bus","angle":-57.4,"mi":4,"l0":"11, ","c0":"#4d4aba","l1":"12","c1":"#e16cd6"},"geometry":{"type":"Point","coordinates":[27.459132,42.514265]}},{"type":"Feature","properties":{"lines":"11, 12","arr":["11","12"],"mode":"bus","angle":-32.3,"extra":1,"ei":0,"l0":"11, ","c0":"#4d4aba","l1":"12","c1":"#e16cd6"},"geometry":{"type":"Point","coordinates":[27.460308,42.515104]}},{"type":"Feature","properties":{"lines":"12","arr":["12"],"mode":"bus","angle":-6.1,"side":-1,"mi":6,"l0":"12","c0":"#e16cd6"},"geometry":{"type":"Point","coordinates":[27.461681,42.515675]}},{"type":"Feature","properties":{"lines":"12, Б9","arr":["12","Б9"],"mode":"bus","angle":-67.9,"l0":"12, ","c0":"#e16cd6","l1":"Б9","c1":"#1cab97"},"geometry":{"type":"Point","coordinates":[27.46215,42.504525]}},{"type":"Feature","properties":{"lines":"12, Б9, Бо","arr":["12","Б9","Бо"],"mode":"bus","angle":-54.4,"l0":"12, ","c0":"#e16cd6","l1":"Б9, ","c1":"#1cab97","l2":"Бо","c2":"#cf8a11"},"geometry":{"type":"Point","coordinates":[27.461803,42.50414]}},{"type":"Feature","properties":{"lines":"Б9, Бо","arr":["Б9","Бо"],"mode":"bus","angle":-51.7,"l0":"Б9, ","c0":"#1cab97","l1":"Бо","c1":"#cf8a11"},"geometry":{"type":"Point","coordinates":[27.456015,42.49873]}},{"type":"Feature","properties":{"lines":"Б9, Бо","arr":["Б9","Бо"],"mode":"bus","angle":-51.9,"side":-1,"extra":1,"ei":0,"l0":"Б9, ","c0":"#1cab97","l1":"Бо","c1":"#cf8a11"},"geometry":{"type":"Point","coordinates":[27.460833,42.503196]}},{"type":"Feature","properties":{"lines":"Б9, Бо","arr":["Б9","Бо"],"mode":"bus","angle":-51.3,"extra":1,"ei":1,"l0":"Б9, ","c0":"#1cab97","l1":"Бо","c1":"#cf8a11"},"geometry":{"type":"Point","coordinates":[27.459227,42.501725]}},{"type":"Feature","properties":{"lines":"Б9, Бо","arr":["Б9","Бо"],"mode":"bus","angle":-51.7,"extra":1,"ei":2,"l0":"Б9, ","c0":"#1cab97","l1":"Бо","c1":"#cf8a11"},"geometry":{"type":"Point","coordinates":[27.457637,42.500244]}},{"type":"Feature","properties":{"lines":"Б9, Бо","arr":["Б9","Бо"],"mode":"bus","angle":-51.9,"extra":1,"ei":3,"l0":"Б9, ","c0":"#1cab97","l1":"Бо","c1":"#cf8a11"},"geometry":{"type":"Point","coordinates":[27.454457,42.497282]}},{"type":"Feature","properties":{"lines":"Б9, Бо","arr":["Б9","Бо"],"mode":"bus","angle":-51.1,"extra":1,"ei":4,"l0":"Б9, ","c0":"#1cab97","l1":"Бо","c1":"#cf8a11"},"geometry":{"type":"Point","coordinates":[27.452877,42.495795]}},{"type":"Feature","properties":{"lines":"Б9, Бо","arr":["Б9","Бо"],"mode":"bus","angle":-51,"extra":1,"ei":5,"l0":"Б9, ","c0":"#1cab97","l1":"Бо","c1":"#cf8a11"},"geometry":{"type":"Point","coordinates":[27.451262,42.494329]}},{"type":"Feature","properties":{"lines":"12","arr":["12"],"mode":"bus","angle":-38.8,"mi":1,"l0":"12","c0":"#e16cd6"},"geometry":{"type":"Point","coordinates":[27.461182,42.503629]}},{"type":"Feature","properties":{"lines":"12","arr":["12"],"mode":"bus","angle":-86.1,"mi":5,"l0":"12","c0":"#e16cd6"},"geometry":{"type":"Point","coordinates":[27.467202,42.525066]}},{"type":"Feature","properties":{"lines":"12","arr":["12"],"mode":"bus","angle":67.7,"l0":"12","c0":"#e16cd6"},"geometry":{"type":"Point","coordinates":[27.457737,42.52897]}},{"type":"Feature","properties":{"lines":"12","arr":["12"],"mode":"bus","angle":-16.5,"l0":"12","c0":"#e16cd6"},"geometry":{"type":"Point","coordinates":[27.459981,42.503057]}},{"type":"Feature","properties":{"lines":"12","arr":["12"],"mode":"bus","angle":-87.3,"mi":2,"l0":"12","c0":"#e16cd6"},"geometry":{"type":"Point","coordinates":[27.458345,42.500884]}},{"type":"Feature","properties":{"lines":"12, Т1","arr":["12","Т1"],"mode":"bus","angle":82.7,"side":-1,"l0":"12, ","c0":"#e16cd6","l1":"Т1","c1":"#6b5806"},"geometry":{"type":"Point","coordinates":[27.458328,42.500286]}},{"type":"Feature","properties":{"lines":"12","arr":["12"],"mode":"bus","angle":65.9,"mi":3,"l0":"12","c0":"#e16cd6"},"geometry":{"type":"Point","coordinates":[27.465994,42.52071]}},{"type":"Feature","properties":{"lines":"12, Б1, Б11","arr":["12","Б1","Б11"],"mode":"bus","angle":-26,"l0":"12, ","c0":"#e16cd6","l1":"Б1, ","c1":"#fe6761","l2":"Б11","c2":"#11a2e3"},"geometry":{"type":"Point","coordinates":[27.458873,42.528999]}},{"type":"Feature","properties":{"lines":"12, Б1","arr":["12","Б1"],"mode":"bus","angle":-25.8,"l0":"12, ","c0":"#e16cd6","l1":"Б1","c1":"#fe6761"},"geometry":{"type":"Point","coordinates":[27.461196,42.529817]}},{"type":"Feature","properties":{"lines":"12, 15, 15А, 92","arr":["12","15","15А","92"],"mode":"bus","angle":-28.6,"l0":"12, ","c0":"#e16cd6","l1":"15, ","c1":"#b0045c","l2":"15А, ","c2":"#7c5001","l3":"92","c3":"#066559"},"geometry":{"type":"Point","coordinates":[27.454897,42.52837]}},{"type":"Feature","properties":{"lines":"12, 15, 15А, 92","arr":["12","15","15А","92"],"mode":"bus","angle":-25.8,"extra":1,"ei":0,"l0":"12, ","c0":"#e16cd6","l1":"15, ","c1":"#b0045c","l2":"15А, ","c2":"#7c5001","l3":"92","c3":"#066559"},"geometry":{"type":"Point","coordinates":[27.456316,42.528899]}},{"type":"Feature","properties":{"lines":"12, 92, Б12","arr":["12","92","Б12"],"mode":"bus","angle":-40.7,"mi":1,"l0":"12, ","c0":"#e16cd6","l1":"92, ","c1":"#066559","l2":"Б12","c2":"#2d8c1b"},"geometry":{"type":"Point","coordinates":[27.443135,42.522332]}},{"type":"Feature","properties":{"lines":"12, 92, Б12","arr":["12","92","Б12"],"mode":"bus","angle":-34.5,"l0":"12, ","c0":"#e16cd6","l1":"92, ","c1":"#066559","l2":"Б12","c2":"#2d8c1b"},"geometry":{"type":"Point","coordinates":[27.449969,42.52596]}},{"type":"Feature","properties":{"lines":"12, 92, Б12","arr":["12","92","Б12"],"mode":"bus","angle":-37.3,"extra":1,"ei":0,"l0":"12, ","c0":"#e16cd6","l1":"92, ","c1":"#066559","l2":"Б12","c2":"#2d8c1b"},"geometry":{"type":"Point","coordinates":[27.445237,42.523681]}},{"type":"Feature","properties":{"lines":"12, 92, Б12","arr":["12","92","Б12"],"mode":"bus","angle":-35.1,"extra":1,"ei":1,"l0":"12, ","c0":"#e16cd6","l1":"92, ","c1":"#066559","l2":"Б12","c2":"#2d8c1b"},"geometry":{"type":"Point","coordinates":[27.441279,42.521288]}},{"type":"Feature","properties":{"lines":"12","arr":["12"],"mode":"bus","angle":41.5,"mi":1,"l0":"12","c0":"#e16cd6"},"geometry":{"type":"Point","coordinates":[27.446168,42.526343]}},{"type":"Feature","properties":{"lines":"12","arr":["12"],"mode":"bus","angle":-63.3,"mi":4,"l0":"12","c0":"#e16cd6"},"geometry":{"type":"Point","coordinates":[27.444037,42.52632]}},{"type":"Feature","properties":{"lines":"12","arr":["12"],"mode":"bus","angle":19.3,"mi":2,"l0":"12","c0":"#e16cd6"},"geometry":{"type":"Point","coordinates":[27.444866,42.524927]}},{"type":"Feature","properties":{"lines":"92, Б12","arr":["92","Б12"],"mode":"bus","angle":-28.1,"l0":"92, ","c0":"#066559","l1":"Б12","c1":"#2d8c1b"},"geometry":{"type":"Point","coordinates":[27.447034,42.524595]}},{"type":"Feature","properties":{"lines":"15, 15А","arr":["15","15А"],"mode":"bus","angle":-46.8,"l0":"15, ","c0":"#b0045c","l1":"15А","c1":"#7c5001"},"geometry":{"type":"Point","coordinates":[27.51741,42.562913]}},{"type":"Feature","properties":{"lines":"15, 15А","arr":["15","15А"],"mode":"bus","angle":-11.3,"extra":1,"ei":0,"l0":"15, ","c0":"#b0045c","l1":"15А","c1":"#7c5001"},"geometry":{"type":"Point","coordinates":[27.518865,42.563643]}},{"type":"Feature","properties":{"lines":"15, 15А","arr":["15","15А"],"mode":"bus","angle":68.9,"mi":5,"l0":"15, ","c0":"#b0045c","l1":"15А","c1":"#7c5001"},"geometry":{"type":"Point","coordinates":[27.518411,42.564981]}},{"type":"Feature","properties":{"lines":"15, 15А","arr":["15","15А"],"mode":"bus","angle":-41.7,"mi":6,"l0":"15, ","c0":"#b0045c","l1":"15А","c1":"#7c5001"},"geometry":{"type":"Point","coordinates":[27.516883,42.565136]}},{"type":"Feature","properties":{"lines":"15, 15А","arr":["15","15А"],"mode":"bus","angle":-27,"mi":4,"l0":"15, ","c0":"#b0045c","l1":"15А","c1":"#7c5001"},"geometry":{"type":"Point","coordinates":[27.517963,42.564871]}},{"type":"Feature","properties":{"lines":"15, 15А","arr":["15","15А"],"mode":"bus","angle":-52.9,"mi":1,"l0":"15, ","c0":"#b0045c","l1":"15А","c1":"#7c5001"},"geometry":{"type":"Point","coordinates":[27.517138,42.56321]}},{"type":"Feature","properties":{"lines":"15, 15А","arr":["15","15А"],"mode":"bus","angle":-72.3,"extra":1,"ei":0,"l0":"15, ","c0":"#b0045c","l1":"15А","c1":"#7c5001"},"geometry":{"type":"Point","coordinates":[27.51634,42.562054]}},{"type":"Feature","properties":{"lines":"15, 15А","arr":["15","15А"],"mode":"bus","angle":-71.9,"mi":1,"l0":"15, ","c0":"#b0045c","l1":"15А","c1":"#7c5001"},"geometry":{"type":"Point","coordinates":[27.475258,42.549799]}},{"type":"Feature","properties":{"lines":"15, 15А","arr":["15","15А"],"mode":"bus","angle":-56.2,"mi":2,"l0":"15, ","c0":"#b0045c","l1":"15А","c1":"#7c5001"},"geometry":{"type":"Point","coordinates":[27.470806,42.549768]}},{"type":"Feature","properties":{"lines":"15, 15А","arr":["15","15А"],"mode":"bus","angle":-79.9,"l0":"15, ","c0":"#b0045c","l1":"15А","c1":"#7c5001"},"geometry":{"type":"Point","coordinates":[27.471977,42.539259]}},{"type":"Feature","properties":{"lines":"15, 15А","arr":["15","15А"],"mode":"bus","angle":-79,"extra":1,"ei":0,"l0":"15, ","c0":"#b0045c","l1":"15А","c1":"#7c5001"},"geometry":{"type":"Point","coordinates":[27.474111,42.546145]}},{"type":"Feature","properties":{"lines":"15, 15А","arr":["15","15А"],"mode":"bus","angle":-75.6,"extra":1,"ei":1,"l0":"15, ","c0":"#b0045c","l1":"15А","c1":"#7c5001"},"geometry":{"type":"Point","coordinates":[27.473571,42.544299]}},{"type":"Feature","properties":{"lines":"15, 15А","arr":["15","15А"],"mode":"bus","angle":-75.3,"extra":1,"ei":2,"l0":"15, ","c0":"#b0045c","l1":"15А","c1":"#7c5001"},"geometry":{"type":"Point","coordinates":[27.472892,42.542478]}},{"type":"Feature","properties":{"lines":"15, 15А","arr":["15","15А"],"mode":"bus","angle":-79.3,"extra":1,"ei":3,"l0":"15, ","c0":"#b0045c","l1":"15А","c1":"#7c5001"},"geometry":{"type":"Point","coordinates":[27.472315,42.540638]}},{"type":"Feature","properties":{"lines":"15, 15А","arr":["15","15А"],"mode":"bus","angle":-80,"extra":1,"ei":4,"l0":"15, ","c0":"#b0045c","l1":"15А","c1":"#7c5001"},"geometry":{"type":"Point","coordinates":[27.471416,42.536919]}},{"type":"Feature","properties":{"lines":"15, 15А","arr":["15","15А"],"mode":"bus","angle":-70,"extra":1,"ei":5,"l0":"15, ","c0":"#b0045c","l1":"15А","c1":"#7c5001"},"geometry":{"type":"Point","coordinates":[27.470852,42.535081]}},{"type":"Feature","properties":{"lines":"15, 15А","arr":["15","15А"],"mode":"bus","angle":-69,"extra":1,"ei":6,"l0":"15, ","c0":"#b0045c","l1":"15А","c1":"#7c5001"},"geometry":{"type":"Point","coordinates":[27.46997,42.533308]}},{"type":"Feature","properties":{"lines":"15А","arr":["15А"],"mode":"bus","angle":56.1,"l0":"15А","c0":"#7c5001"},"geometry":{"type":"Point","coordinates":[27.518454,42.565626]}},{"type":"Feature","properties":{"lines":"15","arr":["15"],"mode":"bus","angle":-6.7,"l0":"15","c0":"#b0045c"},"geometry":{"type":"Point","coordinates":[27.518576,42.56627]}},{"type":"Feature","properties":{"lines":"15, 15А, Б1, Н","arr":["15","15А","Б1","Н"],"mode":"bus","angle":0.4,"side":-1,"l0":"15, ","c0":"#b0045c","l1":"15А, ","c1":"#7c5001","l2":"Б1, ","c2":"#fe6761","l3":"Н","c3":"#9789ff"},"geometry":{"type":"Point","coordinates":[27.474937,42.490588]}},{"type":"Feature","properties":{"lines":"15, 15А, Б11, Б12","arr":["15","15А","Б11","Б12"],"mode":"bus","angle":52.7,"mi":1,"l0":"15, ","c0":"#b0045c","l1":"15А, ","c1":"#7c5001","l2":"Б11, ","c2":"#11a2e3","l3":"Б12","c3":"#2d8c1b"},"geometry":{"type":"Point","coordinates":[27.477066,42.501554]}},{"type":"Feature","properties":{"lines":"15, 15А, Б11, Б12","arr":["15","15А","Б11","Б12"],"mode":"bus","angle":50.6,"l0":"15, ","c0":"#b0045c","l1":"15А, ","c1":"#7c5001","l2":"Б11, ","c2":"#11a2e3","l3":"Б12","c3":"#2d8c1b"},"geometry":{"type":"Point","coordinates":[27.474401,42.503977]}},{"type":"Feature","properties":{"lines":"15, 15А, Б11, Б12","arr":["15","15А","Б11","Б12"],"mode":"bus","angle":53.3,"extra":1,"ei":0,"l0":"15, ","c0":"#b0045c","l1":"15А, ","c1":"#7c5001","l2":"Б11, ","c2":"#11a2e3","l3":"Б12","c3":"#2d8c1b"},"geometry":{"type":"Point","coordinates":[27.478616,42.50008]}},{"type":"Feature","properties":{"lines":"15, 15А, Б11, Б12","arr":["15","15А","Б11","Б12"],"mode":"bus","angle":53.8,"extra":1,"ei":1,"l0":"15, ","c0":"#b0045c","l1":"15А, ","c1":"#7c5001","l2":"Б11, ","c2":"#11a2e3","l3":"Б12","c3":"#2d8c1b"},"geometry":{"type":"Point","coordinates":[27.475494,42.503075]}},{"type":"Feature","properties":{"lines":"15, 15А, 92","arr":["15","15А","92"],"mode":"bus","angle":-18.6,"l0":"15, ","c0":"#b0045c","l1":"15А, ","c1":"#7c5001","l2":"92","c2":"#066559"},"geometry":{"type":"Point","coordinates":[27.462917,42.531152]}},{"type":"Feature","properties":{"lines":"15, 15А, 92","arr":["15","15А","92"],"mode":"bus","angle":2.2,"side":-1,"extra":1,"ei":0,"l0":"15, ","c0":"#b0045c","l1":"15А, ","c1":"#7c5001","l2":"92","c2":"#066559"},"geometry":{"type":"Point","coordinates":[27.466265,42.531358]}},{"type":"Feature","properties":{"lines":"15, 15А, 92","arr":["15","15А","92"],"mode":"bus","angle":-26,"extra":1,"ei":0,"l0":"15, ","c0":"#b0045c","l1":"15А, ","c1":"#7c5001","l2":"92","c2":"#066559"},"geometry":{"type":"Point","coordinates":[27.4602,42.530279]}},{"type":"Feature","properties":{"lines":"15, 15А, 92","arr":["15","15А","92"],"mode":"bus","angle":-25.8,"extra":1,"ei":1,"l0":"15, ","c0":"#b0045c","l1":"15А, ","c1":"#7c5001","l2":"92","c2":"#066559"},"geometry":{"type":"Point","coordinates":[27.457914,42.529427]}},{"type":"Feature","properties":{"lines":"15, 15А","arr":["15","15А"],"mode":"bus","angle":52.4,"mi":3,"l0":"15, ","c0":"#b0045c","l1":"15А","c1":"#7c5001"},"geometry":{"type":"Point","coordinates":[27.520883,42.56239]}},{"type":"Feature","properties":{"lines":"15, 15А","arr":["15","15А"],"mode":"bus","angle":-34.7,"mi":2,"l0":"15, ","c0":"#b0045c","l1":"15А","c1":"#7c5001"},"geometry":{"type":"Point","coordinates":[27.518788,42.56108]}},{"type":"Feature","properties":{"lines":"15, 15А","arr":["15","15А"],"mode":"bus","angle":54.8,"mi":8,"l0":"15, ","c0":"#b0045c","l1":"15А","c1":"#7c5001"},"geometry":{"type":"Point","coordinates":[27.517219,42.559214]}},{"type":"Feature","properties":{"lines":"15, 15А","arr":["15","15А"],"mode":"bus","angle":-37,"mi":7,"l0":"15, ","c0":"#b0045c","l1":"15А","c1":"#7c5001"},"geometry":{"type":"Point","coordinates":[27.521958,42.560815]}},{"type":"Feature","properties":{"lines":"15, 15А","arr":["15","15А"],"mode":"bus","angle":-44.7,"extra":1,"ei":0,"l0":"15, ","c0":"#b0045c","l1":"15А","c1":"#7c5001"},"geometry":{"type":"Point","coordinates":[27.518924,42.55905]}},{"type":"Feature","properties":{"lines":"15, 15А","arr":["15","15А"],"mode":"bus","angle":-36,"extra":1,"ei":1,"l0":"15, ","c0":"#b0045c","l1":"15А","c1":"#7c5001"},"geometry":{"type":"Point","coordinates":[27.524962,42.562539]}},{"type":"Feature","properties":{"lines":"15А","arr":["15А"],"mode":"bus","angle":-89.8,"side":-1,"mi":1,"l0":"15А","c0":"#7c5001"},"geometry":{"type":"Point","coordinates":[27.519827,42.56369]}},{"type":"Feature","properties":{"lines":"17","arr":["17"],"mode":"bus","angle":4.9,"side":-1,"l0":"17","c0":"#1cab97"},"geometry":{"type":"Point","coordinates":[27.472239,42.491116]}},{"type":"Feature","properties":{"lines":"17","arr":["17"],"mode":"bus","angle":88.7,"side":-1,"mi":1,"l0":"17","c0":"#1cab97"},"geometry":{"type":"Point","coordinates":[27.475303,42.491034]}},{"type":"Feature","properties":{"lines":"17, 81, Б11, Б12, Т1","arr":["17","81","Б11","Б12","Т1"],"mode":"bus","angle":-18.3,"l0":"17, ","c0":"#1cab97","l1":"81, ","c1":"#066559","l2":"Б11, ","c2":"#11a2e3","l3":"Б12, ","c3":"#2d8c1b","l4":"Т1","c4":"#6b5806"},"geometry":{"type":"Point","coordinates":[27.455422,42.490514]}},{"type":"Feature","properties":{"lines":"17, 17А","arr":["17","17А"],"mode":"bus","angle":35.5,"side":-1,"l0":"17, ","c0":"#1cab97","l1":"17А","c1":"#992492"},"geometry":{"type":"Point","coordinates":[27.447168,42.452408]}},{"type":"Feature","properties":{"lines":"17, 17А","arr":["17","17А"],"mode":"bus","angle":79.8,"extra":1,"ei":0,"l0":"17, ","c0":"#1cab97","l1":"17А","c1":"#992492"},"geometry":{"type":"Point","coordinates":[27.43579,42.472387]}},{"type":"Feature","properties":{"lines":"17, 17А","arr":["17","17А"],"mode":"bus","angle":75.5,"side":-1,"extra":1,"ei":1,"l0":"17, ","c0":"#1cab97","l1":"17А","c1":"#992492"},"geometry":{"type":"Point","coordinates":[27.436293,42.470536]}},{"type":"Feature","properties":{"lines":"17, 17А","arr":["17","17А"],"mode":"bus","angle":77.9,"side":-1,"extra":1,"ei":2,"l0":"17, ","c0":"#1cab97","l1":"17А","c1":"#992492"},"geometry":{"type":"Point","coordinates":[27.436968,42.468716]}},{"type":"Feature","properties":{"lines":"17, 17А","arr":["17","17А"],"mode":"bus","angle":77.4,"side":-1,"extra":1,"ei":3,"l0":"17, ","c0":"#1cab97","l1":"17А","c1":"#992492"},"geometry":{"type":"Point","coordinates":[27.437528,42.466873]}},{"type":"Feature","properties":{"lines":"17, 17А","arr":["17","17А"],"mode":"bus","angle":77.1,"side":-1,"extra":1,"ei":4,"l0":"17, ","c0":"#1cab97","l1":"17А","c1":"#992492"},"geometry":{"type":"Point","coordinates":[27.438095,42.465032]}},{"type":"Feature","properties":{"lines":"17, 17А","arr":["17","17А"],"mode":"bus","angle":77.1,"side":-1,"extra":1,"ei":5,"l0":"17, ","c0":"#1cab97","l1":"17А","c1":"#992492"},"geometry":{"type":"Point","coordinates":[27.438669,42.463191]}},{"type":"Feature","properties":{"lines":"17, 17А","arr":["17","17А"],"mode":"bus","angle":77.5,"side":-1,"extra":1,"ei":6,"l0":"17, ","c0":"#1cab97","l1":"17А","c1":"#992492"},"geometry":{"type":"Point","coordinates":[27.439228,42.461348]}},{"type":"Feature","properties":{"lines":"17, 17А","arr":["17","17А"],"mode":"bus","angle":77.5,"side":-1,"extra":1,"ei":7,"l0":"17, ","c0":"#1cab97","l1":"17А","c1":"#992492"},"geometry":{"type":"Point","coordinates":[27.439785,42.459504]}},{"type":"Feature","properties":{"lines":"17, 17А","arr":["17","17А"],"mode":"bus","angle":76.3,"side":-1,"extra":1,"ei":8,"l0":"17, ","c0":"#1cab97","l1":"17А","c1":"#992492"},"geometry":{"type":"Point","coordinates":[27.440351,42.457663]}},{"type":"Feature","properties":{"lines":"17, 17А","arr":["17","17А"],"mode":"bus","angle":57.3,"side":-1,"extra":1,"ei":9,"l0":"17, ","c0":"#1cab97","l1":"17А","c1":"#992492"},"geometry":{"type":"Point","coordinates":[27.441341,42.455933]}},{"type":"Feature","properties":{"lines":"17, 17А","arr":["17","17А"],"mode":"bus","angle":37.6,"side":-1,"extra":1,"ei":10,"l0":"17, ","c0":"#1cab97","l1":"17А","c1":"#992492"},"geometry":{"type":"Point","coordinates":[27.443069,42.45455]}},{"type":"Feature","properties":{"lines":"17, 17А","arr":["17","17А"],"mode":"bus","angle":35.2,"side":-1,"extra":1,"ei":11,"l0":"17, ","c0":"#1cab97","l1":"17А","c1":"#992492"},"geometry":{"type":"Point","coordinates":[27.44516,42.453459]}},{"type":"Feature","properties":{"lines":"17, 17А","arr":["17","17А"],"mode":"bus","angle":35.5,"side":-1,"extra":1,"ei":12,"l0":"17, ","c0":"#1cab97","l1":"17А","c1":"#992492"},"geometry":{"type":"Point","coordinates":[27.449334,42.451267]}},{"type":"Feature","properties":{"lines":"17, 17А","arr":["17","17А"],"mode":"bus","angle":35.4,"side":-1,"extra":1,"ei":13,"l0":"17, ","c0":"#1cab97","l1":"17А","c1":"#992492"},"geometry":{"type":"Point","coordinates":[27.451422,42.450172]}},{"type":"Feature","properties":{"lines":"17, 17А","arr":["17","17А"],"mode":"bus","angle":35.2,"side":-1,"extra":1,"ei":14,"l0":"17, ","c0":"#1cab97","l1":"17А","c1":"#992492"},"geometry":{"type":"Point","coordinates":[27.453514,42.449082]}},{"type":"Feature","properties":{"lines":"17, 17А","arr":["17","17А"],"mode":"bus","angle":35.6,"side":-1,"extra":1,"ei":15,"l0":"17, ","c0":"#1cab97","l1":"17А","c1":"#992492"},"geometry":{"type":"Point","coordinates":[27.455601,42.447987]}},{"type":"Feature","properties":{"lines":"17, 17А","arr":["17","17А"],"mode":"bus","angle":35.3,"side":-1,"extra":1,"ei":16,"l0":"17, ","c0":"#1cab97","l1":"17А","c1":"#992492"},"geometry":{"type":"Point","coordinates":[27.457688,42.446891]}},{"type":"Feature","properties":{"lines":"17, 17А","arr":["17","17А"],"mode":"bus","angle":35.5,"side":-1,"extra":1,"ei":17,"l0":"17, ","c0":"#1cab97","l1":"17А","c1":"#992492"},"geometry":{"type":"Point","coordinates":[27.459777,42.445797]}},{"type":"Feature","properties":{"lines":"17, 17А","arr":["17","17А"],"mode":"bus","angle":35.7,"side":-1,"extra":1,"ei":18,"l0":"17, ","c0":"#1cab97","l1":"17А","c1":"#992492"},"geometry":{"type":"Point","coordinates":[27.461861,42.444698]}},{"type":"Feature","properties":{"lines":"17, 17А","arr":["17","17А"],"mode":"bus","angle":25.4,"side":-1,"extra":1,"ei":19,"l0":"17, ","c0":"#1cab97","l1":"17А","c1":"#992492"},"geometry":{"type":"Point","coordinates":[27.464038,42.443709]}},{"type":"Feature","properties":{"lines":"17, 17А","arr":["17","17А"],"mode":"bus","angle":13,"side":-1,"extra":1,"ei":20,"l0":"17, ","c0":"#1cab97","l1":"17А","c1":"#992492"},"geometry":{"type":"Point","coordinates":[27.46646,42.44311]}},{"type":"Feature","properties":{"lines":"17, 17А","arr":["17","17А"],"mode":"bus","angle":12.8,"side":-1,"extra":1,"ei":21,"l0":"17, ","c0":"#1cab97","l1":"17А","c1":"#992492"},"geometry":{"type":"Point","coordinates":[27.468958,42.442687]}},{"type":"Feature","properties":{"lines":"17, 17А","arr":["17","17А"],"mode":"bus","angle":12.8,"side":-1,"extra":1,"ei":22,"l0":"17, ","c0":"#1cab97","l1":"17А","c1":"#992492"},"geometry":{"type":"Point","coordinates":[27.471456,42.442269]}},{"type":"Feature","properties":{"lines":"17, 17А","arr":["17","17А"],"mode":"bus","angle":12.6,"side":-1,"extra":1,"ei":23,"l0":"17, ","c0":"#1cab97","l1":"17А","c1":"#992492"},"geometry":{"type":"Point","coordinates":[27.473958,42.441861]}},{"type":"Feature","properties":{"lines":"17, 17А","arr":["17","17А"],"mode":"bus","angle":-1.1,"mi":3,"l0":"17, ","c0":"#1cab97","l1":"17А","c1":"#992492"},"geometry":{"type":"Point","coordinates":[27.476216,42.441734]}},{"type":"Feature","properties":{"lines":"17, 17А","arr":["17","17А"],"mode":"bus","angle":73.1,"mi":4,"l0":"17, ","c0":"#1cab97","l1":"17А","c1":"#992492"},"geometry":{"type":"Point","coordinates":[27.476289,42.440166]}},{"type":"Feature","properties":{"lines":"17, 17А","arr":["17","17А"],"mode":"bus","angle":-56,"mi":1,"l0":"17, ","c0":"#1cab97","l1":"17А","c1":"#992492"},"geometry":{"type":"Point","coordinates":[27.478197,42.440437]}},{"type":"Feature","properties":{"lines":"17, 17А","arr":["17","17А"],"mode":"bus","angle":10.3,"extra":1,"ei":0,"l0":"17, ","c0":"#1cab97","l1":"17А","c1":"#992492"},"geometry":{"type":"Point","coordinates":[27.474575,42.441838]}},{"type":"Feature","properties":{"lines":"17, 17А","arr":["17","17А"],"mode":"bus","angle":18.5,"mi":5,"l0":"17, ","c0":"#1cab97","l1":"17А","c1":"#992492"},"geometry":{"type":"Point","coordinates":[27.476768,42.439452]}},{"type":"Feature","properties":{"lines":"17, 17А","arr":["17","17А"],"mode":"bus","angle":-11.1,"side":-1,"l0":"17, ","c0":"#1cab97","l1":"17А","c1":"#992492"},"geometry":{"type":"Point","coordinates":[27.478817,42.440832]}},{"type":"Feature","properties":{"lines":"17, 17А","arr":["17","17А"],"mode":"bus","angle":-56.9,"mi":2,"l0":"17, ","c0":"#1cab97","l1":"17А","c1":"#992492"},"geometry":{"type":"Point","coordinates":[27.481634,42.441336]}},{"type":"Feature","properties":{"lines":"17, 17А","arr":["17","17А"],"mode":"bus","angle":-56.3,"extra":1,"ei":0,"l0":"17, ","c0":"#1cab97","l1":"17А","c1":"#992492"},"geometry":{"type":"Point","coordinates":[27.483517,42.443443]}},{"type":"Feature","properties":{"lines":"17, 17А","arr":["17","17А"],"mode":"bus","angle":-38.5,"extra":1,"ei":1,"l0":"17, ","c0":"#1cab97","l1":"17А","c1":"#992492"},"geometry":{"type":"Point","coordinates":[27.480692,42.440292]}},{"type":"Feature","properties":{"lines":"17, 17А","arr":["17","17А"],"mode":"bus","angle":37,"extra":1,"ei":2,"l0":"17, ","c0":"#1cab97","l1":"17А","c1":"#992492"},"geometry":{"type":"Point","coordinates":[27.478609,42.441159]}},{"type":"Feature","properties":{"lines":"17, 17А","arr":["17","17А"],"mode":"bus","angle":-24.6,"mi":6,"l0":"17, ","c0":"#1cab97","l1":"17А","c1":"#992492"},"geometry":{"type":"Point","coordinates":[27.485673,42.44488]}},{"type":"Feature","properties":{"lines":"17","arr":["17"],"mode":"bus","angle":-24.5,"l0":"17","c0":"#1cab97"},"geometry":{"type":"Point","coordinates":[27.487476,42.445487]}},{"type":"Feature","properties":{"lines":"81","arr":["81"],"mode":"bus","angle":68.3,"l0":"81","c0":"#066559"},"geometry":{"type":"Point","coordinates":[27.438936,42.476062]}},{"type":"Feature","properties":{"lines":"81, 82","arr":["81","82"],"mode":"bus","angle":72.7,"l0":"81, ","c0":"#066559","l1":"82","c1":"#999f01"},"geometry":{"type":"Point","coordinates":[27.440813,42.471709]}},{"type":"Feature","properties":{"lines":"81, 82","arr":["81","82"],"mode":"bus","angle":72.6,"extra":1,"ei":0,"l0":"81, ","c0":"#066559","l1":"82","c1":"#999f01"},"geometry":{"type":"Point","coordinates":[27.442234,42.468441]}},{"type":"Feature","properties":{"lines":"81, 82","arr":["81","82"],"mode":"bus","angle":72.1,"extra":1,"ei":1,"l0":"81, ","c0":"#066559","l1":"82","c1":"#999f01"},"geometry":{"type":"Point","coordinates":[27.441465,42.470243]}},{"type":"Feature","properties":{"lines":"81, 82","arr":["81","82"],"mode":"bus","angle":73.2,"extra":1,"ei":2,"l0":"81, ","c0":"#066559","l1":"82","c1":"#999f01"},"geometry":{"type":"Point","coordinates":[27.439894,42.473837]}},{"type":"Feature","properties":{"lines":"81, 82","arr":["81","82"],"mode":"bus","angle":71.6,"extra":1,"ei":3,"l0":"81, ","c0":"#066559","l1":"82","c1":"#999f01"},"geometry":{"type":"Point","coordinates":[27.439136,42.475641]}},{"type":"Feature","properties":{"lines":"82","arr":["82"],"mode":"bus","angle":-61.6,"l0":"82","c0":"#999f01"},"geometry":{"type":"Point","coordinates":[27.439031,42.475977]}},{"type":"Feature","properties":{"lines":"92","arr":["92"],"mode":"bus","angle":-63.6,"l0":"92","c0":"#066559"},"geometry":{"type":"Point","coordinates":[27.402529,42.457036]}},{"type":"Feature","properties":{"lines":"92","arr":["92"],"mode":"bus","angle":46.8,"mi":1,"l0":"92","c0":"#066559"},"geometry":{"type":"Point","coordinates":[27.402277,42.45782]}},{"type":"Feature","properties":{"lines":"Б1, Б2, Б9, Б12, Бо, Н","arr":["Б1","Б2","Б9","Б12","Бо","Н"],"mode":"bus","angle":-53.4,"l0":"Б1, ","c0":"#fe6761","l1":"Б2, ","c1":"#095d97","l2":"Б9, ","c2":"#1cab97","l3":"Б12, ","c3":"#2d8c1b","l4":"Бо, ","c4":"#cf8a11","l5":"Н","c5":"#9789ff"},"geometry":{"type":"Point","coordinates":[27.419483,42.452509]}},{"type":"Feature","properties":{"lines":"Б1, Б2, Б12, Бо, Н","arr":["Б1","Б2","Б12","Бо","Н"],"mode":"bus","angle":59.5,"l0":"Б1, ","c0":"#fe6761","l1":"Б2, ","c1":"#095d97","l2":"Б12, ","c2":"#2d8c1b","l3":"Бо, ","c3":"#cf8a11","l4":"Н","c4":"#9789ff"},"geometry":{"type":"Point","coordinates":[27.41882,42.455074]}},{"type":"Feature","properties":{"lines":"Б1, Б2, Б12, Бо, Н","arr":["Б1","Б2","Б12","Бо","Н"],"mode":"bus","angle":60.9,"extra":1,"ei":0,"l0":"Б1, ","c0":"#fe6761","l1":"Б2, ","c1":"#095d97","l2":"Б12, ","c2":"#2d8c1b","l3":"Бо, ","c3":"#cf8a11","l4":"Н","c4":"#9789ff"},"geometry":{"type":"Point","coordinates":[27.419775,42.453842]}},{"type":"Feature","properties":{"lines":"Б1, Б2, Б12, Бо, Н","arr":["Б1","Б2","Б12","Бо","Н"],"mode":"bus","angle":58.1,"extra":1,"ei":1,"l0":"Б1, ","c0":"#fe6761","l1":"Б2, ","c1":"#095d97","l2":"Б12, ","c2":"#2d8c1b","l3":"Бо, ","c3":"#cf8a11","l4":"Н","c4":"#9789ff"},"geometry":{"type":"Point","coordinates":[27.417194,42.457105]}},{"type":"Feature","properties":{"lines":"Б1, Б2, Н","arr":["Б1","Б2","Н"],"mode":"bus","angle":75,"side":-1,"l0":"Б1, ","c0":"#fe6761","l1":"Б2, ","c1":"#095d97","l2":"Н","c2":"#9789ff"},"geometry":{"type":"Point","coordinates":[27.469569,42.504556]}},{"type":"Feature","properties":{"lines":"Б1, Б2, Н","arr":["Б1","Б2","Н"],"mode":"bus","angle":74.7,"side":-1,"extra":1,"ei":0,"l0":"Б1, ","c0":"#fe6761","l1":"Б2, ","c1":"#095d97","l2":"Н","c2":"#9789ff"},"geometry":{"type":"Point","coordinates":[27.469148,42.505694]}},{"type":"Feature","properties":{"lines":"Б1, Б2, Н","arr":["Б1","Б2","Н"],"mode":"bus","angle":70,"side":-1,"mi":1,"l0":"Б1, ","c0":"#fe6761","l1":"Б2, ","c1":"#095d97","l2":"Н","c2":"#9789ff"},"geometry":{"type":"Point","coordinates":[27.467972,42.508645]}},{"type":"Feature","properties":{"lines":"Б1, Б2, Н","arr":["Б1","Б2","Н"],"mode":"bus","angle":73.7,"side":-1,"extra":1,"ei":0,"l0":"Б1, ","c0":"#fe6761","l1":"Б2, ","c1":"#095d97","l2":"Н","c2":"#9789ff"},"geometry":{"type":"Point","coordinates":[27.468619,42.507056]}},{"type":"Feature","properties":{"lines":"Б1, Б2, Н","arr":["Б1","Б2","Н"],"mode":"bus","angle":58,"side":-1,"extra":1,"ei":1,"l0":"Б1, ","c0":"#fe6761","l1":"Б2, ","c1":"#095d97","l2":"Н","c2":"#9789ff"},"geometry":{"type":"Point","coordinates":[27.466602,42.510501]}},{"type":"Feature","properties":{"lines":"Б1","arr":["Б1"],"mode":"bus","angle":-49.8,"side":-1,"l0":"Б1","c0":"#fe6761"},"geometry":{"type":"Point","coordinates":[27.462182,42.517791]}},{"type":"Feature","properties":{"lines":"Б1, Б11","arr":["Б1","Б11"],"mode":"bus","angle":48.4,"side":-1,"l0":"Б1, ","c0":"#fe6761","l1":"Б11","c1":"#11a2e3"},"geometry":{"type":"Point","coordinates":[27.46506,42.521488]}},{"type":"Feature","properties":{"lines":"Б1, Б11","arr":["Б1","Б11"],"mode":"bus","angle":28.9,"mi":1,"l0":"Б1, ","c0":"#fe6761","l1":"Б11","c1":"#11a2e3"},"geometry":{"type":"Point","coordinates":[27.463365,42.52233]}},{"type":"Feature","properties":{"lines":"Б11","arr":["Б11"],"mode":"bus","angle":-84.3,"l0":"Б11","c0":"#11a2e3"},"geometry":{"type":"Point","coordinates":[27.45882,42.525226]}},{"type":"Feature","properties":{"lines":"Б11","arr":["Б11"],"mode":"bus","angle":19.6,"extra":1,"ei":0,"l0":"Б11","c0":"#11a2e3"},"geometry":{"type":"Point","coordinates":[27.460677,42.523245]}},{"type":"Feature","properties":{"lines":"Б11","arr":["Б11"],"mode":"bus","angle":67.3,"extra":1,"ei":1,"l0":"Б11","c0":"#11a2e3"},"geometry":{"type":"Point","coordinates":[27.458083,42.528162]}},{"type":"Feature","properties":{"lines":"Б1","arr":["Б1"],"mode":"bus","angle":-53.4,"mi":1,"l0":"Б1","c0":"#fe6761"},"geometry":{"type":"Point","coordinates":[27.463801,42.524636]}},{"type":"Feature","properties":{"lines":"Б1","arr":["Б1"],"mode":"bus","angle":-48.4,"extra":1,"ei":0,"l0":"Б1","c0":"#fe6761"},"geometry":{"type":"Point","coordinates":[27.462739,42.523634]}},{"type":"Feature","properties":{"lines":"Б1, Б2, Б9, Б12, Бо","arr":["Б1","Б2","Б9","Б12","Бо"],"mode":"bus","angle":59.8,"side":-1,"l0":"Б1, ","c0":"#fe6761","l1":"Б2, ","c1":"#095d97","l2":"Б9, ","c2":"#1cab97","l3":"Б12, ","c3":"#2d8c1b","l4":"Бо","c4":"#cf8a11"},"geometry":{"type":"Point","coordinates":[27.418621,42.455009]}},{"type":"Feature","properties":{"lines":"Б1, Б2, Б9, Б12, Бо","arr":["Б1","Б2","Б9","Б12","Бо"],"mode":"bus","angle":59.9,"side":-1,"extra":1,"ei":0,"l0":"Б1, ","c0":"#fe6761","l1":"Б2, ","c1":"#095d97","l2":"Б9, ","c2":"#1cab97","l3":"Б12, ","c3":"#2d8c1b","l4":"Бо","c4":"#cf8a11"},"geometry":{"type":"Point","coordinates":[27.417643,42.456252]}},{"type":"Feature","properties":{"lines":"Б1, Б2, Б9, Б12, Бо","arr":["Б1","Б2","Б9","Б12","Бо"],"mode":"bus","angle":59.8,"side":-1,"extra":1,"ei":1,"l0":"Б1, ","c0":"#fe6761","l1":"Б2, ","c1":"#095d97","l2":"Б9, ","c2":"#1cab97","l3":"Б12, ","c3":"#2d8c1b","l4":"Бо","c4":"#cf8a11"},"geometry":{"type":"Point","coordinates":[27.420202,42.452979]}},{"type":"Feature","properties":{"lines":"Б2, Н","arr":["Б2","Н"],"mode":"bus","angle":74.5,"l0":"Б2, ","c0":"#095d97","l1":"Н","c1":"#9789ff"},"geometry":{"type":"Point","coordinates":[27.469612,42.504762]}},{"type":"Feature","properties":{"lines":"Б2, Н","arr":["Б2","Н"],"mode":"bus","angle":54.7,"mi":3,"l0":"Б2, ","c0":"#095d97","l1":"Н","c1":"#9789ff"},"geometry":{"type":"Point","coordinates":[27.456955,42.521775]}},{"type":"Feature","properties":{"lines":"Б2, Н","arr":["Б2","Н"],"mode":"bus","angle":-33.7,"l0":"Б2, ","c0":"#095d97","l1":"Н","c1":"#9789ff"},"geometry":{"type":"Point","coordinates":[27.45212,42.520221]}},{"type":"Feature","properties":{"lines":"Б2, Н","arr":["Б2","Н"],"mode":"bus","angle":-42.5,"mi":1,"l0":"Б2, ","c0":"#095d97","l1":"Н","c1":"#9789ff"},"geometry":{"type":"Point","coordinates":[27.448562,42.51736]}},{"type":"Feature","properties":{"lines":"Б2, Н","arr":["Б2","Н"],"mode":"bus","angle":-27,"extra":1,"ei":0,"l0":"Б2, ","c0":"#095d97","l1":"Н","c1":"#9789ff"},"geometry":{"type":"Point","coordinates":[27.455414,42.521647]}},{"type":"Feature","properties":{"lines":"Б2, Н","arr":["Б2","Н"],"mode":"bus","angle":-47,"side":-1,"mi":2,"l0":"Б2, ","c0":"#095d97","l1":"Н","c1":"#9789ff"},"geometry":{"type":"Point","coordinates":[27.448104,42.51672]}},{"type":"Feature","properties":{"lines":"Т1","arr":["Т1"],"mode":"bus","angle":-52.5,"l0":"Т1","c0":"#6b5806"},"geometry":{"type":"Point","coordinates":[27.461184,42.491707]}},{"type":"Feature","properties":{"lines":"Б11, Б12, Т1","arr":["Б11","Б12","Т1"],"mode":"bus","angle":20.5,"l0":"Б11, ","c0":"#11a2e3","l1":"Б12, ","c1":"#2d8c1b","l2":"Т1","c2":"#6b5806"},"geometry":{"type":"Point","coordinates":[27.418858,42.45193]}},{"type":"Feature","properties":{"lines":"Б11","arr":["Б11"],"mode":"bus","angle":36.8,"mi":1,"l0":"Б11","c0":"#11a2e3"},"geometry":{"type":"Point","coordinates":[27.465155,42.521561]}},{"type":"Feature","properties":{"lines":"Бо","arr":["Бо"],"mode":"bus","angle":-51.8,"side":-1,"l0":"Бо","c0":"#cf8a11"},"geometry":{"type":"Point","coordinates":[27.456524,42.499057]}},{"type":"Feature","properties":{"lines":"Бо","arr":["Бо"],"mode":"bus","angle":-50.5,"side":-1,"extra":1,"ei":0,"l0":"Бо","c0":"#cf8a11"},"geometry":{"type":"Point","coordinates":[27.451291,42.4942]}},{"type":"Feature","properties":{"lines":"Бо","arr":["Бо"],"mode":"bus","angle":-51.2,"side":-1,"extra":1,"ei":1,"l0":"Бо","c0":"#cf8a11"},"geometry":{"type":"Point","coordinates":[27.452921,42.495657]}},{"type":"Feature","properties":{"lines":"Бо","arr":["Бо"],"mode":"bus","angle":-52.2,"side":-1,"extra":1,"ei":2,"l0":"Бо","c0":"#cf8a11"},"geometry":{"type":"Point","coordinates":[27.454493,42.497149]}},{"type":"Feature","properties":{"lines":"Бо","arr":["Бо"],"mode":"bus","angle":-51.8,"side":-1,"extra":1,"ei":3,"l0":"Бо","c0":"#cf8a11"},"geometry":{"type":"Point","coordinates":[27.457658,42.500119]}},{"type":"Feature","properties":{"lines":"Бо","arr":["Бо"],"mode":"bus","angle":-51.1,"side":-1,"extra":1,"ei":4,"l0":"Бо","c0":"#cf8a11"},"geometry":{"type":"Point","coordinates":[27.459244,42.501602]}},{"type":"Feature","properties":{"lines":"Бо","arr":["Бо"],"mode":"bus","angle":-52,"side":-1,"extra":1,"ei":5,"l0":"Бо","c0":"#cf8a11"},"geometry":{"type":"Point","coordinates":[27.460868,42.503063]}},{"type":"Feature","properties":{"lines":"Бо","arr":["Бо"],"mode":"bus","angle":-60.7,"side":-1,"extra":1,"ei":6,"l0":"Бо","c0":"#cf8a11"},"geometry":{"type":"Point","coordinates":[27.462346,42.504602]}},{"type":"Feature","properties":{"lines":"Бо","arr":["Бо"],"mode":"bus","angle":73,"side":-1,"mi":1,"l0":"Бо","c0":"#cf8a11"},"geometry":{"type":"Point","coordinates":[27.462046,42.50482]}},{"type":"Feature","properties":{"lines":"Т1","arr":["Т1"],"mode":"bus","angle":-44,"side":-1,"l0":"Т1","c0":"#6b5806"},"geometry":{"type":"Point","coordinates":[27.458482,42.50081]}}]}